{"type":"FeatureCollection","features":[{"type":"Feature","properties":{"nivel":"Interregionales","ancho":6.0,"color":["#000000"]},"geometry":{"type":"LineString","coordinates":[[-71.4991901,-16.4213142],[-71.5004237,-16.4223512],[-71.5019371,-16.4231114],[-71.5032107,-16.4238745],[-71.505019,-16.4255355],[-71.5056565,-16.4259696],[-71.5061184,-16.4263006],[-71.5071718,-16.426877],[-71.507391,-16.4269795],[-71.50761,-16.427061],[-71.507894,-16.4271208],[-71.5084622,-16.4272402],[-71.5094889,-16.4274382],[-71.5104068,-16.4276376],[-71.5110408,-16.4277982],[-71.5114782,-16.4279192],[-71.5119382,-16.428103],[-71.512442,-16.4283073],[-71.5126828,-16.4283885],[-71.5129668,-16.4284482],[-71.5131853,-16.4284877],[-71.5134909,-16.4285261],[-71.5139051,-16.4285422],[-71.5141884,-16.4285388],[-71.5144711,-16.4284933],[-71.5149929,-16.4284029],[-71.5153187,-16.4283149],[-71.5153402,-16.4282936],[-71.515362,-16.4282933],[-71.5153838,-16.4282931],[-71.5154056,-16.4282928],[-71.5154273,-16.4282926],[-71.5154491,-16.4282923],[-71.5154709,-16.428292],[-71.5154927,-16.4282918],[-71.515536,-16.4282702],[-71.5155578,-16.42827],[-71.5155796,-16.4282697],[-71.5156014,-16.4282694],[-71.5156232,-16.4282692],[-71.515645,-16.4282689],[-71.5156668,-16.4282686],[-71.5156883,-16.4282474],[-71.5157101,-16.4282471],[-71.5157536,-16.4282466],[-71.5157754,-16.4282463],[-71.5157972,-16.4282461],[-71.515819,-16.4282458],[-71.5158408,-16.4282455],[-71.5158626,-16.4282453],[-71.5159059,-16.4282237],[-71.5159277,-16.4282235],[-71.5159495,-16.4282232],[-71.5159713,-16.4282229],[-71.515971,-16.4282019],[-71.5160146,-16.4282014],[-71.5160579,-16.4281798],[-71.5161227,-16.428137],[-71.516166,-16.4281154],[-71.5162093,-16.4280939],[-71.5162526,-16.4280723],[-71.5163174,-16.4280295],[-71.5163825,-16.4280077],[-71.5164256,-16.4279651],[-71.5164907,-16.4279433],[-71.5165773,-16.4279002],[-71.5166421,-16.4278573],[-71.5167287,-16.4278142],[-71.5167938,-16.4277924],[-71.5168586,-16.4277496],[-71.5169019,-16.427728],[-71.516967,-16.4277062],[-71.5170319,-16.4276633],[-71.5171185,-16.4276202],[-71.5172051,-16.4275771],[-71.5172699,-16.4275343],[-71.5173565,-16.4274912],[-71.5174216,-16.4274694],[-71.5174864,-16.4274265],[-71.517573,-16.4273834],[-71.5176379,-16.4273406],[-71.5177248,-16.4273185],[-71.5178111,-16.4272544],[-71.5178762,-16.4272326],[-71.5179628,-16.4271894],[-71.5180494,-16.4271463],[-71.5181363,-16.4271243],[-71.5181793,-16.4270817],[-71.5182662,-16.4270596],[-71.5183528,-16.4270165],[-71.518461,-16.4269521],[-71.518526,-16.4269303],[-71.5185909,-16.4268874],[-71.5186342,-16.4268659],[-71.5186993,-16.4268441],[-71.5187426,-16.4268225],[-71.5187859,-16.426801],[-71.5188289,-16.4267584],[-71.518894,-16.4267366],[-71.5189373,-16.426715],[-71.5190021,-16.4266722],[-71.5190672,-16.4266504],[-71.5191321,-16.4266075],[-71.5191969,-16.4265647],[-71.519262,-16.4265429],[-71.519305,-16.4265003],[-71.5193483,-16.4264787],[-71.5194134,-16.4264569],[-71.5194567,-16.4264353],[-71.5195,-16.4264138],[-71.5195431,-16.4263712],[-71.5195864,-16.4263497],[-71.5196515,-16.4263278],[-71.5197166,-16.426306],[-71.5197814,-16.4262632],[-71.5198462,-16.4262203],[-71.5199543,-16.4261559],[-71.5200194,-16.4261341],[-71.520106,-16.426091],[-71.5201491,-16.4260484],[-71.5202142,-16.4260266],[-71.520279,-16.4259838],[-71.5203223,-16.4259622],[-71.5203656,-16.4259407],[-71.5203871,-16.4259194],[-71.5204522,-16.4258976],[-71.5204955,-16.425876],[-71.5205603,-16.4258332],[-71.5206036,-16.4258116],[-71.5206685,-16.4257688],[-71.5207551,-16.4257257],[-71.5208202,-16.4257038],[-71.520885,-16.425661],[-71.5209716,-16.4256179],[-71.5210364,-16.425575],[-71.521123,-16.4255319],[-71.5212312,-16.4254675],[-71.521318,-16.4254455],[-71.5214262,-16.4253811],[-71.521513,-16.425359],[-71.5216217,-16.4253366],[-71.5216868,-16.4253148],[-71.5217737,-16.4252928],[-71.5218391,-16.425292],[-71.521948,-16.4252907],[-71.5220349,-16.4252686],[-71.5221438,-16.4252673],[-71.5222528,-16.425266],[-71.5223617,-16.4252647],[-71.5224489,-16.4252636],[-71.522536,-16.4252626],[-71.5226016,-16.4252828],[-71.5226888,-16.4252818],[-71.5227542,-16.425281],[-71.5228413,-16.4252799],[-71.5229067,-16.4252791],[-71.5229723,-16.4252994],[-71.5230813,-16.4252981],[-71.5231466,-16.4252973],[-71.5232338,-16.4252962],[-71.5232991,-16.4252954],[-71.5233863,-16.4252944],[-71.5234952,-16.4252931],[-71.5236044,-16.4253128],[-71.523757,-16.425311],[-71.5239313,-16.4253089],[-71.5240623,-16.4253283],[-71.5243237,-16.4253252],[-71.5244762,-16.4253234],[-71.5246288,-16.4253215],[-71.5247162,-16.4253415],[-71.5248469,-16.4253399],[-71.5250648,-16.4253373],[-71.5252394,-16.4253562],[-71.5253047,-16.4253555],[-71.5253483,-16.4253549],[-71.5254137,-16.4253541],[-71.5254573,-16.4253536],[-71.5255444,-16.4253526],[-71.5256318,-16.4253725],[-71.525719,-16.4253715],[-71.5257844,-16.4253707],[-71.5258497,-16.4253699],[-71.5259151,-16.4253691],[-71.5259804,-16.4253684],[-71.5260461,-16.4253886],[-71.5260897,-16.4253881],[-71.526155,-16.4253873],[-71.5262422,-16.4253862],[-71.5263075,-16.4253854],[-71.5263729,-16.4253847],[-71.5264601,-16.4253836],[-71.5265475,-16.4254036],[-71.5266346,-16.4254025],[-71.5267,-16.4254018],[-71.5267872,-16.4254007],[-71.5268961,-16.4253994],[-71.5270053,-16.4254191],[-71.5271143,-16.4254178],[-71.5272232,-16.4254165],[-71.5273103,-16.4254154],[-71.5274193,-16.4254141],[-71.5274846,-16.4254133],[-71.5275718,-16.4254123],[-71.5276592,-16.4254323],[-71.5277246,-16.4254315],[-71.52779,-16.4254307],[-71.5278553,-16.4254299],[-71.5279427,-16.4254499],[-71.5280081,-16.4254491],[-71.5280735,-16.4254483],[-71.5281606,-16.4254473],[-71.5282698,-16.425467],[-71.5283788,-16.4254657],[-71.5284659,-16.4254646],[-71.5285749,-16.4254633],[-71.5286623,-16.4254833],[-71.5287712,-16.425482],[-71.5288802,-16.4254806],[-71.5289894,-16.4255004],[-71.5290765,-16.4254993],[-71.5291201,-16.4254988],[-71.5292291,-16.4254975],[-71.5293162,-16.4254964],[-71.5293819,-16.4255167],[-71.529469,-16.4255156],[-71.5295562,-16.4255146],[-71.5296869,-16.425513],[-71.5297958,-16.4255117],[-71.5299266,-16.4255101],[-71.5300137,-16.425509],[-71.5300791,-16.4255083],[-71.5301662,-16.4255072],[-71.5302752,-16.4255059],[-71.5303841,-16.4255046],[-71.5304713,-16.4255035],[-71.5305802,-16.4255022],[-71.5307109,-16.4255006],[-71.5308419,-16.4255201],[-71.5308855,-16.4255196],[-71.5309727,-16.4255185],[-71.5311031,-16.4254959],[-71.5311688,-16.4255162],[-71.5312556,-16.4254941],[-71.5313648,-16.4255138],[-71.5315391,-16.4255117],[-71.5316699,-16.4255101],[-71.5318006,-16.4255085],[-71.5319313,-16.4255069],[-71.5320621,-16.4255054],[-71.532171,-16.4255041],[-71.5323889,-16.4255014],[-71.5325414,-16.4254996],[-71.5327375,-16.4254972],[-71.53289,-16.4254954],[-71.5330205,-16.4254728],[-71.5331297,-16.4254925],[-71.5332168,-16.4254914],[-71.5333043,-16.4255114],[-71.5335003,-16.425509],[-71.5336314,-16.4255285],[-71.5336967,-16.4255277],[-71.5337624,-16.4255479],[-71.5338713,-16.4255466],[-71.5339584,-16.4255456],[-71.5340456,-16.4255445],[-71.5341327,-16.4255435],[-71.5342414,-16.4255211],[-71.5343286,-16.4255201],[-71.5344375,-16.4255188],[-71.5345244,-16.4254967],[-71.5346333,-16.4254954],[-71.534742,-16.425473],[-71.5348289,-16.4254509],[-71.5349596,-16.4254493],[-71.5350029,-16.4254278],[-71.5351116,-16.4254054],[-71.5352202,-16.4253831],[-71.5353071,-16.425361],[-71.5353943,-16.42536],[-71.5354812,-16.4253379],[-71.5355462,-16.4253161],[-71.5356331,-16.425294],[-71.53572,-16.4252719],[-71.535872,-16.425228],[-71.5360022,-16.4251844],[-71.5361108,-16.425162],[-71.5361977,-16.4251399],[-71.5363279,-16.4250963],[-71.5363932,-16.4250955],[-71.5364801,-16.4250734],[-71.5365452,-16.4250516],[-71.5366321,-16.4250295],[-71.536719,-16.4250074],[-71.5368492,-16.4249638],[-71.5369578,-16.4249414],[-71.537088,-16.4248978],[-71.5371964,-16.4248544],[-71.5373048,-16.424811],[-71.5374135,-16.4247887],[-71.5374783,-16.4247459],[-71.5376085,-16.4247022],[-71.5377169,-16.4246588],[-71.5378468,-16.4245942],[-71.5379552,-16.4245508],[-71.5380635,-16.4245074],[-71.5381719,-16.424464],[-71.5383451,-16.4243778],[-71.5385837,-16.4242908],[-71.5387354,-16.4242259],[-71.538822,-16.4241827],[-71.5389086,-16.4241396],[-71.5389955,-16.4241175],[-71.5391039,-16.4240742],[-71.5392556,-16.4240092],[-71.5393422,-16.4239661],[-71.5394291,-16.423944],[-71.5395593,-16.4239004],[-71.5396674,-16.423836],[-71.5398193,-16.4237921],[-71.539971,-16.4237271],[-71.5400794,-16.4236838],[-71.5402096,-16.4236401],[-71.5404049,-16.4235747],[-71.5405999,-16.4234882],[-71.5408167,-16.4234014],[-71.5411418,-16.4232713],[-71.5414022,-16.423184],[-71.5414891,-16.4231619],[-71.5415539,-16.4231191],[-71.5416408,-16.423097],[-71.5417494,-16.4230746],[-71.5418802,-16.423073],[-71.541967,-16.423051],[-71.5422064,-16.423027],[-71.5424022,-16.4230036],[-71.5426855,-16.4230002],[-71.5430553,-16.4229536],[-71.5431425,-16.4229526],[-71.5432514,-16.4229513],[-71.5433819,-16.4229286],[-71.5435338,-16.4228847],[-71.5436422,-16.4228414],[-71.5437503,-16.422777],[-71.54388,-16.4226912],[-71.5439881,-16.4226268],[-71.5443113,-16.4223495],[-71.5455602,-16.4211986],[-71.5476277,-16.4193226],[-71.5485539,-16.4184911],[-71.5491783,-16.4179156],[-71.5498463,-16.4173396],[-71.5504277,-16.4168067],[-71.5509663,-16.4163375],[-71.5513323,-16.4159965],[-71.5521288,-16.4152507],[-71.5524517,-16.4149523],[-71.5530328,-16.4143984],[-71.5533776,-16.4140997],[-71.5538299,-16.4136946],[-71.5540447,-16.4134606],[-71.5540877,-16.413418],[-71.5541308,-16.4133755],[-71.5541732,-16.4132908],[-71.5541942,-16.4132275],[-71.5542152,-16.4131641],[-71.5542143,-16.413101],[-71.5542132,-16.4130169],[-71.5541904,-16.412933],[-71.5541895,-16.41287],[-71.5541664,-16.4127651],[-71.5541214,-16.4126605],[-71.5540759,-16.4125138],[-71.5539637,-16.4122628],[-71.5519618,-16.4091322],[-71.5516943,-16.4086727],[-71.5515148,-16.4082753],[-71.5513677,-16.4070151],[-71.5514736,-16.4067825],[-71.5515798,-16.4065708],[-71.5524779,-16.4035943],[-71.5529785,-16.4018846],[-71.5538755,-16.3988239],[-71.5545424,-16.3965022],[-71.554835,-16.3955522],[-71.5553411,-16.3942631],[-71.5557179,-16.3930807],[-71.5559261,-16.392342],[-71.5561343,-16.3916033],[-71.5564063,-16.3907377],[-71.5566986,-16.3897666],[-71.5567607,-16.3895134],[-71.5569284,-16.3890066],[-71.5570505,-16.3883531],[-71.5571548,-16.3879943],[-71.5571959,-16.3878045],[-71.5572577,-16.3875303],[-71.5572775,-16.3873829],[-71.5573178,-16.38713],[-71.5573371,-16.3869405],[-71.5573777,-16.3867086],[-71.5573959,-16.386435],[-71.5573893,-16.3859302],[-71.5573389,-16.385405],[-71.5572614,-16.3844805],[-71.5572681,-16.3833237],[-71.5572648,-16.3830713],[-71.5574384,-16.3813445],[-71.55752,-16.3809229],[-71.5577897,-16.379889],[-71.5579748,-16.3790454],[-71.5584241,-16.3767474],[-71.5589809,-16.3743429],[-71.5594757,-16.3721916],[-71.5598472,-16.3706096],[-71.5604454,-16.3680363],[-71.5613339,-16.3643448],[-71.5616844,-16.3628262],[-71.5618499,-16.3621511],[-71.5619731,-16.3615818],[-71.5620346,-16.3612866],[-71.5621392,-16.3609488],[-71.5621805,-16.36078],[-71.5623501,-16.3604204],[-71.5624565,-16.3602298],[-71.5625842,-16.3599969],[-71.5627124,-16.359806],[-71.5628409,-16.3596362],[-71.5634417,-16.3589348],[-71.564601,-16.3576377],[-71.5657176,-16.3564042],[-71.5665117,-16.3554901],[-71.5674551,-16.3543429],[-71.5690225,-16.3525991],[-71.569817,-16.3517271],[-71.5715338,-16.3497501],[-71.5734862,-16.3474758],[-71.5749241,-16.3458387],[-71.5760185,-16.3445844],[-71.5771565,-16.3433296],[-71.5776756,-16.3430498],[-71.5781743,-16.3428754],[-71.5789569,-16.3427607],[-71.5796533,-16.3427101],[-71.5822876,-16.3426148],[-71.5837241,-16.3425341],[-71.58466,-16.3424805],[-71.5853768,-16.3423245],[-71.5858967,-16.3421078],[-71.5865241,-16.3417846],[-71.5874947,-16.3410576],[-71.5881843,-16.3405023],[-71.5888531,-16.3400103],[-71.589392,-16.3395831],[-71.5898862,-16.3390722],[-71.5902707,-16.3384996],[-71.5909474,-16.336956],[-71.5920644,-16.3341239],[-71.593077,-16.3316296]]}},{"type":"Feature","properties":{"nivel":"Interregionales","ancho":6.0,"color":["#000000"]},"geometry":{"type":"LineString","coordinates":[[-71.5848164,-16.4055755],[-71.5817844,-16.4053183],[-71.5758738,-16.4048651],[-71.5684577,-16.4042619],[-71.5678262,-16.4042906],[-71.567305,-16.4044232],[-71.562825,-16.4067284],[-71.5595369,-16.4085562],[-71.5541953,-16.4133116]]}},{"type":"Feature","properties":{"nivel":"Segundo nivel","ancho":5.04,"color":["#000000"]},"geometry":{"type":"LineString","coordinates":[[-71.5435072,-16.4040817],[-71.5433522,-16.4038943],[-71.5429271,-16.4030371],[-71.5428114,-16.4025127],[-71.5428002,-16.4016505],[-71.5427489,-16.4010622],[-71.5421239,-16.3999129],[-71.5417606,-16.3987816],[-71.5414866,-16.3978174],[-71.5411081,-16.397191],[-71.5403998,-16.3963372],[-71.5397621,-16.3958822],[-71.5393421,-16.3954245],[-71.5390962,-16.3949437],[-71.5389797,-16.3943562],[-71.5388416,-16.39379],[-71.538727,-16.3933497],[-71.538328,-16.3928287],[-71.5380639,-16.3926215],[-71.5377366,-16.3925834],[-71.537302,-16.3926728],[-71.5368908,-16.3928881],[-71.5364796,-16.3931034],[-71.5360894,-16.3932553],[-71.5357853,-16.3933221],[-71.5355244,-16.3933673],[-71.5350843,-16.3930361],[-71.5347301,-16.3925987],[-71.5342236,-16.3921841],[-71.5338519,-16.3920834],[-71.5331314,-16.3919659],[-71.5325206,-16.3919102],[-71.5321293,-16.391978],[-71.5316936,-16.3919832],[-71.5311482,-16.3919267],[-71.5304241,-16.3915358],[-71.5299201,-16.3913105],[-71.5294618,-16.3912529],[-71.5288952,-16.3912387],[-71.5286969,-16.3910728],[-71.5282555,-16.3906364],[-71.5279258,-16.390409],[-71.5268698,-16.3896225],[-71.5266754,-16.389751],[-71.5262498,-16.3905344],[-71.5256678,-16.3910251],[-71.5238558,-16.3924351],[-71.5205125,-16.3950623],[-71.5178807,-16.397113],[-71.5150732,-16.3990606],[-71.5165348,-16.4008941],[-71.5175543,-16.402228],[-71.5179543,-16.4028331],[-71.5183744,-16.4033119],[-71.518617,-16.4035403],[-71.5202433,-16.4046145],[-71.5216705,-16.4054598],[-71.5224392,-16.4059343],[-71.523385,-16.406617],[-71.5244138,-16.4069833],[-71.525227,-16.4075204],[-71.5259516,-16.4079533],[-71.5277672,-16.4084994],[-71.5290139,-16.408863],[-71.530741,-16.4093049],[-71.5331318,-16.410517],[-71.5345819,-16.411446],[-71.53529,-16.4122787],[-71.5362759,-16.4126875],[-71.5369749,-16.4128263],[-71.537808,-16.4132158],[-71.5389674,-16.4135594],[-71.5399949,-16.4138204],[-71.5413503,-16.4141615],[-71.5428315,-16.4141226],[-71.5442463,-16.4140003],[-71.5447798,-16.4148141],[-71.5453534,-16.415354],[-71.5461217,-16.4157863],[-71.5469779,-16.4162807],[-71.5479655,-16.4168156],[-71.5486109,-16.4161768],[-71.5493235,-16.4156844],[-71.5497758,-16.4152793],[-71.5491069,-16.4141096],[-71.5489919,-16.4136482],[-71.5489859,-16.4131856],[-71.5488668,-16.4124088],[-71.5487761,-16.4121365],[-71.5485084,-16.411656],[-71.5484844,-16.411488],[-71.5481747,-16.4111342],[-71.5479762,-16.4109473],[-71.5475396,-16.4108895],[-71.5474062,-16.4106808],[-71.5470325,-16.410433],[-71.5467422,-16.4098896],[-71.5466281,-16.4094914],[-71.5464262,-16.4090522],[-71.5461607,-16.4087399],[-71.5453448,-16.4079926],[-71.5450261,-16.4069448],[-71.5449609,-16.405284],[-71.5444323,-16.4048487],[-71.5435072,-16.4040817]]}},{"type":"Feature","properties":{"nivel":"Segundo nivel","ancho":5.04,"color":["#000000"]},"geometry":{"type":"LineString","coordinates":[[-71.5813955,-16.3426888],[-71.5816333,-16.3458618],[-71.5817336,-16.3468701],[-71.5814897,-16.3481981],[-71.5807896,-16.3512774],[-71.5747916,-16.3772418],[-71.5745677,-16.3784434],[-71.5747505,-16.3790931],[-71.5822812,-16.3884654],[-71.5827045,-16.3891753],[-71.5829588,-16.3902869],[-71.5835161,-16.3945496],[-71.5842763,-16.4009761],[-71.5848164,-16.4055755]]}},{"type":"Feature","properties":{"nivel":"Segundo nivel","ancho":5.04,"color":["#000000"]},"geometry":{"type":"LineString","coordinates":[[-71.5166452,-16.4027016],[-71.5150166,-16.4065281],[-71.5131744,-16.4106937]]}},{"type":"Feature","properties":{"nivel":"Tercer nivel","ancho":3.6,"color":["#000000"]},"geometry":{"type":"LineString","coordinates":[[-71.5330425,-16.4254935],[-71.533039,-16.4269028],[-71.5330243,-16.4274498],[-71.5329707,-16.4283549],[-71.5328195,-16.4301445],[-71.5326994,-16.4309662],[-71.5323426,-16.4320222],[-71.5319224,-16.4332261],[-71.5301973,-16.4380004],[-71.5291865,-16.4407259],[-71.5289577,-16.4415699],[-71.528958,-16.441591],[-71.5288777,-16.4421178],[-71.5288433,-16.4428333],[-71.529089,-16.4432931],[-71.5295747,-16.443771],[-71.5299729,-16.4442289],[-71.5301943,-16.4444996],[-71.5303281,-16.4447294],[-71.5304005,-16.4452754],[-71.5303839,-16.4456752],[-71.5304765,-16.4460947],[-71.5308323,-16.4466373],[-71.531054,-16.4469291],[-71.531565,-16.4476801],[-71.5319649,-16.4482642],[-71.5324315,-16.4489526],[-71.5326538,-16.4492865],[-71.5327219,-16.449496],[-71.5327491,-16.4499163],[-71.5323228,-16.4506576],[-71.5314033,-16.4520148],[-71.530678,-16.4532225],[-71.5301226,-16.4540915],[-71.5296519,-16.4547703],[-71.5292509,-16.4557847],[-71.5291463,-16.4561225],[-71.5292172,-16.4565423],[-71.5292444,-16.4569626],[-71.5290151,-16.4577646],[-71.5288713,-16.4584394],[-71.5287914,-16.4590083],[-71.5287552,-16.4595766],[-71.5287185,-16.4601029],[-71.5284681,-16.4609682],[-71.5281048,-16.4615195],[-71.5277615,-16.4619443],[-71.5275907,-16.4622198],[-71.5274227,-16.4627056],[-71.5267341,-16.4650696],[-71.5260438,-16.4656248],[-71.5252821,-16.4657181],[-71.5248504,-16.4660388],[-71.5251563,-16.4677808],[-71.524633,-16.4677661],[-71.5241105,-16.4678145],[-71.5240348,-16.4686988],[-71.524159,-16.4698751],[-71.5240337,-16.4702973],[-71.5239729,-16.4706556],[-71.5237651,-16.4714363],[-71.5235983,-16.4720272],[-71.5234945,-16.4724281],[-71.5234341,-16.4728074],[-71.5233109,-16.4733979],[-71.5232526,-16.4739454],[-71.5232567,-16.4742609],[-71.5232379,-16.4744925],[-71.5230652,-16.4746207],[-71.5223942,-16.4749864],[-71.5222645,-16.4750721],[-71.5214585,-16.4751028],[-71.5210005,-16.4750873],[-71.5206082,-16.475092],[-71.5203669,-16.4749687],[-71.5198607,-16.4745962],[-71.5192004,-16.4740994],[-71.5182088,-16.47327],[-71.5177459,-16.472876],[-71.5175691,-16.4726888],[-71.5166026,-16.4721115],[-71.5159695,-16.472035],[-71.5154034,-16.4720838],[-71.5150564,-16.4722142],[-71.5146665,-16.4724082],[-71.5140887,-16.4732354],[-71.5139699,-16.4741623],[-71.5097252,-16.4746129],[-71.5097061,-16.4748235],[-71.5096437,-16.4750556],[-71.5094731,-16.4753521],[-71.5094094,-16.475479],[-71.5092162,-16.4757127],[-71.5089372,-16.4760526],[-71.5086591,-16.4764556],[-71.5083806,-16.4768375],[-71.5081024,-16.4772405],[-71.5078455,-16.4776011],[-71.5075673,-16.4780041],[-71.5072673,-16.4784073],[-71.5066889,-16.4791925],[-71.5063889,-16.4795957],[-71.5060889,-16.4799989],[-71.505789,-16.4804021],[-71.5054677,-16.4808477],[-71.505125,-16.4813145],[-71.5046966,-16.4819086],[-71.5042672,-16.4824185],[-71.503946,-16.4828641],[-71.5036455,-16.4832252],[-71.5035171,-16.4834161],[-71.5034106,-16.4836066],[-71.5033471,-16.4837546],[-71.502926,-16.4849165],[-71.5023815,-16.4866477],[-71.5023603,-16.4866901],[-71.5015721,-16.4864261],[-71.5015076,-16.4864899],[-71.5017524,-16.4868866],[-71.5020388,-16.4871146],[-71.502106,-16.487261],[-71.5025423,-16.4889805],[-71.5026519,-16.490725],[-71.5025476,-16.4910838],[-71.5023982,-16.491338],[-71.5011261,-16.4924259],[-71.5008923,-16.4928914],[-71.5003676,-16.4944752],[-71.4999188,-16.4951746],[-71.4989709,-16.497752],[-71.4984866,-16.4990829],[-71.4978713,-16.5003943],[-71.4966836,-16.5029746],[-71.4964366,-16.5041134],[-71.4960739,-16.5064313],[-71.4958899,-16.50738],[-71.495638,-16.5081403],[-71.4930832,-16.5112206],[-71.4906822,-16.5144043],[-71.4901569,-16.515946],[-71.4899847,-16.5161163],[-71.4877954,-16.5171099],[-71.4874686,-16.5171348],[-71.4871618,-16.5170123],[-71.4865275,-16.5168516],[-71.4862194,-16.5166239],[-71.4860888,-16.5166465],[-71.486024,-16.5166893],[-71.4860261,-16.5168576],[-71.4862756,-16.5176118],[-71.4862573,-16.5178854],[-71.485335,-16.5190743],[-71.4830269,-16.5278306],[-71.4827983,-16.5287168],[-71.4826987,-16.5311578],[-71.4823741,-16.5364621],[-71.4822899,-16.5366945],[-71.4822683,-16.5367158],[-71.4820519,-16.5368446],[-71.4816385,-16.5369126],[-71.4805702,-16.5369253],[-71.4801353,-16.5370146],[-71.4798971,-16.5371436],[-71.479769,-16.5373555],[-71.4795768,-16.5376733],[-71.4791935,-16.538393],[-71.478186,-16.5397511],[-71.4778006,-16.5403025],[-71.4777793,-16.5403449],[-71.4767435,-16.5411985],[-71.4766827,-16.5415568],[-71.4767968,-16.5419551],[-71.4770923,-16.5428981],[-71.4774907,-16.5433561],[-71.4775359,-16.5434817],[-71.4754592,-16.5464932],[-71.4748355,-16.5471737],[-71.4741243,-16.5478341],[-71.4735408,-16.5482407],[-71.4729128,-16.5485847],[-71.4717432,-16.5492085],[-71.4716377,-16.5494832],[-71.4715463,-16.5508725],[-71.4714467,-16.5516099],[-71.4713239,-16.5522423],[-71.4713772,-16.5529989],[-71.471386,-16.5536929],[-71.471513,-16.5551007],[-71.4716263,-16.5554359],[-71.4722489,-16.556375],[-71.4728685,-16.5570828],[-71.4719657,-16.5581031],[-71.4722117,-16.5585839],[-71.472417,-16.5592966],[-71.4724186,-16.5594228],[-71.4723567,-16.559697],[-71.4719074,-16.5603754],[-71.4706344,-16.5614422],[-71.4697697,-16.5620414],[-71.4694475,-16.5624238],[-71.4696733,-16.5630311],[-71.4702412,-16.5648122],[-71.4699852,-16.565257],[-71.4690516,-16.5655835],[-71.4641844,-16.5669873],[-71.453383,-16.5716582],[-71.4519515,-16.572285],[-71.4515362,-16.5722058],[-71.450794,-16.5721514],[-71.4500345,-16.5724548],[-71.4473449,-16.5753471]]}},{"type":"Feature","properties":{"nivel":"Cuarto nivel","ancho":1.92,"color":["#000000"]},"geometry":{"type":"LineString","coordinates":[[-71.6365684,-16.422115],[-71.6364371,-16.4220745],[-71.6362622,-16.4220347],[-71.6362404,-16.4220349],[-71.6360226,-16.4220377],[-71.6360008,-16.422038],[-71.6358483,-16.4220399],[-71.6357396,-16.4220623],[-71.6357181,-16.4220836],[-71.6353285,-16.4222777],[-71.635221,-16.4223843],[-71.6351995,-16.4224056],[-71.635178,-16.4224269],[-71.6350931,-16.4225962],[-71.6350716,-16.4226175],[-71.6350295,-16.4227232],[-71.635008,-16.4227445],[-71.6350083,-16.4227655],[-71.6349667,-16.4229132],[-71.6349251,-16.423061],[-71.6349257,-16.423103],[-71.6349259,-16.4231241],[-71.6349056,-16.4232295],[-71.6349059,-16.4232505],[-71.6349061,-16.4232715],[-71.6349064,-16.4232926],[-71.634864,-16.4233772],[-71.6348643,-16.4233982],[-71.634737,-16.4236522],[-71.6346512,-16.4237585],[-71.6346297,-16.4237798],[-71.63463,-16.4238008],[-71.634544,-16.423886],[-71.6345225,-16.4239073],[-71.634501,-16.4239286],[-71.6342622,-16.4239947],[-71.6342407,-16.424016],[-71.6342189,-16.4240163],[-71.6341974,-16.4240376],[-71.6340463,-16.4241446],[-71.6340466,-16.4241657],[-71.6340248,-16.4241659],[-71.6340033,-16.4241872],[-71.6337453,-16.4244428],[-71.6337238,-16.4244641],[-71.6337026,-16.4245065],[-71.6336398,-16.4246965],[-71.6336182,-16.4247178],[-71.6336185,-16.4247389],[-71.6335764,-16.4248446],[-71.6335767,-16.4248656],[-71.6335569,-16.4250131],[-71.6335571,-16.4250341],[-71.6335574,-16.4250551],[-71.6335591,-16.4251813],[-71.6335594,-16.4252023],[-71.6335837,-16.4253913],[-71.633584,-16.4254123],[-71.6335,-16.4256447],[-71.6335003,-16.4256657],[-71.6334361,-16.4257507],[-71.6334146,-16.425772],[-71.6333928,-16.4257723],[-71.6333931,-16.4257933],[-71.6332428,-16.4259634],[-71.6330278,-16.4261764],[-71.6329208,-16.426325],[-71.632899,-16.4263253],[-71.6328555,-16.4263258],[-71.6328331,-16.426284],[-71.6328326,-16.426242],[-71.6331076,-16.4256286],[-71.63315,-16.425544],[-71.6331497,-16.4255229],[-71.6331489,-16.4254598],[-71.6331692,-16.4253544],[-71.6326232,-16.4252561],[-71.6323863,-16.4254694],[-71.6323866,-16.4254904],[-71.6323436,-16.425533],[-71.6323439,-16.4255541],[-71.632302,-16.4256808],[-71.6322607,-16.4258496],[-71.6320748,-16.426609],[-71.6320115,-16.426757],[-71.6320118,-16.4267781],[-71.6317792,-16.4273068],[-71.6317574,-16.427307],[-71.631694,-16.4274551],[-71.6316725,-16.4274764],[-71.6316527,-16.4276238],[-71.631653,-16.4276449],[-71.6316773,-16.4278338],[-71.6312724,-16.4285119],[-71.6299887,-16.4302737],[-71.6289008,-16.4320119],[-71.6278943,-16.4333285],[-71.6266083,-16.4349219],[-71.6258163,-16.4359834],[-71.6255421,-16.4366599],[-71.6248987,-16.4374251],[-71.6243641,-16.4381889],[-71.6241134,-16.4389913],[-71.623951,-16.4398766],[-71.6233358,-16.4411252],[-71.6234238,-16.4411872],[-71.6232747,-16.4414414],[-71.6218445,-16.4436676],[-71.6208634,-16.4452573],[-71.6202165,-16.4457701],[-71.6176954,-16.4479048],[-71.6162307,-16.449185],[-71.6151285,-16.4498718],[-71.6141938,-16.4500517],[-71.6137387,-16.4502467],[-71.6106153,-16.4529777]]}},{"type":"Feature","properties":{"nivel":"Tercer nivel","ancho":3.6,"color":["#000000"]},"geometry":{"type":"LineString","coordinates":[[-71.4609777,-16.4134785],[-71.4611977,-16.4136442],[-71.4613738,-16.4137893],[-71.4615062,-16.413914],[-71.4616818,-16.4140171],[-71.4619005,-16.4140776],[-71.4623121,-16.4138835],[-71.462594,-16.413775],[-71.4628116,-16.4137514],[-71.4628334,-16.4137512],[-71.463161,-16.4138104],[-71.4639685,-16.4139061],[-71.4643835,-16.4139854],[-71.4650411,-16.4142932],[-71.4652606,-16.4144168],[-71.4655226,-16.4144558],[-71.4665474,-16.4145069],[-71.4684055,-16.4149688],[-71.4700021,-16.4154338],[-71.4701998,-16.4155577],[-71.4702458,-16.4157464],[-71.4701602,-16.4158737],[-71.4700085,-16.4159385],[-71.469987,-16.4159598],[-71.4698124,-16.4159408],[-71.4697906,-16.4159411],[-71.4695507,-16.4159229],[-71.4689611,-16.4158247],[-71.468765,-16.415827],[-71.4684392,-16.4159149],[-71.4674364,-16.4158847],[-71.4671107,-16.4159726],[-71.466677,-16.416146],[-71.4666138,-16.416315],[-71.4666385,-16.4165461],[-71.466685,-16.4167769],[-71.4665811,-16.4171778],[-71.4663876,-16.4173904],[-71.4663241,-16.4175384],[-71.4663696,-16.4176851],[-71.4664796,-16.4177679],[-71.4666324,-16.4177871],[-71.4672196,-16.4176961],[-71.4685736,-16.4179326],[-71.4687705,-16.4179934],[-71.4688587,-16.4180765],[-71.4691043,-16.4185363],[-71.4694975,-16.4186158],[-71.4695193,-16.4186156],[-71.4695411,-16.4186153],[-71.4701533,-16.4187764],[-71.4710262,-16.4188713],[-71.4714207,-16.419056],[-71.4714425,-16.4190557],[-71.4718794,-16.4191347],[-71.472575,-16.4190003],[-71.4728367,-16.4190182],[-71.4732297,-16.4190767],[-71.4734497,-16.4192424],[-71.4735398,-16.4194727],[-71.4736086,-16.4197453],[-71.4735491,-16.4202088],[-71.4736368,-16.4202498],[-71.4736586,-16.4202495],[-71.4737245,-16.4202908],[-71.4738114,-16.4202688],[-71.4738972,-16.4201626],[-71.4738876,-16.4194055],[-71.4737526,-16.4190705],[-71.4734423,-16.4186535],[-71.4732629,-16.418256],[-71.4732996,-16.4177087],[-71.4733833,-16.4174343],[-71.4735756,-16.4171375],[-71.4738557,-16.4168818],[-71.474246,-16.41673],[-71.4746156,-16.4166625],[-71.479671,-16.4166449],[-71.4805637,-16.4165923],[-71.4823453,-16.4161716],[-71.4827584,-16.4161036],[-71.4830202,-16.4161216],[-71.484595,-16.4165867],[-71.4847704,-16.4166688],[-71.4851012,-16.4169804],[-71.4873522,-16.4192043],[-71.4877482,-16.4194941],[-71.4882081,-16.4196779],[-71.4886452,-16.4197779],[-71.4902559,-16.4196326],[-71.4905841,-16.4197339],[-71.490827,-16.4199834],[-71.4909762,-16.4214329],[-71.4910443,-16.4216425],[-71.4912428,-16.4218294],[-71.4921665,-16.4224915],[-71.4931308,-16.4229218],[-71.4934587,-16.423002],[-71.4946544,-16.4227774],[-71.4959119,-16.4222787],[-71.4973489,-16.4221775],[-71.4979797,-16.4220859],[-71.4991901,-16.4213142]]}},{"type":"Feature","properties":{"nivel":"Tercer nivel","ancho":3.6,"color":["#000000"]},"geometry":{"type":"LineString","coordinates":[[-71.5131744,-16.4106937],[-71.5127084,-16.4117299],[-71.5120866,-16.4125156],[-71.5116347,-16.4129627],[-71.5062119,-16.4166032],[-71.4991901,-16.4213142]]}},{"type":"Feature","properties":{"nivel":"Tercer nivel","ancho":3.6,"color":["#000000"]},"geometry":{"type":"LineString","coordinates":[[-71.5353987,-16.4122564],[-71.533963,-16.4158073],[-71.5327404,-16.4173154],[-71.5317028,-16.4196415],[-71.5313539,-16.4213073],[-71.5314351,-16.4225263],[-71.5330305,-16.4245682],[-71.5330205,-16.4254728]]}},{"type":"Feature","properties":{"nivel":"Tercer nivel","ancho":3.6,"color":["#000000"]},"geometry":{"type":"LineString","coordinates":[[-71.5353987,-16.4122564],[-71.5356092,-16.411686],[-71.5357105,-16.4110958],[-71.5361794,-16.4102909],[-71.5366067,-16.4096337],[-71.5366917,-16.4094644],[-71.5372115,-16.4092268],[-71.5374264,-16.4089928]]}},{"type":"Feature","properties":{"nivel":"Tercer nivel","ancho":3.6,"color":["#000000"]},"geometry":{"type":"LineString","coordinates":[[-71.5591048,-16.3738156],[-71.5571746,-16.3761527],[-71.557069,-16.3764063],[-71.55703,-16.3767644],[-71.5570184,-16.3775427],[-71.5568849,-16.3789956],[-71.5565304,-16.3818814],[-71.5563723,-16.3831242],[-71.5562675,-16.383441],[-71.5558199,-16.3842036],[-71.5553053,-16.3848409],[-71.5544042,-16.3859034],[-71.5537393,-16.3867108],[-71.5531169,-16.3874334],[-71.5527725,-16.3877531],[-71.5523831,-16.3879682],[-71.5520577,-16.3880773],[-71.5512332,-16.3883397],[-71.5475252,-16.3896887]]}},{"type":"Feature","properties":{"nivel":"Tercer nivel","ancho":3.6,"color":["#000000"]},"geometry":{"type":"LineString","coordinates":[[-71.5605901,-16.3674457],[-71.5601534,-16.3673669],[-71.5577942,-16.3668697],[-71.5543192,-16.3660075],[-71.5517947,-16.3695506],[-71.5507502,-16.3729916],[-71.5508003,-16.37684],[-71.5504233,-16.3780014],[-71.5498662,-16.3787232],[-71.5488885,-16.3789244],[-71.5482772,-16.3788266],[-71.5475586,-16.3788564],[-71.5467535,-16.3789292],[-71.5453858,-16.3793033],[-71.5447789,-16.379542]]}},{"type":"Feature","properties":{"nivel":"Tercer nivel","ancho":3.6,"color":["#000000"]},"geometry":{"type":"LineString","coordinates":[[-71.6190003,-16.4558175],[-71.6189556,-16.4557339],[-71.617885,-16.455537],[-71.6178199,-16.4555588],[-71.6176886,-16.4555184],[-71.6174917,-16.4554577],[-71.6172944,-16.4553761],[-71.6169849,-16.4550434],[-71.6163751,-16.4534526],[-71.6160868,-16.4530777],[-71.6157582,-16.4529556],[-71.6155185,-16.4529586],[-71.6125325,-16.4529327],[-71.6106153,-16.4529777],[-71.6096465,-16.4538731],[-71.6089708,-16.4538605],[-71.6075879,-16.4531205],[-71.6061322,-16.4534541],[-71.6053327,-16.4539689],[-71.5991622,-16.4553916],[-71.59823,-16.4557607],[-71.5975554,-16.4558321],[-71.5959266,-16.4546325],[-71.5924449,-16.4550331],[-71.5917474,-16.4550207],[-71.5908705,-16.454632],[-71.5907157,-16.4544656],[-71.5904763,-16.4528491],[-71.5877171,-16.4502121],[-71.5863387,-16.4498085],[-71.5756539,-16.4460491],[-71.575148,-16.4456978],[-71.5664618,-16.4314813],[-71.5661758,-16.4312744],[-71.5658476,-16.4311733],[-71.5653922,-16.4313471],[-71.5650472,-16.4316248],[-71.5646807,-16.4319237],[-71.5642066,-16.4323291],[-71.5639264,-16.4325639],[-71.5635143,-16.4327162],[-71.5634928,-16.4327375],[-71.5630151,-16.4328695],[-71.5626216,-16.4327691],[-71.5623557,-16.4324359],[-71.561758,-16.4317281],[-71.5589446,-16.4282289],[-71.5581923,-16.4273547],[-71.5572179,-16.4261678],[-71.5551143,-16.4236064],[-71.5537641,-16.4220033],[-71.5521704,-16.4201087],[-71.5499381,-16.4176961],[-71.5492523,-16.4169051],[-71.5483679,-16.4159273],[-71.5475721,-16.4150536],[-71.546886,-16.4142417],[-71.5454248,-16.4124716],[-71.5443401,-16.4111597],[-71.5423024,-16.4086184],[-71.5415711,-16.4076807],[-71.5409499,-16.4068259],[-71.5406398,-16.40643],[-71.5401735,-16.4057626]]}},{"type":"Feature","properties":{"nivel":"Tercer nivel","ancho":3.6,"color":["#000000"]},"geometry":{"type":"LineString","coordinates":[[-71.5384598,-16.3929112],[-71.5367255,-16.3935842],[-71.5330159,-16.3948278],[-71.5306296,-16.3956348],[-71.5302617,-16.3958285],[-71.5298955,-16.3961484],[-71.5295276,-16.3963421],[-71.5292013,-16.3963881],[-71.5283514,-16.3963773],[-71.528029,-16.3967177],[-71.5257126,-16.399564],[-71.5374487,-16.4090346],[-71.5380952,-16.40848],[-71.5383308,-16.4081616],[-71.5384155,-16.4079713],[-71.5386306,-16.4077584],[-71.5391243,-16.4071845],[-71.539767,-16.4063354],[-71.5401732,-16.4057416],[-71.5404755,-16.4055276],[-71.5424686,-16.4046412],[-71.5427099,-16.4047644],[-71.5429699,-16.4046561],[-71.5430538,-16.4044027],[-71.5434214,-16.4041879],[-71.5435946,-16.4041017]]}},{"type":"Feature","properties":{"nivel":"Tercer nivel","ancho":3.6,"color":["#000000"]},"geometry":{"type":"LineString","coordinates":[[-71.5147331,-16.4657399],[-71.5136167,-16.4653747],[-71.5123982,-16.4655366],[-71.5107866,-16.46564],[-71.5045385,-16.4662197],[-71.5039063,-16.4662062],[-71.5022358,-16.4668151],[-71.5004342,-16.4674045],[-71.4988245,-16.4676551],[-71.4969101,-16.4679514],[-71.495757,-16.4681124],[-71.494472,-16.4681908]]}},{"type":"Feature","properties":{"nivel":"Tercer nivel","ancho":3.6,"color":["#000000"]},"geometry":{"type":"LineString","coordinates":[[-71.5147769,-16.4657604],[-71.5136056,-16.4695815],[-71.5139872,-16.4704392],[-71.5152275,-16.4719598]]}},{"type":"Feature","properties":{"nivel":"Tercer nivel","ancho":3.6,"color":["#000000"]},"geometry":{"type":"LineString","coordinates":[[-71.4663069,-16.486866],[-71.4662638,-16.4869085],[-71.4663925,-16.4867388],[-71.4665613,-16.4862951],[-71.4666593,-16.4854315],[-71.466587,-16.4848855],[-71.4666016,-16.4843174],[-71.4666827,-16.4838327],[-71.4667212,-16.4834326],[-71.4667844,-16.4832636],[-71.4669798,-16.4831982],[-71.4671555,-16.4833013],[-71.4672671,-16.4835103],[-71.467378,-16.4836562],[-71.4675316,-16.4837385],[-71.4677488,-16.4836729],[-71.4688763,-16.4831968],[-71.4691134,-16.4829837],[-71.4695227,-16.4826002],[-71.4703668,-16.4821275],[-71.470496,-16.4819998],[-71.470731,-16.4816184],[-71.4708128,-16.4811968],[-71.4709409,-16.4809849],[-71.4711543,-16.4806248],[-71.4713454,-16.4802229],[-71.471495,-16.4799898],[-71.4717316,-16.4797346],[-71.4717951,-16.4795866],[-71.4722246,-16.4790767],[-71.4725486,-16.4788415],[-71.4730459,-16.4785202],[-71.4733021,-16.4780965],[-71.4735822,-16.4778407],[-71.4738634,-16.4776691],[-71.4740805,-16.4776035],[-71.474362,-16.4774529],[-71.4744909,-16.4773042],[-71.4745337,-16.4772405]]}},{"type":"Feature","properties":{"nivel":"Tercer nivel","ancho":3.6,"color":["#000000"]},"geometry":{"type":"LineString","coordinates":[[-71.5634597,-16.4285524],[-71.5638257,-16.4282114],[-71.5641274,-16.4279553]]}},{"type":"Feature","properties":{"nivel":"Tercer nivel","ancho":3.6,"color":["#000000"]},"geometry":{"type":"LineString","coordinates":[[-71.560141,-16.4297287],[-71.5603341,-16.429495],[-71.5608115,-16.4293419],[-71.5612263,-16.4293999],[-71.5616651,-16.4296259],[-71.5619933,-16.4297271],[-71.5623176,-16.4295338],[-71.5626624,-16.4292352],[-71.5634167,-16.428595]]}},{"type":"Feature","properties":{"nivel":"Tercer nivel","ancho":3.6,"color":["#000000"]},"geometry":{"type":"LineString","coordinates":[[-71.5641274,-16.4279553],[-71.5643254,-16.4281001],[-71.5647002,-16.4284321],[-71.5653839,-16.4290547],[-71.565673,-16.4294928],[-71.565815,-16.4303534],[-71.5658476,-16.4311733]]}},{"type":"Feature","properties":{"nivel":"Tercer nivel","ancho":3.6,"color":["#000000"]},"geometry":{"type":"LineString","coordinates":[[-71.6426191,-16.3683455],[-71.6420913,-16.369593],[-71.6423142,-16.3699688],[-71.6429283,-16.3702766],[-71.6435464,-16.3708787],[-71.6441656,-16.371565],[-71.6446363,-16.3725475],[-71.6447345,-16.3733665],[-71.6445894,-16.3739152],[-71.6437204,-16.3740943],[-71.6431117,-16.3741861],[-71.6432266,-16.3746263],[-71.6434308,-16.3752337],[-71.6433293,-16.3757818],[-71.6434235,-16.3763064],[-71.6436238,-16.3766193],[-71.6437149,-16.3769126],[-71.6438931,-16.3772048],[-71.6438761,-16.3775626],[-71.6439678,-16.3778979],[-71.643866,-16.378425],[-71.6436719,-16.3785746],[-71.6431715,-16.378623],[-71.6424364,-16.3790318],[-71.6418746,-16.3793754],[-71.6412458,-16.3795936],[-71.640811,-16.3796622],[-71.6402871,-16.3795846],[-71.639544,-16.3794047],[-71.6390015,-16.3795587],[-71.638483,-16.3798807],[-71.6377455,-16.3801213],[-71.6367227,-16.3801972],[-71.6362681,-16.3804132],[-71.6359462,-16.3807748],[-71.6358412,-16.3810705],[-71.6359354,-16.3815951],[-71.6360539,-16.3823087],[-71.6361009,-16.3825605],[-71.6364534,-16.3828505],[-71.6369801,-16.3831384],[-71.6373105,-16.3834076],[-71.6375787,-16.383909],[-71.637605,-16.3842452],[-71.6368684,-16.3845489],[-71.6361088,-16.3847687],[-71.635065,-16.384908],[-71.6341323,-16.3852141],[-71.633284,-16.3853089],[-71.632955,-16.3851448],[-71.6326472,-16.3849383],[-71.6326215,-16.3846442],[-71.6326568,-16.3840338],[-71.6324588,-16.3838891],[-71.6318682,-16.3837072],[-71.6312965,-16.3833147],[-71.6308829,-16.3833409],[-71.6301732,-16.3824034],[-71.6296886,-16.3820099],[-71.6288629,-16.3821674],[-71.6287164,-16.3826109],[-71.6279605,-16.3831041],[-71.6273118,-16.3834697],[-71.627165,-16.3838922],[-71.6269076,-16.3841898],[-71.6261237,-16.3842207],[-71.6252974,-16.3843361],[-71.6248252,-16.3848678],[-71.6242116,-16.3862215],[-71.6237411,-16.3868794],[-71.6234664,-16.3875138],[-71.6231026,-16.388002],[-71.6222162,-16.3885178],[-71.6221166,-16.3892131],[-71.6221259,-16.3899071],[-71.6213968,-16.3907785],[-71.6209043,-16.3914156],[-71.6209767,-16.3919405],[-71.6212465,-16.392568],[-71.6217777,-16.3931924],[-71.6221783,-16.3938183],[-71.6220563,-16.3944718],[-71.6218916,-16.395189],[-71.6216834,-16.3959066],[-71.6216896,-16.3963693],[-71.6213011,-16.3966475],[-71.6211976,-16.3970484],[-71.6211248,-16.3981219]]}},{"type":"Feature","properties":{"nivel":"Tercer nivel","ancho":3.6,"color":["#000000"]},"geometry":{"type":"LineString","coordinates":[[-71.6211248,-16.3981219],[-71.6206869,-16.3979592],[-71.6197035,-16.3977401],[-71.6185663,-16.3974177],[-71.6180189,-16.3972142],[-71.6172084,-16.3968878],[-71.6157625,-16.3962959],[-71.614887,-16.3959913],[-71.6142988,-16.3959986],[-71.6139271,-16.3958981],[-71.6134906,-16.3958404],[-71.6129013,-16.3957636],[-71.6125092,-16.3957685],[-71.6120116,-16.3960271],[-71.6117063,-16.3960099],[-71.611441,-16.3957187],[-71.6108897,-16.3952208],[-71.6101225,-16.3948728],[-71.6095513,-16.3945223],[-71.6091349,-16.3943382],[-71.6083943,-16.3943474],[-71.6081497,-16.3939719],[-71.607841,-16.3937023],[-71.6072479,-16.3933311],[-71.6067622,-16.3928534],[-71.6062553,-16.392418],[-71.6062335,-16.3924182],[-71.605814,-16.3920028],[-71.6055501,-16.3918168],[-71.6020469,-16.3905141],[-71.5983257,-16.3891931],[-71.5974064,-16.3888679],[-71.5967934,-16.3886441],[-71.5816704,-16.3834461],[-71.5785634,-16.3824326],[-71.5782353,-16.3823315],[-71.5782135,-16.3823318],[-71.5779722,-16.3822085],[-71.5779504,-16.3822088],[-71.577689,-16.382212],[-71.5775583,-16.3822136],[-71.5773634,-16.3823001]]}},{"type":"Feature","properties":{"nivel":"Cuarto nivel","ancho":1.92,"color":["#000000"]},"geometry":{"type":"LineString","coordinates":[[-71.5245467,-16.4071499],[-71.5233799,-16.4096038],[-71.5231005,-16.4099016],[-71.5218507,-16.4109893],[-71.5212461,-16.4114172],[-71.520669,-16.4122865],[-71.5192679,-16.4151639],[-71.5179084,-16.4178934],[-71.5165871,-16.4202019],[-71.5163562,-16.4225814],[-71.5153407,-16.4249493],[-71.5138728,-16.4277223],[-71.5134688,-16.4285053]]}},{"type":"Feature","properties":{"nivel":"Tercer nivel","ancho":3.6,"color":["#000000"]},"geometry":{"type":"LineString","coordinates":[[-71.5999782,-16.3215123],[-71.5989988,-16.3215665],[-71.5915692,-16.3213424],[-71.5861689,-16.3214086],[-71.5846052,-16.3217433],[-71.5385145,-16.3213353],[-71.5372822,-16.3220443]]}},{"type":"Feature","properties":{"nivel":"Tercer nivel","ancho":3.6,"color":["#000000"]},"geometry":{"type":"LineString","coordinates":[[-71.5762552,-16.3709141],[-71.5669692,-16.3688192],[-71.5605901,-16.3674457]]}},{"type":"Feature","properties":{"nivel":"Tercer nivel","ancho":3.6,"color":["#000000"]},"geometry":{"type":"LineString","coordinates":[[-71.5648805,-16.4222463],[-71.5647098,-16.4225218],[-71.5644062,-16.4226307],[-71.5642134,-16.4228854],[-71.5643979,-16.4236614],[-71.5644244,-16.4240186],[-71.5641883,-16.4242949],[-71.5623353,-16.425895],[-71.5622294,-16.4261277],[-71.5623204,-16.426421],[-71.5624983,-16.4266922],[-71.5628516,-16.4270455],[-71.5632465,-16.427251],[-71.5637752,-16.4276862],[-71.5641274,-16.4279553]]}},{"type":"Feature","properties":{"nivel":"Tercer nivel","ancho":3.6,"color":["#000000"]},"geometry":{"type":"LineString","coordinates":[[-71.4972983,-16.474425],[-71.4943908,-16.4754693],[-71.4939161,-16.4758536],[-71.493396,-16.4760911],[-71.491833,-16.4765935],[-71.4908988,-16.476836],[-71.4894658,-16.4772737],[-71.4884005,-16.4774968],[-71.4870517,-16.4777021],[-71.4866166,-16.4777704],[-71.4864207,-16.4777937],[-71.4859869,-16.4779671],[-71.4848759,-16.4780224],[-71.4838303,-16.4780769],[-71.4833527,-16.4782298],[-71.482894,-16.4781511],[-71.4813003,-16.4779597],[-71.4805345,-16.4777374],[-71.4802275,-16.4775938],[-71.4795537,-16.477749],[-71.4785482,-16.4775296],[-71.4775449,-16.4774783],[-71.4774176,-16.4777533],[-71.4750161,-16.4774662],[-71.4748404,-16.4773631],[-71.4746868,-16.4772808],[-71.4745337,-16.4772405]]}},{"type":"Feature","properties":{"nivel":"Tercer nivel","ancho":3.6,"color":["#000000"]},"geometry":{"type":"LineString","coordinates":[[-71.4973201,-16.4744248],[-71.4968473,-16.4732525],[-71.4962865,-16.4720183],[-71.4956106,-16.4703016],[-71.4953881,-16.4699467],[-71.4949428,-16.4692158],[-71.494631,-16.4686937],[-71.494472,-16.4681908]]}},{"type":"Feature","properties":{"nivel":"Tercer nivel","ancho":3.6,"color":["#000000"]},"geometry":{"type":"LineString","coordinates":[[-71.4956374,-16.4178439],[-71.4958768,-16.41782],[-71.4960282,-16.4177341],[-71.4961789,-16.4175851],[-71.4962856,-16.4174156],[-71.496627,-16.4168436],[-71.4968812,-16.4162727],[-71.4971333,-16.4155335],[-71.4971916,-16.4149859],[-71.4973143,-16.4143535],[-71.4974152,-16.4137213],[-71.4975158,-16.413068],[-71.4975352,-16.4128785],[-71.4976167,-16.4124358],[-71.4977173,-16.4117826],[-71.4977576,-16.4115297],[-71.4978182,-16.4111504],[-71.4979199,-16.4105813],[-71.4978733,-16.4103505],[-71.497953,-16.4097606],[-71.4979737,-16.4096762],[-71.49806,-16.4096121],[-71.4980813,-16.4095697],[-71.4981028,-16.4095485],[-71.498163,-16.4091481],[-71.4981835,-16.4090427],[-71.4982634,-16.4084738],[-71.498262,-16.4083687],[-71.4984051,-16.4076308],[-71.4984041,-16.4075467],[-71.4983817,-16.4075049],[-71.497811,-16.4071752],[-71.4975479,-16.4070521]]}},{"type":"Feature","properties":{"nivel":"Tercer nivel","ancho":3.6,"color":["#000000"]},"geometry":{"type":"LineString","coordinates":[[-71.5937078,-16.3299183],[-71.5934225,-16.3297535],[-71.5932251,-16.3296508],[-71.5929605,-16.3294017],[-71.5929111,-16.3289606],[-71.5928865,-16.3287506],[-71.5928193,-16.3286042],[-71.5926412,-16.3283119],[-71.5924181,-16.327915],[-71.59224,-16.3276228],[-71.5920399,-16.3273097],[-71.5919062,-16.32708],[-71.5916167,-16.3265998],[-71.591528,-16.3264747],[-71.59144,-16.3264127],[-71.5913524,-16.3263717],[-71.5912214,-16.3263523],[-71.5901977,-16.3263439],[-71.5900017,-16.3263463],[-71.5897837,-16.3263279],[-71.5895874,-16.3263093],[-71.5894565,-16.3262899],[-71.589347,-16.3262491],[-71.5892599,-16.3262502],[-71.5891508,-16.3262305],[-71.5890416,-16.3262108],[-71.5889325,-16.3261911],[-71.5883445,-16.3261983],[-71.5877345,-16.3261848],[-71.5874514,-16.3261883],[-71.5868199,-16.326196],[-71.586515,-16.3261998],[-71.5864059,-16.3261801],[-71.5862967,-16.3261604],[-71.5861655,-16.3261199],[-71.5860776,-16.3260579],[-71.5859673,-16.3259541],[-71.5859444,-16.3258702],[-71.5856765,-16.3253687],[-71.5855872,-16.3252016],[-71.5854987,-16.3250975],[-71.5854105,-16.3250145],[-71.5853225,-16.3249524],[-71.5851684,-16.3248281],[-71.5849923,-16.3246831],[-71.5847285,-16.324497],[-71.5846188,-16.3244352],[-71.5845529,-16.324394],[-71.5844435,-16.3243533],[-71.5843561,-16.3243333],[-71.5842254,-16.3243349],[-71.5841168,-16.3243573],[-71.5840082,-16.3243796],[-71.5838781,-16.3244233],[-71.5834666,-16.3245966],[-71.5831201,-16.3247481],[-71.5827304,-16.3249211],[-71.5823188,-16.3250944],[-71.5821669,-16.3251383],[-71.5820583,-16.3251607],[-71.581928,-16.3251833],[-71.5816669,-16.3252075],[-71.5814494,-16.3252312],[-71.5812104,-16.3252762],[-71.5809282,-16.3253428],[-71.5806682,-16.3254511],[-71.5802567,-16.3256244],[-71.5793903,-16.3259925],[-71.578589,-16.3263389],[-71.5783724,-16.3264256],[-71.5780907,-16.3265342],[-71.577917,-16.3265784],[-71.5777651,-16.3266224],[-71.5772871,-16.3267123],[-71.5765705,-16.3268683],[-71.5760707,-16.3269585],[-71.5758535,-16.3270033],[-71.575593,-16.3270695],[-71.5750282,-16.3271816],[-71.5744851,-16.3272934],[-71.5741593,-16.3273605],[-71.5739418,-16.3273842],[-71.5738112,-16.3273857],[-71.5734628,-16.32739],[-71.5730054,-16.3273956],[-71.5720906,-16.3273857],[-71.5717857,-16.3273894],[-71.5713719,-16.3273945],[-71.5706748,-16.3273819],[-71.5700648,-16.3273683],[-71.5690195,-16.3273811],[-71.5677344,-16.3273757],[-71.5675384,-16.3273781],[-71.5671026,-16.3273623],[-71.5662316,-16.3273729],[-71.5653602,-16.3273625],[-71.5649247,-16.3273678],[-71.56438,-16.3273534],[-71.5638571,-16.3273387],[-71.5633127,-16.3273453],[-71.5631167,-16.3273477],[-71.5620711,-16.3273394],[-71.5615047,-16.3273252],[-71.5608293,-16.3273124],[-71.5606333,-16.3273148],[-71.5597837,-16.3273041],[-71.5589562,-16.3273141],[-71.55839,-16.327321],[-71.5581723,-16.3273236],[-71.5576711,-16.3273087],[-71.5571049,-16.3273155],[-71.5564734,-16.3273232],[-71.5559069,-16.327309],[-71.5557327,-16.3273111],[-71.5549703,-16.3272993],[-71.5542299,-16.3273083],[-71.5535109,-16.327296],[-71.5534236,-16.327276],[-71.5533365,-16.327277],[-71.5532488,-16.327236],[-71.5531396,-16.3272163],[-71.5530517,-16.3271543],[-71.5528764,-16.3270723],[-71.5523497,-16.3267632],[-71.5520864,-16.3266191],[-71.5515597,-16.32631],[-71.551143,-16.3260837],[-71.5506821,-16.3258158],[-71.5505944,-16.3257748],[-71.5505506,-16.3257543],[-71.5504632,-16.3257343],[-71.5503323,-16.3257149],[-71.5502455,-16.325737],[-71.5500933,-16.3257599],[-71.5499414,-16.3258038],[-71.549768,-16.3258689],[-71.5488156,-16.3263221],[-71.5480145,-16.3266894],[-71.5477765,-16.3268185],[-71.5474082,-16.3269701],[-71.5472566,-16.3270351],[-71.5471045,-16.3270579],[-71.5467767,-16.3269778],[-71.5464705,-16.3268763],[-71.5438954,-16.3248041],[-71.5436324,-16.324681],[-71.5435453,-16.3246821],[-71.5432848,-16.3247483],[-71.5429609,-16.3249626],[-71.5426369,-16.3251768],[-71.5416657,-16.3258616],[-71.5406735,-16.3266097],[-71.539032,-16.3276811],[-71.5378859,-16.3283259],[-71.537149,-16.3286082],[-71.5363258,-16.3289546]]}},{"type":"Feature","properties":{"nivel":"Tercer nivel","ancho":3.6,"color":["#000000"]},"geometry":{"type":"LineString","coordinates":[[-71.5165679,-16.3712368],[-71.5161736,-16.3710733],[-71.5161083,-16.371074],[-71.5160432,-16.3710959],[-71.5159787,-16.3711597],[-71.5145852,-16.3729221],[-71.5143714,-16.3732402],[-71.513815,-16.3740251],[-71.5134085,-16.3745978],[-71.512744,-16.3754471],[-71.5123796,-16.3759142],[-71.5119079,-16.3765088],[-71.5117151,-16.3767635],[-71.5115433,-16.3769548],[-71.5115441,-16.3770179],[-71.5115449,-16.377081],[-71.5116113,-16.3771643],[-71.5117,-16.3772895],[-71.5117888,-16.3774146],[-71.5118337,-16.3775192],[-71.5118348,-16.3776034],[-71.5118146,-16.3777298],[-71.5117947,-16.3778773],[-71.5117961,-16.3779824],[-71.5118189,-16.3780663],[-71.5118636,-16.3781499],[-71.51193,-16.3782332],[-71.5120182,-16.3783163],[-71.5121285,-16.3784202],[-71.512217,-16.3785243],[-71.5122831,-16.3785866],[-71.5123936,-16.3787115],[-71.512526,-16.3788361],[-71.512636,-16.3789189],[-71.5127457,-16.3789807],[-71.5128551,-16.3790214],[-71.5129646,-16.3790622],[-71.513052,-16.3790822],[-71.5131391,-16.3790811],[-71.513248,-16.3790798],[-71.5133357,-16.3791209],[-71.5134234,-16.3791619],[-71.5135116,-16.379245],[-71.513578,-16.3793283],[-71.5136445,-16.3794116],[-71.5137109,-16.379495],[-71.5137994,-16.3795991],[-71.5138879,-16.3797032],[-71.5139572,-16.3800179],[-71.5139384,-16.3802495],[-71.513811,-16.3805034],[-71.5135961,-16.3807373],[-71.5133156,-16.380951],[-71.512905,-16.3812083],[-71.5100973,-16.3831348],[-71.5100333,-16.3832408],[-71.509904,-16.3833475],[-71.5098177,-16.3834116],[-71.5097961,-16.3834329],[-71.5097967,-16.383475],[-71.5098411,-16.3835375],[-71.5099072,-16.3835998],[-71.5099516,-16.3836624],[-71.509996,-16.383725],[-71.5099968,-16.3837881],[-71.5099981,-16.3838932],[-71.5100006,-16.3840825],[-71.5100468,-16.3842923],[-71.5100931,-16.3845021],[-71.5102044,-16.38469],[-71.510337,-16.3848357],[-71.5104914,-16.3849811],[-71.5106234,-16.3850847],[-71.5107337,-16.3851885],[-71.5107786,-16.3852931],[-71.5108235,-16.3853978],[-71.5108469,-16.3855237],[-71.5108706,-16.3856706],[-71.5108507,-16.3858181],[-71.5108523,-16.3859443],[-71.5108324,-16.3860918],[-71.5108133,-16.3863023],[-71.5107725,-16.3865131],[-71.5107316,-16.386724],[-71.510691,-16.3869558],[-71.5106507,-16.3872087],[-71.5106316,-16.3874193],[-71.5106122,-16.3876088],[-71.5105931,-16.3878193],[-71.510574,-16.3880299],[-71.5105547,-16.3882194],[-71.5105794,-16.3884505],[-71.5106257,-16.3886603],[-71.5106722,-16.3888911],[-71.5107187,-16.3891219],[-71.5108086,-16.3893312],[-71.5108769,-16.3895617],[-71.510967,-16.389792],[-71.5110571,-16.3900223],[-71.5111257,-16.3902739],[-71.511172,-16.3904837],[-71.5111537,-16.3907573],[-71.5111128,-16.3909681],[-71.5110071,-16.3912218],[-71.5108366,-16.3915183],[-71.5106876,-16.3917935],[-71.5105166,-16.392048],[-71.5102799,-16.3922821],[-71.5101737,-16.3924937],[-71.5100029,-16.3927692],[-71.5099615,-16.392938],[-71.5098986,-16.393128],[-71.5098798,-16.3933596],[-71.5098617,-16.3936543],[-71.5099516,-16.3938636],[-71.5100847,-16.3940513],[-71.5101084,-16.3941982],[-71.5100667,-16.394346],[-71.5100247,-16.3944727],[-71.5093411,-16.3955325],[-71.5083944,-16.3964693],[-71.5081362,-16.3967247],[-71.5075666,-16.3964791],[-71.5075448,-16.3964794],[-71.5075012,-16.3964799],[-71.5074797,-16.3965012],[-71.5070954,-16.3971158],[-71.5067535,-16.3976457],[-71.506647,-16.3978362],[-71.5062837,-16.3983874],[-71.5059636,-16.3989171],[-71.5058778,-16.3990233],[-71.5056643,-16.3993624],[-71.5055572,-16.3995109],[-71.5052579,-16.3999561],[-71.5051716,-16.4000203],[-71.5050849,-16.4000634],[-71.504018,-16.4001182],[-71.5019935,-16.4002685],[-71.5014075,-16.4004437],[-71.5012558,-16.4005086],[-71.5006059,-16.4008108],[-71.5004984,-16.4009173],[-71.5004128,-16.4010445],[-71.5002216,-16.4014254],[-71.5000936,-16.4016372],[-71.4998596,-16.4020817],[-71.499753,-16.4022723],[-71.4994972,-16.402717],[-71.4994125,-16.4029073],[-71.4991145,-16.4034578],[-71.4990292,-16.403606],[-71.498795,-16.4040295],[-71.4986879,-16.404178],[-71.4983901,-16.4047494],[-71.4983256,-16.4048133],[-71.4979003,-16.4056386],[-71.4977306,-16.4059982],[-71.4976244,-16.4062098],[-71.4974966,-16.4064427],[-71.4974336,-16.4066328],[-71.497414,-16.4068013],[-71.4974595,-16.406948],[-71.4975479,-16.4070521],[-71.4975286,-16.4072416],[-71.4974664,-16.4074948],[-71.4964549,-16.4136065],[-71.4959938,-16.4167459],[-71.495827,-16.4173369],[-71.4956374,-16.4178439],[-71.4952912,-16.4180373],[-71.4951847,-16.4182279],[-71.498816,-16.4210242],[-71.4991901,-16.4213142]]}},{"type":"Feature","properties":{"nivel":"Tercer nivel","ancho":3.6,"color":["#000000"]},"geometry":{"type":"LineString","coordinates":[[-71.5244545,-16.4253236],[-71.5243322,-16.4259771],[-71.5240595,-16.4268007],[-71.5238356,-16.4280233],[-71.5236157,-16.4295614],[-71.5232692,-16.4314164],[-71.5231022,-16.4319863],[-71.5228952,-16.4328301],[-71.5226449,-16.4336955],[-71.5223714,-16.434456],[-71.5219922,-16.4354701],[-71.5213072,-16.4364249]]}},{"type":"Feature","properties":{"nivel":"Tercer nivel","ancho":3.6,"color":["#000000"]},"geometry":{"type":"LineString","coordinates":[[-71.5118348,-16.3776034],[-71.5123732,-16.3771132],[-71.5127591,-16.3766248],[-71.5129306,-16.3764124],[-71.5130801,-16.3761793],[-71.5133582,-16.3757763],[-71.5139794,-16.3749486],[-71.5149856,-16.3735694],[-71.5153054,-16.3730187],[-71.5156695,-16.3725306],[-71.5157552,-16.3724244],[-71.5160559,-16.3720843],[-71.5162917,-16.371787],[-71.5165679,-16.3712368]]}},{"type":"Feature","properties":{"nivel":"Tercer nivel","ancho":3.6,"color":["#000000"]},"geometry":{"type":"LineString","coordinates":[[-71.5099981,-16.3838932],[-71.5104319,-16.3837408],[-71.5111016,-16.3832911],[-71.5137793,-16.3814292],[-71.5137115,-16.3812407],[-71.5136606,-16.3806734]]}},{"type":"Feature","properties":{"nivel":"Tercer nivel","ancho":3.6,"color":["#000000"]},"geometry":{"type":"LineString","coordinates":[[-71.504018,-16.4001182],[-71.5047867,-16.4005928],[-71.5048967,-16.4006756],[-71.5053577,-16.4009435],[-71.5054233,-16.4009638],[-71.5054669,-16.4009633],[-71.5054879,-16.4008999],[-71.5064276,-16.3994164],[-71.5066842,-16.3990347],[-71.5073248,-16.3980175],[-71.5074103,-16.3978902],[-71.5081147,-16.396746],[-71.5081362,-16.3967247]]}},{"type":"Feature","properties":{"nivel":"Tercer nivel","ancho":3.6,"color":["#000000"]},"geometry":{"type":"LineString","coordinates":[[-71.5211138,-16.4366375],[-71.521003,-16.4364916],[-71.5202749,-16.4358063],[-71.5195101,-16.4356472],[-71.5186348,-16.4353633],[-71.5152755,-16.4334265],[-71.5146374,-16.4329504],[-71.5140208,-16.432453],[-71.5135134,-16.4319753],[-71.5134696,-16.4319548],[-71.5127403,-16.4311642],[-71.5122975,-16.4306227],[-71.5108063,-16.4299044],[-71.5092103,-16.4295028],[-71.5080283,-16.4290963],[-71.5067995,-16.4284379],[-71.5057897,-16.427861],[-71.5053036,-16.427341],[-71.5051831,-16.426438],[-71.5047836,-16.4258749],[-71.505041,-16.4255563]]}},{"type":"Feature","properties":{"nivel":"Tercer nivel","ancho":3.6,"color":["#000000"]},"geometry":{"type":"LineString","coordinates":[[-71.5210992,-16.3390018],[-71.5211546,-16.3382229],[-71.5214084,-16.3376309],[-71.5214898,-16.3371882],[-71.5215718,-16.3367876],[-71.5216721,-16.3361134],[-71.5218524,-16.3348913],[-71.5218927,-16.3346384],[-71.5218683,-16.3344283],[-71.5218656,-16.334218],[-71.5218196,-16.3340293],[-71.5218169,-16.333819],[-71.5217927,-16.33363],[-71.5217687,-16.333462],[-71.5217233,-16.3333153],[-71.5216996,-16.3331684],[-71.5216536,-16.3329796],[-71.5216079,-16.3328119],[-71.5215622,-16.3326442],[-71.5215165,-16.3324765],[-71.5210693,-16.3315774],[-71.5206442,-16.3306991],[-71.5203781,-16.3303236],[-71.5202883,-16.3301144],[-71.5201108,-16.3298641],[-71.520021,-16.3296548],[-71.5200207,-16.3296338],[-71.5198855,-16.3292779],[-71.5182306,-16.327615],[-71.518451,-16.326119],[-71.5178762,-16.3254528],[-71.5173987,-16.323881],[-71.516512,-16.3226716],[-71.5159617,-16.3222154],[-71.5156676,-16.3213566],[-71.5158821,-16.3211016],[-71.5165851,-16.3198733],[-71.5173648,-16.3195275],[-71.5182751,-16.3191801],[-71.5214051,-16.3220874],[-71.5218877,-16.322355],[-71.5222598,-16.3224978],[-71.5232642,-16.3226961],[-71.524052,-16.3229812],[-71.5245329,-16.3231227],[-71.5260178,-16.3234204],[-71.5266063,-16.3234554],[-71.5265359,-16.3230566],[-71.526249,-16.3227656],[-71.525743,-16.322372],[-71.5254123,-16.3220605],[-71.5253426,-16.3217248],[-71.5254929,-16.3215547],[-71.5258825,-16.3213607],[-71.5261223,-16.3213789],[-71.526297,-16.3214189],[-71.527455,-16.3216995],[-71.5277617,-16.321843],[-71.5280247,-16.3219661],[-71.5283317,-16.3221307],[-71.5285952,-16.3222958],[-71.5288151,-16.3224614],[-71.5290348,-16.322606],[-71.5292332,-16.3227929],[-71.5294311,-16.3229378],[-71.5296513,-16.3231244],[-71.5298933,-16.3233108],[-71.5302014,-16.3235595],[-71.5303998,-16.3237465],[-71.5305762,-16.3239126],[-71.5306881,-16.3241426],[-71.5310618,-16.3244116],[-71.5312605,-16.3246195],[-71.5316122,-16.3248677],[-71.5316342,-16.3248885],[-71.53192,-16.3250954],[-71.5321633,-16.3253869],[-71.5324287,-16.3256992],[-71.5324293,-16.3257413],[-71.5328033,-16.3260313],[-71.5336427,-16.3269466],[-71.5346384,-16.3281546],[-71.5351923,-16.3288841],[-71.5356085,-16.3290684],[-71.535957,-16.3290642],[-71.5363258,-16.3289546]]}},{"type":"Feature","properties":{"nivel":"Tercer nivel","ancho":3.6,"color":["#000000"]},"geometry":{"type":"LineString","coordinates":[[-71.5210992,-16.3390018],[-71.5211146,-16.3402005],[-71.5211015,-16.3408737],[-71.5211265,-16.3411258],[-71.5211149,-16.3419252],[-71.5210133,-16.3424943],[-71.5209179,-16.3435471],[-71.5208569,-16.3438844],[-71.5208935,-16.3450408],[-71.5212126,-16.3478344],[-71.5215358,-16.3492607],[-71.5219326,-16.3513173],[-71.5221859,-16.3523869],[-71.5227082,-16.3540423],[-71.5230339,-16.3556579],[-71.5232018,-16.3568548],[-71.523495,-16.3576295],[-71.52368,-16.3584686],[-71.5240829,-16.3593051],[-71.5246326,-16.3596982],[-71.5257093,-16.3604214],[-71.5244009,-16.3620146],[-71.5242501,-16.3621426],[-71.5232536,-16.3625752],[-71.5229143,-16.3632944],[-71.5223356,-16.3640375],[-71.5216104,-16.3635414],[-71.5188672,-16.3670658],[-71.5194176,-16.3675219],[-71.5204517,-16.3683088],[-71.5197875,-16.3691791],[-71.5196807,-16.3693486],[-71.5193798,-16.3696677],[-71.5191007,-16.3699866],[-71.5189297,-16.370241],[-71.5188466,-16.3705575],[-71.5187412,-16.3708322],[-71.5185907,-16.3709813],[-71.5184387,-16.3710251],[-71.5185038,-16.3710033],[-71.5184169,-16.3710254],[-71.5183301,-16.3710475],[-71.518265,-16.3710693],[-71.518112,-16.371029],[-71.5180031,-16.3710303],[-71.517806,-16.3709486],[-71.5176091,-16.3708878],[-71.5174561,-16.3708476],[-71.5173028,-16.3707863],[-71.517106,-16.3707256],[-71.516975,-16.3707061],[-71.5165679,-16.3712368]]}},{"type":"Feature","properties":{"nivel":"Tercer nivel","ancho":3.6,"color":["#000000"]},"geometry":{"type":"LineString","coordinates":[[-71.5196161,-16.3677088],[-71.5198519,-16.3674115],[-71.5207092,-16.3663075],[-71.5223797,-16.364079],[-71.5223356,-16.3640375]]}},{"type":"Feature","properties":{"nivel":"Tercer nivel","ancho":3.6,"color":["#000000"]},"geometry":{"type":"LineString","coordinates":[[-71.5213072,-16.4364249],[-71.5211138,-16.4366375],[-71.5210057,-16.4367019],[-71.5204786,-16.4380754],[-71.5205325,-16.438874],[-71.5203698,-16.4397804],[-71.5204422,-16.4403264],[-71.5200617,-16.4412354],[-71.5196793,-16.4419972],[-71.5195499,-16.4421039],[-71.5195319,-16.4423986],[-71.5194992,-16.4432403],[-71.5192377,-16.4432434],[-71.5190416,-16.4432458],[-71.5188021,-16.4432697],[-71.5184132,-16.4435268],[-71.5181108,-16.4437407],[-71.5180247,-16.4438259],[-71.518162,-16.4443291],[-71.5182987,-16.4447901],[-71.5184343,-16.4451671],[-71.5183964,-16.4456093],[-71.5182235,-16.4457165],[-71.5178982,-16.4458466],[-71.5173769,-16.4459791],[-71.516922,-16.4461949],[-71.5167041,-16.4461975],[-71.5158965,-16.446102],[-71.5152411,-16.4459837],[-71.5150017,-16.4460076],[-71.5141938,-16.4458911],[-71.5137139,-16.4458548],[-71.5133437,-16.4458802],[-71.5131555,-16.4464925],[-71.5129664,-16.4470416],[-71.5126907,-16.4476338],[-71.5125221,-16.4480775],[-71.5121578,-16.4485657],[-71.5119238,-16.4490102],[-71.5115408,-16.4497299],[-71.5113294,-16.4502372],[-71.5112917,-16.4507004],[-71.5111621,-16.4507861],[-71.5108586,-16.4509159],[-71.5103201,-16.4514061],[-71.5098886,-16.4517478],[-71.5093938,-16.4522586],[-71.5090721,-16.4526621],[-71.5087517,-16.4531707],[-71.5082826,-16.4539756],[-71.5080055,-16.4544627],[-71.507857,-16.4547799],[-71.5076873,-16.4551395],[-71.5078017,-16.4555588],[-71.5077694,-16.4564426],[-71.5074852,-16.4580656],[-71.5076851,-16.4583576],[-71.5080424,-16.4590264],[-71.5081382,-16.4596983]]}},{"type":"Feature","properties":{"nivel":"Tercer nivel","ancho":3.6,"color":["#000000"]},"geometry":{"type":"LineString","coordinates":[[-71.5183316,-16.4456521],[-71.5173298,-16.4457062],[-71.5166107,-16.4457148],[-71.5156296,-16.4456845],[-71.5147351,-16.4456112],[-71.5146052,-16.4456758],[-71.5137333,-16.4456652],[-71.5133219,-16.4458805]]}},{"type":"Feature","properties":{"nivel":"Tercer nivel","ancho":3.6,"color":["#000000"]},"geometry":{"type":"LineString","coordinates":[[-71.5195929,-16.4420613],[-71.5190697,-16.4420466],[-71.5190198,-16.4432461]]}},{"type":"Feature","properties":{"nivel":"Tercer nivel","ancho":3.6,"color":["#000000"]},"geometry":{"type":"LineString","coordinates":[[-71.564837,-16.4222468],[-71.5643893,-16.4213479],[-71.5638513,-16.4201977],[-71.5632457,-16.4188801],[-71.5630209,-16.418357],[-71.5622576,-16.4166416],[-71.5613613,-16.4147596],[-71.5607577,-16.4135892],[-71.5603575,-16.4129841],[-71.5601339,-16.4125452],[-71.5599061,-16.4117908],[-71.5598347,-16.4113289],[-71.559851,-16.4109081],[-71.5599343,-16.4106126],[-71.5600165,-16.410233],[-71.5600782,-16.4099588],[-71.5595143,-16.4084934],[-71.5591818,-16.4080558],[-71.5586937,-16.4073887],[-71.5581585,-16.4064487],[-71.557961,-16.406346],[-71.557305,-16.4061647],[-71.5568891,-16.4060225],[-71.556607,-16.4061101],[-71.5561923,-16.406052],[-71.5555555,-16.4056812],[-71.5547426,-16.4051653],[-71.5535563,-16.4044225],[-71.5529847,-16.4040298],[-71.5526538,-16.4037184],[-71.5524566,-16.4036366]]}},{"type":"Feature","properties":{"nivel":"Segundo nivel","ancho":5.04,"color":["#000000"]},"geometry":{"type":"LineString","coordinates":[[-71.5524566,-16.4036366],[-71.551516,-16.4033536],[-71.5507308,-16.4016174],[-71.5498173,-16.4000721],[-71.547253,-16.3972427],[-71.5491026,-16.3937078],[-71.549136,-16.3929292],[-71.5475894,-16.3896038],[-71.5447789,-16.379542],[-71.5437383,-16.3799332],[-71.5425015,-16.3803268],[-71.541633,-16.3805476],[-71.5392676,-16.3812703],[-71.5370035,-16.3814027],[-71.5332914,-16.382436],[-71.5322471,-16.3825538],[-71.5314393,-16.3824163],[-71.5304544,-16.3820706],[-71.5288367,-16.3816483],[-71.5278121,-16.3815976],[-71.5269854,-16.3816916],[-71.5252811,-16.3829951],[-71.5257213,-16.3833474],[-71.5267135,-16.3842609],[-71.5280592,-16.3855488],[-71.5291131,-16.3878708],[-71.5277933,-16.3885808],[-71.5273186,-16.388944],[-71.5267383,-16.389561],[-71.5266754,-16.389751]]}},{"type":"Feature","properties":{"nivel":"Tercer nivel","ancho":3.6,"color":["#000000"]},"geometry":{"type":"LineString","coordinates":[[-71.544225,-16.4224136],[-71.5449939,-16.4228881],[-71.5458463,-16.4230881],[-71.5474263,-16.4239312],[-71.5478019,-16.4243263],[-71.5486391,-16.4250312],[-71.5490801,-16.4254255],[-71.549344,-16.4256116],[-71.5508352,-16.4263296],[-71.5549577,-16.4282986],[-71.5556146,-16.428543],[-71.5561629,-16.4288097],[-71.5566878,-16.4289505],[-71.5573232,-16.4292162],[-71.557786,-16.4296102],[-71.5581368,-16.4297742],[-71.5587275,-16.4299563],[-71.5592524,-16.4300971],[-71.5600552,-16.4298349],[-71.560141,-16.4297287]]}},{"type":"Feature","properties":{"nivel":"Segundo nivel","ancho":5.04,"color":["#000000"]},"geometry":{"type":"LineString","coordinates":[[-71.5131744,-16.4106937],[-71.5132837,-16.4107134],[-71.5174239,-16.4107269],[-71.5188398,-16.4106889],[-71.5213335,-16.4114372],[-71.523211,-16.4117091],[-71.5242167,-16.4119705],[-71.5254642,-16.4123972],[-71.5259231,-16.4124968],[-71.5264068,-16.4128275],[-71.5272883,-16.4135951],[-71.5278392,-16.4140723],[-71.5328687,-16.4171245],[-71.5346645,-16.417818],[-71.5348617,-16.4178997],[-71.5368201,-16.4193694],[-71.537809,-16.4200095],[-71.5384248,-16.4204437],[-71.5396727,-16.4208913],[-71.5408329,-16.4212979],[-71.5413133,-16.4213762],[-71.5417725,-16.4214969],[-71.5423627,-16.421637],[-71.5429755,-16.4218399],[-71.5438075,-16.4221453],[-71.544225,-16.4224136]]}},{"type":"Feature","properties":{"nivel":"Cuarto nivel","ancho":1.92,"color":["#000000"]},"geometry":{"type":"LineString","coordinates":[[-71.5182659,-16.4270386],[-71.5235471,-16.4293098],[-71.5302496,-16.4302597],[-71.5327386,-16.4306292],[-71.5360644,-16.4299791],[-71.5365424,-16.4298682],[-71.5365642,-16.4298679],[-71.536824,-16.4297386],[-71.5370179,-16.4295679],[-71.5394254,-16.4270149],[-71.5395978,-16.4268656],[-71.5397258,-16.4266537],[-71.5397021,-16.4265067],[-71.5396127,-16.4263396],[-71.5391279,-16.4259248],[-71.5378108,-16.4251835],[-71.5373914,-16.4247679],[-71.537344,-16.424474],[-71.5372528,-16.4241597],[-71.5372269,-16.4238445],[-71.5372658,-16.4234864],[-71.537387,-16.4227488],[-71.5375112,-16.4222425],[-71.5377211,-16.42163],[-71.5378878,-16.4210391],[-71.5380315,-16.4203643],[-71.5381579,-16.4200263],[-71.5384368,-16.4196864],[-71.5387567,-16.4191567],[-71.5389918,-16.4187963],[-71.5392281,-16.418541],[-71.539443,-16.4183071],[-71.5396802,-16.4181149],[-71.5396157,-16.4181788],[-71.5395509,-16.4182216],[-71.5398311,-16.4179869],[-71.540175,-16.4176251],[-71.5405168,-16.4170952],[-71.5409242,-16.4165855],[-71.5412458,-16.416182],[-71.5417191,-16.4157135],[-71.5420426,-16.4154572],[-71.5423874,-16.4151586],[-71.5430562,-16.4146457],[-71.5433792,-16.4143473],[-71.544069,-16.413771],[-71.5454924,-16.4126391]]}},{"type":"Feature","properties":{"nivel":"Cuarto nivel","ancho":1.92,"color":["#000000"]},"geometry":{"type":"LineString","coordinates":[[-71.5621668,-16.4346466],[-71.5624754,-16.4349162],[-71.5627573,-16.4348076],[-71.5631257,-16.4346559],[-71.5634512,-16.4345468],[-71.5637557,-16.434501],[-71.5640384,-16.4344555],[-71.5642582,-16.4346],[-71.564414,-16.4348505],[-71.5645718,-16.4352482],[-71.5646021,-16.4358998],[-71.5646085,-16.4363835],[-71.5646126,-16.4366989],[-71.5647045,-16.4370553],[-71.5647729,-16.4372859],[-71.5649505,-16.4375361],[-71.5651527,-16.4379963],[-71.5652666,-16.4383735],[-71.5654478,-16.4388971],[-71.5656053,-16.4392738],[-71.5657827,-16.4395029],[-71.5659388,-16.4397745],[-71.5660061,-16.4399209],[-71.5660301,-16.4400888],[-71.5660113,-16.4403204],[-71.56597,-16.4404892],[-71.5658627,-16.4406167],[-71.5657115,-16.4407237],[-71.5655626,-16.4409989],[-71.5655428,-16.4411464],[-71.5655452,-16.4413357],[-71.5656131,-16.4415241],[-71.5656377,-16.4417342],[-71.565641,-16.4419865],[-71.5656655,-16.4421965],[-71.5657124,-16.4424484],[-71.5658462,-16.4426781],[-71.5659794,-16.4428657],[-71.5660247,-16.4429914],[-71.5660487,-16.4431593],[-71.5660536,-16.4435379],[-71.5660363,-16.4438746],[-71.5659966,-16.4441695],[-71.565999,-16.4443588],[-71.5659574,-16.4445065],[-71.565828,-16.4446133],[-71.5655244,-16.4447222],[-71.565416,-16.4447656],[-71.5652866,-16.4448723],[-71.5652248,-16.4451465],[-71.5651443,-16.4456522],[-71.5651082,-16.4462206],[-71.5650478,-16.4465999],[-71.5650947,-16.4468517],[-71.5653606,-16.447185],[-71.565605,-16.4475395],[-71.5659142,-16.4478512],[-71.566158,-16.4481637],[-71.5663351,-16.4483719],[-71.5664901,-16.4485593],[-71.5666223,-16.4486628],[-71.5670611,-16.4488888],[-71.5673469,-16.4490746],[-71.5674578,-16.4492205],[-71.5675033,-16.4493671],[-71.5673974,-16.4495998],[-71.5672476,-16.4498119],[-71.5670534,-16.4499615],[-71.5668582,-16.450027],[-71.5665765,-16.4501567],[-71.5662963,-16.4503915],[-71.566039,-16.4507101],[-71.5657157,-16.4509875],[-71.5653933,-16.451328],[-71.5651136,-16.4516048],[-71.5648767,-16.451818],[-71.5647037,-16.4519253],[-71.5644425,-16.4519495],[-71.5641159,-16.4519746],[-71.5638773,-16.4520616],[-71.5636832,-16.4522112],[-71.5634479,-16.4525506],[-71.5633205,-16.4528046],[-71.5633232,-16.4530149],[-71.5633257,-16.4532041],[-71.5634377,-16.4534341],[-71.5635285,-16.4537064],[-71.5635969,-16.4539369],[-71.563665,-16.4541464],[-71.5636264,-16.4545255],[-71.5634758,-16.4546746],[-71.5634543,-16.4546959],[-71.5632168,-16.454867],[-71.5629349,-16.4549756],[-71.5626742,-16.4550419],[-71.5623923,-16.4551505],[-71.5620884,-16.4552384],[-71.5618059,-16.4553049],[-71.5614603,-16.4555405],[-71.5610295,-16.4559244],[-71.5610082,-16.4559667],[-71.5607059,-16.4561807],[-71.5603815,-16.456374],[-71.5601211,-16.4564613],[-71.5598605,-16.4565276],[-71.5596428,-16.4565513],[-71.5594693,-16.4566165],[-71.5592757,-16.4568081],[-71.5592787,-16.4570395],[-71.5592605,-16.4573131],[-71.5591549,-16.4575668],[-71.5589839,-16.4578213],[-71.5587902,-16.4580129],[-71.5585513,-16.4580789],[-71.5583552,-16.4580813],[-71.5581169,-16.4581894],[-71.5580744,-16.4582741],[-71.5577939,-16.4584878],[-71.5575136,-16.4587226],[-71.5572767,-16.4589358],[-71.5571048,-16.4591272],[-71.5568704,-16.4595297],[-71.5566155,-16.4600376],[-71.5564892,-16.4603756],[-71.5564483,-16.4605865],[-71.5564944,-16.4607752],[-71.5566938,-16.4610251],[-71.5568276,-16.4612549],[-71.5569614,-16.4614846],[-71.5571843,-16.4618605],[-71.5572314,-16.4621333],[-71.5571481,-16.4624288],[-71.5569779,-16.4627463],[-71.5568717,-16.462958],[-71.5566991,-16.4630863],[-71.5563937,-16.463069],[-71.5559123,-16.4629276],[-71.5553651,-16.462745],[-71.5474238,-16.4604861],[-71.5309878,-16.4468668]]}},{"type":"Feature","properties":{"nivel":"Cuarto nivel","ancho":1.92,"color":["#000000"]},"geometry":{"type":"LineString","coordinates":[[-71.5576886,-16.343714],[-71.5578644,-16.343838],[-71.5649105,-16.3496415],[-71.5651249,-16.3493865],[-71.5690007,-16.3525994]]}},{"type":"Feature","properties":{"nivel":"Cuarto nivel","ancho":1.92,"color":["#000000"]},"geometry":{"type":"LineString","coordinates":[[-71.5576665,-16.3436932],[-71.5574468,-16.3435487],[-71.5565065,-16.3432656],[-71.5560981,-16.3420086],[-71.5560975,-16.3419665],[-71.5560749,-16.3419037],[-71.5556003,-16.3405844],[-71.5555238,-16.339723],[-71.5556863,-16.3388166],[-71.5556451,-16.3373238],[-71.5556432,-16.3371766],[-71.5556606,-16.3368398],[-71.5558078,-16.3364384],[-71.5558756,-16.3215464]]}},{"type":"Feature","properties":{"nivel":"Cuarto nivel","ancho":1.92,"color":["#000000"]},"geometry":{"type":"LineString","coordinates":[[-71.5829588,-16.3902869],[-71.5789748,-16.3888635],[-71.5783163,-16.388493],[-71.5762124,-16.3875513],[-71.5668303,-16.3831651],[-71.5662173,-16.3829412],[-71.5657555,-16.3826103],[-71.5632993,-16.3813783],[-71.5629047,-16.3811939],[-71.5627068,-16.381049],[-71.5621333,-16.3805092],[-71.5615857,-16.3802845],[-71.5603857,-16.3801519],[-71.5596881,-16.3801183],[-71.5577476,-16.3799947]]}},{"type":"Feature","properties":{"nivel":"Cuarto nivel","ancho":1.92,"color":["#000000"]},"geometry":{"type":"LineString","coordinates":[[-71.5835169,-16.3946126],[-71.5779786,-16.394281],[-71.5760161,-16.3941579],[-71.5698901,-16.3938753],[-71.5659886,-16.3937547],[-71.563326,-16.3934086],[-71.562825,-16.3934148],[-71.5625426,-16.3934813],[-71.5619475,-16.3929627],[-71.5616395,-16.3927351],[-71.5612888,-16.3925712],[-71.5608087,-16.3925139],[-71.5605686,-16.3924748],[-71.5603333,-16.3928142],[-71.5601624,-16.3930686],[-71.5599481,-16.3933447],[-71.5597548,-16.3935573],[-71.5595808,-16.3935805],[-71.5592529,-16.3935004],[-71.5578521,-16.3930126],[-71.5572179,-16.392831],[-71.5567368,-16.3926897],[-71.5559062,-16.3924894]]}},{"type":"Feature","properties":{"nivel":"Cuarto nivel","ancho":1.92,"color":["#000000"]},"geometry":{"type":"LineString","coordinates":[[-71.5538978,-16.3988657],[-71.554117,-16.3989682],[-71.5542507,-16.399198],[-71.5544493,-16.3993848],[-71.5548221,-16.3995696],[-71.5551941,-16.3996913],[-71.5555476,-16.4000656],[-71.555769,-16.4003363],[-71.5559027,-16.400566],[-71.5562992,-16.4008977],[-71.5569327,-16.4010162],[-71.5573474,-16.4010743],[-71.5582692,-16.4015889],[-71.5589942,-16.4020427],[-71.5593471,-16.402375],[-71.5605117,-16.403118],[-71.5612176,-16.4037824],[-71.5620727,-16.4041926],[-71.5622269,-16.4043169],[-71.5623592,-16.4044415],[-71.5624268,-16.4046089],[-71.5625172,-16.4048602],[-71.5627673,-16.4056564],[-71.563366,-16.4064483],[-71.5652715,-16.4088649],[-71.5659331,-16.4094667],[-71.5672237,-16.4098506],[-71.5687338,-16.4103579],[-71.5695201,-16.4104955],[-71.5701767,-16.4107188],[-71.5712715,-16.4111261],[-71.5721446,-16.4112416],[-71.5724292,-16.4113432],[-71.5734405,-16.4120249],[-71.5739675,-16.412334],[-71.5749101,-16.4127641],[-71.5762895,-16.413273],[-71.5772997,-16.4138705],[-71.5782228,-16.4144691],[-71.5788386,-16.4149032],[-71.5789919,-16.4149644],[-71.5791888,-16.4150251],[-71.5795366,-16.4149577],[-71.5798419,-16.414975],[-71.5804306,-16.4150098],[-71.5810214,-16.4151919],[-71.5813291,-16.4153984],[-71.5815272,-16.4155432],[-71.5817475,-16.4157298],[-71.5819679,-16.4159164],[-71.5822354,-16.4163758],[-71.5824575,-16.4166885],[-71.5829194,-16.4170194],[-71.5834476,-16.4174125],[-71.5839112,-16.4178695],[-71.5845304,-16.4185559],[-71.5849753,-16.4192445],[-71.5863648,-16.4205104],[-71.5867206,-16.4210528],[-71.5869996,-16.4223744],[-71.5872465,-16.4229182],[-71.5873632,-16.4235056],[-71.5873674,-16.4238211],[-71.5873716,-16.4241365],[-71.5874419,-16.4245142],[-71.5873774,-16.4245781],[-71.5870693,-16.4243506],[-71.5868733,-16.424353],[-71.5865258,-16.4244414],[-71.5862006,-16.4245716],[-71.5858082,-16.4245554],[-71.5855018,-16.424454],[-71.5853269,-16.4244141],[-71.5852191,-16.4244996],[-71.5850037,-16.4246915],[-71.5848741,-16.4247772],[-71.5847657,-16.4248206],[-71.5845266,-16.4248656],[-71.584397,-16.4249514],[-71.5843107,-16.4250155],[-71.5838112,-16.4267884],[-71.5842796,-16.4276029],[-71.5846103,-16.4278932],[-71.5850753,-16.4284554],[-71.5850381,-16.4289396],[-71.5850247,-16.4295707],[-71.5849048,-16.4303925],[-71.5849294,-16.4306025],[-71.585042,-16.4308745],[-71.5850671,-16.4311266],[-71.5850472,-16.431274],[-71.5849179,-16.4313808],[-71.5845701,-16.4314482],[-71.584352,-16.4314298],[-71.5840897,-16.43137],[-71.583895,-16.4314775],[-71.5837665,-16.4316474],[-71.5836855,-16.4321111],[-71.5837564,-16.4325309],[-71.5835005,-16.4329547],[-71.5835471,-16.4331854],[-71.5837466,-16.4334354],[-71.5838357,-16.4335815],[-71.5834093,-16.4343018],[-71.5832599,-16.434535],[-71.5830219,-16.4346642],[-71.5828275,-16.4347927],[-71.5826579,-16.4351524],[-71.5824889,-16.4355541],[-71.5824031,-16.4356603],[-71.5822092,-16.4358309],[-71.5818397,-16.4358986],[-71.5817553,-16.43611],[-71.5818673,-16.4363399],[-71.5820449,-16.4365901],[-71.5822005,-16.4368196],[-71.5822259,-16.4370927],[-71.5846488,-16.4390398],[-71.585001,-16.4393089],[-71.5852033,-16.4397691],[-71.585251,-16.440084],[-71.5853217,-16.4404828],[-71.5853043,-16.4408195],[-71.585308,-16.4410929],[-71.5855736,-16.4414051],[-71.5858404,-16.4418014],[-71.5859521,-16.4420103],[-71.5859993,-16.4422832],[-71.5861325,-16.4424708],[-71.5863538,-16.4427205],[-71.5864663,-16.4429925],[-71.5872217,-16.4440769],[-71.5871577,-16.4441828],[-71.5869649,-16.4444376],[-71.5869669,-16.4445848],[-71.5871895,-16.4449396],[-71.5871898,-16.4449606],[-71.5879264,-16.4462765],[-71.5882125,-16.4464833],[-71.5882127,-16.4465044],[-71.5895888,-16.4483802],[-71.5899031,-16.4490704],[-71.5896435,-16.4492209],[-71.5886672,-16.4495484],[-71.5877998,-16.4498746],[-71.5877783,-16.4498959],[-71.5869941,-16.4499266],[-71.5868201,-16.4499498]]}},{"type":"Feature","properties":{"nivel":"Cuarto nivel","ancho":1.92,"color":["#000000"]},"geometry":{"type":"LineString","coordinates":[[-71.5616022,-16.4314776],[-71.5610423,-16.4319892],[-71.5600445,-16.4323379],[-71.5598337,-16.4328873],[-71.5601639,-16.4331357],[-71.5621207,-16.4344579],[-71.5621866,-16.4361607],[-71.5612285,-16.437876],[-71.5592498,-16.4398773],[-71.5558911,-16.44301],[-71.5538704,-16.4451379],[-71.5513333,-16.4477769],[-71.5516185,-16.4479206],[-71.551795,-16.4480867],[-71.55195,-16.4482741],[-71.5524368,-16.4488361],[-71.55277,-16.4493158],[-71.5530144,-16.4496704],[-71.5540082,-16.4506678],[-71.5543621,-16.4510631],[-71.5548489,-16.4516251],[-71.5545904,-16.4518596],[-71.5537921,-16.4524793],[-71.5526493,-16.4534186],[-71.5520033,-16.4540154],[-71.5524085,-16.454999],[-71.5525883,-16.4554175],[-71.5526559,-16.4555849],[-71.5528589,-16.4561082],[-71.5532177,-16.4568821],[-71.5534205,-16.4573844],[-71.5534872,-16.4574887],[-71.5535752,-16.4575508],[-71.5537289,-16.457633],[-71.5539694,-16.4576932],[-71.5546692,-16.4578739],[-71.5550636,-16.4580374],[-71.5550032,-16.4584167],[-71.5547293,-16.4591352],[-71.554627,-16.4596412],[-71.5545674,-16.4600836],[-71.5544852,-16.4604632],[-71.5544234,-16.4607374],[-71.5544931,-16.461073],[-71.5547149,-16.4613648],[-71.5549579,-16.4616142],[-71.5552644,-16.4617156],[-71.5555033,-16.4616496],[-71.5557195,-16.4615208],[-71.5558252,-16.4612671],[-71.5559292,-16.4608873],[-71.5559692,-16.4606133],[-71.5560754,-16.4604017],[-71.5562919,-16.4602939],[-71.5565305,-16.4602069]]}},{"type":"Feature","properties":{"nivel":"Cuarto nivel","ancho":1.92,"color":["#000000"]},"geometry":{"type":"LineString","coordinates":[[-71.4835619,-16.4706973],[-71.4836731,-16.4691605],[-71.4837301,-16.4685078],[-71.4836629,-16.4683614],[-71.4837186,-16.4676035],[-71.4837302,-16.4668041],[-71.4841007,-16.4667997],[-71.4845374,-16.4668576],[-71.4847981,-16.4667914],[-71.4855377,-16.4666775],[-71.4861684,-16.4665648],[-71.4863635,-16.4664784],[-71.4870125,-16.4660921],[-71.4872067,-16.4659425],[-71.4874204,-16.4656035],[-71.4877408,-16.4650948],[-71.4882598,-16.4647732],[-71.4889755,-16.4644912],[-71.4895836,-16.4643157],[-71.4906722,-16.4642187],[-71.4915864,-16.4641236],[-71.4919356,-16.4641616],[-71.4925254,-16.4642597],[-71.492788,-16.4643407],[-71.4930062,-16.4643591],[-71.49329,-16.4643978],[-71.4932607,-16.4638092],[-71.4932556,-16.4634097],[-71.4927264,-16.4629322],[-71.4923298,-16.4626004],[-71.4920661,-16.4624353],[-71.4917156,-16.4622922],[-71.4913217,-16.4621707],[-71.4911907,-16.4621512],[-71.4910357,-16.4619637],[-71.4910467,-16.4611223],[-71.4913298,-16.4610979],[-71.4915894,-16.4609476],[-71.4917183,-16.4607988],[-71.4917785,-16.4603984],[-71.4918383,-16.459956],[-71.4919844,-16.4594495],[-71.4921127,-16.4592587],[-71.49248,-16.4590019],[-71.4928693,-16.4587659],[-71.4931472,-16.4583419],[-71.4934275,-16.4581072],[-71.4940063,-16.4573431],[-71.4946463,-16.4562628],[-71.4946633,-16.455884],[-71.4947789,-16.4547047],[-71.4948831,-16.4543249],[-71.4952872,-16.4535418],[-71.4954975,-16.4529504],[-71.4957047,-16.4521066],[-71.4957615,-16.4514328],[-71.4957776,-16.450991],[-71.4958839,-16.4507794],[-71.4960125,-16.4506096],[-71.4962718,-16.4504382],[-71.4965734,-16.4501612],[-71.4967663,-16.4499065],[-71.4971532,-16.4494812],[-71.4995491,-16.4476648],[-71.5008662,-16.4467026],[-71.5024898,-16.4458419],[-71.5047196,-16.4446794]]}},{"type":"Feature","properties":{"nivel":"Cuarto nivel","ancho":1.92,"color":["#000000"]},"geometry":{"type":"LineString","coordinates":[[-71.5046979,-16.4446797],[-71.5052857,-16.4446306],[-71.505679,-16.44471],[-71.5059843,-16.4447274],[-71.5070722,-16.4445882],[-71.508965,-16.4443342],[-71.5094213,-16.4442236],[-71.5100295,-16.444069],[-71.5111373,-16.4437823],[-71.5119845,-16.4435619],[-71.5126589,-16.4434696],[-71.5131827,-16.4435265],[-71.5139905,-16.443643],[-71.5153434,-16.443774],[-71.5180029,-16.4438262],[-71.5180247,-16.4438259]]}},{"type":"Feature","properties":{"nivel":"Cuarto nivel","ancho":1.92,"color":["#000000"]},"geometry":{"type":"LineString","coordinates":[[-71.5134688,-16.4285053],[-71.5123838,-16.4305585],[-71.5122108,-16.4306658],[-71.5111002,-16.4324248],[-71.5106922,-16.4328925],[-71.5105443,-16.4332518],[-71.5105701,-16.433567],[-71.5105091,-16.4339042],[-71.510381,-16.4341161],[-71.5100566,-16.4343093],[-71.5097309,-16.4343973],[-71.5093182,-16.4345074],[-71.5084714,-16.4347489],[-71.5082115,-16.4348782],[-71.5080397,-16.4350696],[-71.5077852,-16.4356195],[-71.5073027,-16.4370766],[-71.5067752,-16.438429],[-71.5063271,-16.4391705],[-71.5057253,-16.4398297],[-71.5053818,-16.4402335],[-71.505126,-16.4406782],[-71.5046116,-16.4413575],[-71.50438,-16.4419912],[-71.504146,-16.4424357],[-71.5035238,-16.4432003],[-71.503074,-16.4438157],[-71.5030318,-16.4439214],[-71.5040635,-16.444498],[-71.5045448,-16.4446394],[-71.5047196,-16.4446794]]}},{"type":"Feature","properties":{"nivel":"Cuarto nivel","ancho":1.92,"color":["#000000"]},"geometry":{"type":"LineString","coordinates":[[-71.5257346,-16.3995848],[-71.5202301,-16.3951287],[-71.5132171,-16.3868625],[-71.5093664,-16.3821971],[-71.5083702,-16.380968],[-71.5104195,-16.379366]]}},{"type":"Feature","properties":{"nivel":"Cuarto nivel","ancho":1.92,"color":["#000000"]},"geometry":{"type":"LineString","coordinates":[[-71.5174456,-16.4022503],[-71.5206853,-16.400024],[-71.523929,-16.3981131]]}},{"type":"Feature","properties":{"nivel":"Cuarto nivel","ancho":1.92,"color":["#000000"]},"geometry":{"type":"LineString","coordinates":[[-71.523929,-16.3981131],[-71.5234002,-16.3976567],[-71.5227319,-16.3982116],[-71.522084,-16.3986611],[-71.5211718,-16.3988824],[-71.5196713,-16.3991107],[-71.5173881,-16.3994746],[-71.513076,-16.3996314],[-71.5071756,-16.3999753],[-71.5070911,-16.4001867],[-71.5070059,-16.4003349],[-71.5068332,-16.4004632],[-71.5067256,-16.4005696],[-71.5063994,-16.4006156],[-71.5062237,-16.4005125],[-71.5060258,-16.4003677],[-71.505937,-16.4002425]]}},{"type":"Feature","properties":{"nivel":"Cuarto nivel","ancho":1.92,"color":["#000000"]},"geometry":{"type":"LineString","coordinates":[[-71.5127084,-16.4117299],[-71.5121164,-16.4131462],[-71.5102706,-16.4170384],[-71.5087637,-16.4201694],[-71.506051,-16.4244505],[-71.5050192,-16.4255566]]}},{"type":"Feature","properties":{"nivel":"Cuarto nivel","ancho":1.92,"color":["#000000"]},"geometry":{"type":"LineString","coordinates":[[-71.540814,-16.4550138],[-71.5403521,-16.4530212],[-71.5401208,-16.4519934],[-71.5396794,-16.4498955],[-71.5392854,-16.4480915],[-71.5388925,-16.4463715],[-71.5384738,-16.4443364],[-71.538218,-16.4430986],[-71.5378172,-16.4407688],[-71.537533,-16.4390265],[-71.5373922,-16.43825],[-71.5370476,-16.436887],[-71.536165,-16.4343738],[-71.5359373,-16.4336193],[-71.5357036,-16.4324022],[-71.5351948,-16.4301368]]}},{"type":"Feature","properties":{"nivel":"Cuarto nivel","ancho":1.92,"color":["#000000"]},"geometry":{"type":"LineString","coordinates":[[-71.5015073,-16.4864689],[-71.5011918,-16.4839697],[-71.5010101,-16.483404],[-71.5008298,-16.4829434],[-71.5004343,-16.4826957],[-71.5000584,-16.4822796],[-71.499831,-16.4815461],[-71.4986948,-16.477942],[-71.4980856,-16.4763297],[-71.4974777,-16.4748225],[-71.4973201,-16.4744248]]}},{"type":"Feature","properties":{"nivel":"Cuarto nivel","ancho":1.92,"color":["#000000"]},"geometry":{"type":"LineString","coordinates":[[-71.5474731,-16.424183],[-71.5470235,-16.4247985],[-71.546532,-16.4255406],[-71.54619,-16.4260495],[-71.5460631,-16.4263455],[-71.5461306,-16.4265129],[-71.5462641,-16.4267217],[-71.5466615,-16.4271165],[-71.5469701,-16.4273861],[-71.5473005,-16.4276555],[-71.5474552,-16.4278219],[-71.5474786,-16.4279478],[-71.5474152,-16.4280958],[-71.5469865,-16.4286479],[-71.5466644,-16.4290094],[-71.5463852,-16.4293282],[-71.5459343,-16.4298385],[-71.5451832,-16.430731],[-71.5449449,-16.4308391],[-71.5445099,-16.4309074],[-71.544203,-16.4307639],[-71.5437675,-16.4307902],[-71.5436055,-16.4317387],[-71.5431335,-16.4323123],[-71.5431156,-16.432607],[-71.5432943,-16.4329413],[-71.5434291,-16.4332552],[-71.5434836,-16.4340958],[-71.5436019,-16.4348095],[-71.5438051,-16.4353539],[-71.5439844,-16.4357303],[-71.5443393,-16.4362098],[-71.5446896,-16.4363317],[-71.5447381,-16.4367097],[-71.5446765,-16.4370049],[-71.5445061,-16.4373014],[-71.5445088,-16.4375117],[-71.5446428,-16.4377625],[-71.5448417,-16.4379704],[-71.5450841,-16.4381778],[-71.5453036,-16.4383013],[-71.5454363,-16.4384469],[-71.5456768,-16.4385071],[-71.5458318,-16.4386945],[-71.5460298,-16.4388394],[-71.5462485,-16.4388998],[-71.5466849,-16.4389366],[-71.5470117,-16.4389326],[-71.5472729,-16.4389084],[-71.5475327,-16.438779],[-71.5477065,-16.4387349],[-71.5478604,-16.4388382],[-71.5480799,-16.4389617],[-71.548257,-16.4391699],[-71.5485209,-16.4393559],[-71.5489385,-16.4396243],[-71.5492008,-16.4396842],[-71.5495072,-16.4397856],[-71.5498346,-16.4398237],[-71.5509472,-16.4399153],[-71.5516037,-16.4401177],[-71.5522598,-16.440299],[-71.5527185,-16.4403775],[-71.5532417,-16.4403922],[-71.554025,-16.4402985],[-71.5546346,-16.440249],[-71.5547435,-16.4402477],[-71.554882,-16.4408349],[-71.5549487,-16.4409393],[-71.5554443,-16.4421742],[-71.5556462,-16.4426134],[-71.5558928,-16.4431362],[-71.5560268,-16.443387],[-71.556843,-16.4441342],[-71.5572189,-16.4445502]]}},{"type":"Feature","properties":{"nivel":"Cuarto nivel","ancho":1.92,"color":["#000000"]},"geometry":{"type":"LineString","coordinates":[[-71.5474555,-16.427843],[-71.5477611,-16.4278813],[-71.5481543,-16.4279607],[-71.5485694,-16.4280398],[-71.5490065,-16.4281396],[-71.5492266,-16.4283052],[-71.5495565,-16.4285325],[-71.5497316,-16.4285935],[-71.5498623,-16.4285919],[-71.5501017,-16.428568],[-71.5502542,-16.4285661],[-71.5504514,-16.4286479],[-71.5506483,-16.4287086],[-71.5508463,-16.4288534],[-71.5509351,-16.4289785],[-71.5512435,-16.4292271],[-71.5513546,-16.4293941],[-71.5514023,-16.429709],[-71.5514059,-16.4299823],[-71.5513435,-16.4302145],[-71.5513452,-16.4303406],[-71.5515062,-16.4309907],[-71.5516637,-16.4313674],[-71.5517765,-16.4316605],[-71.5520009,-16.4321625],[-71.5520919,-16.4324559],[-71.5521162,-16.4326449],[-71.5520117,-16.4329826],[-71.5518412,-16.4332792],[-71.5516065,-16.4336606],[-71.5515438,-16.4338717],[-71.5513761,-16.4343785],[-71.5510289,-16.4344879],[-71.5505294,-16.4346202],[-71.5504668,-16.4348313],[-71.5503233,-16.4355271],[-71.5501755,-16.4358865],[-71.5500712,-16.4362453],[-71.5499669,-16.4366041],[-71.5499953,-16.4371086],[-71.5500446,-16.4375496],[-71.5500926,-16.4378856],[-71.5501392,-16.4381164],[-71.5506436,-16.4383626],[-71.5509506,-16.4385061],[-71.5513913,-16.4388793],[-71.5515913,-16.4391714],[-71.551855,-16.4393364],[-71.5522047,-16.4394163],[-71.5524237,-16.4394978],[-71.5525563,-16.4396434],[-71.5531651,-16.4395308],[-71.5535112,-16.4393373],[-71.5535951,-16.4390839],[-71.5535471,-16.4387479],[-71.5536073,-16.4383476],[-71.5537148,-16.4382411],[-71.5539291,-16.4379651],[-71.5543818,-16.437581],[-71.5547039,-16.4372195],[-71.5550961,-16.4372147],[-71.5551858,-16.4374029],[-71.5553843,-16.4375898],[-71.5556494,-16.43786],[-71.5566149,-16.4400356],[-71.5574208,-16.4416663],[-71.5575132,-16.4420648],[-71.5580417,-16.442479],[-71.5585729,-16.4431035],[-71.5586397,-16.4432078],[-71.5576707,-16.444103],[-71.5560351,-16.4456794],[-71.5556064,-16.4462315],[-71.5555223,-16.4464639],[-71.5552856,-16.4466981],[-71.5548777,-16.4471658],[-71.554491,-16.4475912],[-71.5542764,-16.4478462],[-71.5541277,-16.4481424],[-71.5530748,-16.449291],[-71.5528812,-16.4494827]]}},{"type":"Feature","properties":{"nivel":"Cuarto nivel","ancho":1.92,"color":["#000000"]},"geometry":{"type":"LineString","coordinates":[[-71.5649105,-16.3496415],[-71.5640726,-16.3505351],[-71.5638123,-16.3506224],[-71.5623799,-16.3510184],[-71.5610565,-16.3514341],[-71.5604056,-16.3516313],[-71.5602543,-16.3517173],[-71.5598688,-16.3522268],[-71.5590731,-16.3530147],[-71.5586648,-16.3534403],[-71.5584914,-16.3535055],[-71.5582278,-16.3533404],[-71.5576993,-16.3529052],[-71.5574107,-16.352488]]}},{"type":"Feature","properties":{"nivel":"Cuarto nivel","ancho":1.92,"color":["#000000"]},"geometry":{"type":"LineString","coordinates":[[-71.5999782,-16.3215123],[-71.6011296,-16.3245899],[-71.6277218,-16.3555345]]}},{"type":"Feature","properties":{"nivel":"Cuarto nivel","ancho":1.92,"color":["#000000"]},"geometry":{"type":"LineString","coordinates":[[-71.5574322,-16.3524667],[-71.5571151,-16.3498625],[-71.5582721,-16.3483762],[-71.5567873,-16.3447555],[-71.5565422,-16.3443378],[-71.5563846,-16.3439401],[-71.5563149,-16.3436045],[-71.5565721,-16.3432858]]}},{"type":"Feature","properties":{"nivel":"Cuarto nivel","ancho":1.92,"color":["#000000"]},"geometry":{"type":"LineString","coordinates":[[-71.6004262,-16.3455045],[-71.6058765,-16.3524408],[-71.6098199,-16.3574186],[-71.6127103,-16.3552796]]}},{"type":"Feature","properties":{"nivel":"Cuarto nivel","ancho":1.92,"color":["#000000"]},"geometry":{"type":"LineString","coordinates":[[-71.5667066,-16.3554036],[-71.5679439,-16.3550731],[-71.5726312,-16.3537118],[-71.5807678,-16.3512777],[-71.582179,-16.3509239],[-71.5881245,-16.3491894],[-71.5946326,-16.3471743],[-71.6004262,-16.3455045],[-71.6007948,-16.3453737],[-71.6040341,-16.3449131],[-71.6043309,-16.3442995],[-71.604719,-16.3440002],[-71.6053902,-16.3436975],[-71.606132,-16.3437935],[-71.606681,-16.3441232],[-71.607121,-16.3444543],[-71.6077749,-16.3444882],[-71.608469,-16.3442693],[-71.6089673,-16.3440739],[-71.6097893,-16.3436431],[-71.6160389,-16.341883]]}},{"type":"Feature","properties":{"nivel":"Cuarto nivel","ancho":1.92,"color":["#000000"]},"geometry":{"type":"LineString","coordinates":[[-71.5291242,-16.4089668],[-71.5283788,-16.4119835],[-71.5279789,-16.413082],[-71.5277256,-16.4153987],[-71.527386,-16.4160969],[-71.5264608,-16.4186951],[-71.5250322,-16.4228137],[-71.5248034,-16.4236578],[-71.5245384,-16.4250702],[-71.5244545,-16.4253236]]}},{"type":"Feature","properties":{"nivel":"Cuarto nivel","ancho":1.92,"color":["#000000"]},"geometry":{"type":"LineString","coordinates":[[-71.5075035,-16.4221616],[-71.5146519,-16.4256096],[-71.5182444,-16.4270599]]}},{"type":"Feature","properties":{"nivel":"Quinto nivel","ancho":0.96,"color":["#000000"]},"geometry":{"type":"LineString","coordinates":[[-71.5408236,-16.3213706],[-71.5389917,-16.3194997],[-71.5377957,-16.3179577],[-71.5333448,-16.3122691]]}},{"type":"Feature","properties":{"nivel":"Cuarto nivel","ancho":1.92,"color":["#000000"]},"geometry":{"type":"LineString","coordinates":[[-71.5600552,-16.4298349],[-71.5581378,-16.434843],[-71.5550584,-16.4359953],[-71.5550961,-16.4372147]]}},{"type":"Feature","properties":{"nivel":"Quinto nivel","ancho":0.96,"color":["#000000"]},"geometry":{"type":"LineString","coordinates":[[-71.53698,-16.4367196],[-71.5376972,-16.4365637],[-71.5382215,-16.4366625],[-71.5388991,-16.4368226],[-71.5394008,-16.4368585]]}},{"type":"Feature","properties":{"nivel":"Cuarto nivel","ancho":1.92,"color":["#000000"]},"geometry":{"type":"LineString","coordinates":[[-71.5477065,-16.4387349],[-71.5477597,-16.4394704],[-71.5477431,-16.4398702],[-71.5468952,-16.4400277],[-71.545656,-16.4402531],[-71.546057,-16.4409213],[-71.5467768,-16.4409756],[-71.5468946,-16.4416472],[-71.5469651,-16.442046],[-71.5472528,-16.442379],[-71.5474348,-16.4429657],[-71.5478664,-16.4443066],[-71.5481162,-16.4450818],[-71.5482345,-16.4457954],[-71.5480543,-16.4470175],[-71.5469896,-16.4472618],[-71.5460115,-16.447463],[-71.5452113,-16.4479354],[-71.5447385,-16.448446],[-71.5444574,-16.4486176],[-71.5434319,-16.4485249],[-71.5412054,-16.4482575],[-71.5399182,-16.4481469],[-71.5392854,-16.4480915]]}},{"type":"Feature","properties":{"nivel":"Quinto nivel","ancho":0.96,"color":["#000000"]},"geometry":{"type":"LineString","coordinates":[[-71.5396667,-16.4371918],[-71.5392676,-16.4366709],[-71.5382685,-16.4352527],[-71.5376701,-16.4344817],[-71.5373353,-16.4338758],[-71.536074,-16.4340804]]}},{"type":"Feature","properties":{"nivel":"Cuarto nivel","ancho":1.92,"color":["#000000"]},"geometry":{"type":"LineString","coordinates":[[-71.5307012,-16.436522],[-71.5275164,-16.4379697],[-71.5274254,-16.4376763],[-71.5254243,-16.4379738],[-71.5214213,-16.4368231],[-71.5211364,-16.4367004],[-71.5211138,-16.4366375]]}},{"type":"Feature","properties":{"nivel":"Cuarto nivel","ancho":1.92,"color":["#000000"]},"geometry":{"type":"LineString","coordinates":[[-71.494472,-16.4681908],[-71.4941311,-16.4671011],[-71.4939454,-16.4662199],[-71.4938289,-16.4656324],[-71.4935607,-16.4651097],[-71.4933613,-16.4648597],[-71.49329,-16.4643978]]}},{"type":"Feature","properties":{"nivel":"Cuarto nivel","ancho":1.92,"color":["#000000"]},"geometry":{"type":"LineString","coordinates":[[-71.494472,-16.4681908],[-71.4938184,-16.4682196],[-71.4904377,-16.4680495]]}},{"type":"Feature","properties":{"nivel":"Cuarto nivel","ancho":1.92,"color":["#000000"]},"geometry":{"type":"LineString","coordinates":[[-71.4904377,-16.4680495],[-71.4900463,-16.4681173],[-71.4893731,-16.4683146],[-71.488938,-16.4683829],[-71.4883924,-16.4683263],[-71.4879328,-16.4681845],[-71.4875403,-16.4681681],[-71.4868644,-16.4681551],[-71.4867591,-16.4701545],[-71.4867241,-16.470828],[-71.4846093,-16.47079],[-71.4835619,-16.4706973]]}},{"type":"Feature","properties":{"nivel":"Cuarto nivel","ancho":1.92,"color":["#000000"]},"geometry":{"type":"LineString","coordinates":[[-71.4745337,-16.4772405],[-71.4745972,-16.4770926],[-71.474876,-16.4767317],[-71.4753066,-16.4763059],[-71.4755008,-16.4761564],[-71.4755875,-16.4761133],[-71.4758227,-16.4757529],[-71.4760374,-16.475498],[-71.476035,-16.4753087],[-71.4765328,-16.4750294],[-71.4770519,-16.4747077],[-71.4774609,-16.4743033],[-71.4776549,-16.4741327],[-71.4779563,-16.4738347],[-71.4781495,-16.473601],[-71.4784506,-16.4732819],[-71.4786438,-16.4730483],[-71.4788165,-16.47292],[-71.4791833,-16.4726212],[-71.4794639,-16.4724076],[-71.479853,-16.4721505],[-71.4803263,-16.4716612],[-71.4810795,-16.470895],[-71.4813171,-16.4707239],[-71.4817097,-16.4707403],[-71.4835619,-16.4706973]]}},{"type":"Feature","properties":{"nivel":"Cuarto nivel","ancho":1.92,"color":["#000000"]},"geometry":{"type":"LineString","coordinates":[[-71.5364802,-16.3291],[-71.5393032,-16.3351866],[-71.5397117,-16.3364647],[-71.5408231,-16.3449276],[-71.5402356,-16.3449767],[-71.5411707,-16.3549561],[-71.5434772,-16.35476],[-71.5441463,-16.3660466],[-71.5439879,-16.3672684],[-71.5445561,-16.3690914],[-71.5445823,-16.3694276],[-71.5444699,-16.3708382],[-71.5444146,-16.3716171],[-71.5443659,-16.3729007],[-71.5443556,-16.3737842],[-71.5444523,-16.3745191],[-71.5446696,-16.3761571],[-71.5446169,-16.3788079],[-71.5447569,-16.3795213]]}},{"type":"Feature","properties":{"nivel":"Cuarto nivel","ancho":1.92,"color":["#000000"]},"geometry":{"type":"LineString","coordinates":[[-71.5322923,-16.3826794],[-71.5316438,-16.3813832],[-71.5294201,-16.3795801],[-71.5258525,-16.3766152],[-71.5244255,-16.37577],[-71.5218577,-16.3743074],[-71.5169196,-16.371485],[-71.516722,-16.3713612],[-71.5166781,-16.3713407]]}},{"type":"Feature","properties":{"nivel":"Cuarto nivel","ancho":1.92,"color":["#000000"]},"geometry":{"type":"LineString","coordinates":[[-71.5223585,-16.3641214],[-71.5224903,-16.3642039],[-71.523435,-16.3648236],[-71.5238093,-16.3651346],[-71.5264934,-16.3688673],[-71.5289567,-16.3723713],[-71.5290571,-16.3734007],[-71.5289493,-16.3734861],[-71.5287742,-16.3734252],[-71.5287492,-16.3731731],[-71.5286776,-16.3726902],[-71.5285238,-16.3725868],[-71.5283283,-16.3726313],[-71.5283092,-16.3728418],[-71.5283138,-16.3731993],[-71.5282079,-16.373432],[-71.5280132,-16.3735395],[-71.5275797,-16.3737129],[-71.5275394,-16.3739658],[-71.5277384,-16.3741948],[-71.5279592,-16.3744235],[-71.5282239,-16.3746727],[-71.5283578,-16.3749235],[-71.5285155,-16.3753212],[-71.5291109,-16.375882],[-71.5291548,-16.3759025],[-71.5291768,-16.3759233],[-71.5297911,-16.3762524],[-71.530206,-16.3763315],[-71.5305992,-16.3764109],[-71.5309273,-16.3765122],[-71.5311473,-16.3766778],[-71.5314138,-16.3770742],[-71.5316363,-16.3774291],[-71.5317052,-16.3777017],[-71.5317109,-16.3781433],[-71.5316945,-16.3785642],[-71.5317073,-16.3795526],[-71.531649,-16.3801001],[-71.5316321,-16.3804789],[-71.5316351,-16.3807102],[-71.5316384,-16.3809626],[-71.5317279,-16.3811508],[-71.5318826,-16.3813172],[-71.531906,-16.3814431],[-71.5318845,-16.3814644],[-71.531842,-16.3815491],[-71.5317551,-16.3815712]]}},{"type":"Feature","properties":{"nivel":"Cuarto nivel","ancho":1.92,"color":["#000000"]},"geometry":{"type":"LineString","coordinates":[[-71.5158089,-16.3630219],[-71.5160751,-16.3616936],[-71.5199181,-16.3623838],[-71.5215888,-16.3635627]]}},{"type":"Feature","properties":{"nivel":"Quinto nivel","ancho":0.96,"color":["#000000"]},"geometry":{"type":"LineString","coordinates":[[-71.5349338,-16.4133768],[-71.5354374,-16.41356],[-71.5363148,-16.4140121],[-71.5367974,-16.4142587],[-71.5373007,-16.4144208],[-71.5383503,-16.4147026],[-71.5388304,-16.4147599],[-71.5395085,-16.414962],[-71.5400537,-16.4149975],[-71.5402509,-16.4150793],[-71.5409053,-16.4151344],[-71.5413659,-16.4153602],[-71.5418057,-16.4156704]]}},{"type":"Feature","properties":{"nivel":"Quinto nivel","ancho":0.96,"color":["#000000"]},"geometry":{"type":"LineString","coordinates":[[-71.5398492,-16.3958811],[-71.5389833,-16.3963122],[-71.5379646,-16.3967242],[-71.5314797,-16.3990319],[-71.5308948,-16.3992913],[-71.5296454,-16.4004001]]}},{"type":"Feature","properties":{"nivel":"Quinto nivel","ancho":0.96,"color":["#000000"]},"geometry":{"type":"LineString","coordinates":[[-71.4879278,-16.397638],[-71.487973,-16.3977637],[-71.4881933,-16.3979504],[-71.488501,-16.3981571],[-71.4887422,-16.3982804],[-71.4887927,-16.3988267],[-71.4888002,-16.3994156],[-71.4890028,-16.4016427],[-71.4890528,-16.4021469],[-71.4890536,-16.40221],[-71.4890757,-16.4022308],[-71.4890762,-16.4022729],[-71.4890765,-16.4022939],[-71.4892755,-16.4025229],[-71.4893427,-16.4026693],[-71.489343,-16.4026904],[-71.4893435,-16.4027324],[-71.4893438,-16.4027535],[-71.4893024,-16.4029222],[-71.4893026,-16.4029433],[-71.4893032,-16.4029853],[-71.4893268,-16.4031323],[-71.4893271,-16.4031533],[-71.4894156,-16.4032574],[-71.4894376,-16.4032782],[-71.4894818,-16.4033197],[-71.489482,-16.4033408],[-71.489681,-16.4035698],[-71.4897031,-16.4035906],[-71.489794,-16.4038839],[-71.4904925,-16.4039808]]}},{"type":"Feature","properties":{"nivel":"Quinto nivel","ancho":0.96,"color":["#000000"]},"geometry":{"type":"LineString","coordinates":[[-71.5704032,-16.3848251],[-71.5702129,-16.3852691],[-71.5700492,-16.3893935],[-71.5699403,-16.3927179],[-71.5697992,-16.3969051],[-71.5699329,-16.3971348],[-71.5713536,-16.3991366],[-71.5717797,-16.4000568],[-71.5725471,-16.400426],[-71.5732772,-16.4045815]]}},{"type":"Feature","properties":{"nivel":"Quinto nivel","ancho":0.96,"color":["#000000"]},"geometry":{"type":"LineString","coordinates":[[-71.5835521,-16.3360792],[-71.5858031,-16.3333385],[-71.5877182,-16.3315693],[-71.5900692,-16.3298158],[-71.5926186,-16.3282491]]}},{"type":"Feature","properties":{"nivel":"Quinto nivel","ancho":0.96,"color":["#000000"]},"geometry":{"type":"LineString","coordinates":[[-71.5104986,-16.4025438],[-71.5080393,-16.4044662],[-71.5073941,-16.4051259],[-71.5061797,-16.4055821],[-71.4984568,-16.4048538]]}},{"type":"Feature","properties":{"nivel":"Quinto nivel","ancho":0.96,"color":["#000000"]},"geometry":{"type":"LineString","coordinates":[[-71.5030925,-16.3924941],[-71.5030108,-16.3946194],[-71.5040785,-16.3946277],[-71.504763,-16.3953347],[-71.5051828,-16.3957924],[-71.5056419,-16.3959132],[-71.5061642,-16.3958649],[-71.5066457,-16.3960274],[-71.5067347,-16.3961736],[-71.5060325,-16.397486],[-71.5066895,-16.3977516]]}},{"type":"Feature","properties":{"nivel":"Quinto nivel","ancho":0.96,"color":["#000000"]},"geometry":{"type":"LineString","coordinates":[[-71.5067113,-16.3977513],[-71.5082003,-16.3983225],[-71.5112879,-16.3995266],[-71.5114654,-16.3997769],[-71.5118853,-16.4002346],[-71.5138649,-16.4016832],[-71.5162138,-16.4030433]]}},{"type":"Feature","properties":{"nivel":"Quinto nivel","ancho":0.96,"color":["#000000"]},"geometry":{"type":"LineString","coordinates":[[-71.5707737,-16.3216178],[-71.5795891,-16.3311851],[-71.5791371,-16.3315903],[-71.5808139,-16.3332313],[-71.5834634,-16.3359541],[-71.5841032,-16.3365772],[-71.5847656,-16.3372632],[-71.5853187,-16.3379084],[-71.5858984,-16.3389319],[-71.5858772,-16.3389742],[-71.5864997,-16.3399341],[-71.5874503,-16.340995],[-71.5874508,-16.3410371]]}},{"type":"Feature","properties":{"nivel":"Quinto nivel","ancho":0.96,"color":["#000000"]},"geometry":{"type":"LineString","coordinates":[[-71.5876934,-16.3131242],[-71.5876715,-16.3164266],[-71.5876257,-16.3212225],[-71.5876238,-16.3227369],[-71.58756,-16.3261659]]}},{"type":"Feature","properties":{"nivel":"Quinto nivel","ancho":0.96,"color":["#000000"]},"geometry":{"type":"LineString","coordinates":[[-71.51271,-16.4118561],[-71.5122495,-16.4116302],[-71.5056077,-16.411962],[-71.5026864,-16.4118496],[-71.4977149,-16.4115933]]}},{"type":"Feature","properties":{"nivel":"Quinto nivel","ancho":0.96,"color":["#000000"]},"geometry":{"type":"LineString","coordinates":[[-71.4972132,-16.3705419],[-71.4984204,-16.3712427],[-71.4989894,-16.3714463],[-71.4998459,-16.371983],[-71.5004846,-16.3725223],[-71.5008379,-16.3728967],[-71.5011257,-16.3732508],[-71.5020056,-16.3739135],[-71.5069075,-16.3773256],[-71.5071033,-16.3773022],[-71.5076312,-16.3776956],[-71.5084907,-16.3784636],[-71.5089957,-16.378773],[-71.5101309,-16.3789488]]}},{"type":"Feature","properties":{"nivel":"Quinto nivel","ancho":0.96,"color":["#000000"]},"geometry":{"type":"LineString","coordinates":[[-71.5153668,-16.3811999],[-71.5155588,-16.3808821],[-71.5151841,-16.3805501],[-71.5150946,-16.3803618],[-71.515481,-16.3799155],[-71.5170616,-16.3774568],[-71.5175976,-16.3767773],[-71.5177898,-16.3764805],[-71.5180458,-16.3760568],[-71.5183244,-16.3756959],[-71.5186667,-16.375208],[-71.518923,-16.3748053],[-71.5190488,-16.3744252],[-71.5192384,-16.3739181],[-71.5198609,-16.3731956]]}},{"type":"Feature","properties":{"nivel":"Quinto nivel","ancho":0.96,"color":["#000000"]},"geometry":{"type":"LineString","coordinates":[[-71.5112887,-16.3910922],[-71.5118363,-16.3913171],[-71.5121224,-16.391545],[-71.5129441,-16.3927551],[-71.5138943,-16.3920917],[-71.517534,-16.3972644],[-71.5183881,-16.3992944]]}},{"type":"Feature","properties":{"nivel":"Quinto nivel","ancho":0.96,"color":["#000000"]},"geometry":{"type":"LineString","coordinates":[[-71.5468423,-16.326998],[-71.5444695,-16.3220418],[-71.5444205,-16.3216218],[-71.5444306,-16.3207172],[-71.5428467,-16.3161301],[-71.5419654,-16.3136588],[-71.5412145,-16.3111649]]}},{"type":"Feature","properties":{"nivel":"Quinto nivel","ancho":0.96,"color":["#000000"]},"geometry":{"type":"LineString","coordinates":[[-71.5404791,-16.3267382],[-71.5437815,-16.3311574],[-71.5440028,-16.3314282],[-71.5442231,-16.3316148],[-71.5444849,-16.3316537],[-71.5451595,-16.3316035],[-71.5464866,-16.3314823],[-71.5467697,-16.3314789],[-71.546988,-16.3315183],[-71.5471641,-16.3316634],[-71.5483456,-16.3337524],[-71.5496661,-16.3348091],[-71.5520226,-16.3367998],[-71.5521132,-16.3370721],[-71.5521165,-16.3373245],[-71.55219,-16.3379546],[-71.5523208,-16.3396356]]}},{"type":"Feature","properties":{"nivel":"Quinto nivel","ancho":0.96,"color":["#000000"]},"geometry":{"type":"LineString","coordinates":[[-71.6053277,-16.3208995],[-71.6041231,-16.3187481],[-71.6032313,-16.3171817],[-71.6009929,-16.3126032]]}},{"type":"Feature","properties":{"nivel":"Quinto nivel","ancho":0.96,"color":["#000000"]},"geometry":{"type":"LineString","coordinates":[[-71.6052787,-16.3517121],[-71.6007916,-16.3550065],[-71.5892922,-16.3402784],[-71.5891833,-16.3402797],[-71.5889179,-16.3399675]]}},{"type":"Feature","properties":{"nivel":"Quinto nivel","ancho":0.96,"color":["#000000"]},"geometry":{"type":"LineString","coordinates":[[-71.5050485,-16.3682403],[-71.5077516,-16.3683764],[-71.50845,-16.3684732],[-71.5094585,-16.368966],[-71.5101396,-16.3694206],[-71.5103642,-16.3699438],[-71.5146285,-16.3729006]]}},{"type":"Feature","properties":{"nivel":"Quinto nivel","ancho":0.96,"color":["#000000"]},"geometry":{"type":"LineString","coordinates":[[-71.506682,-16.3596813],[-71.5071655,-16.3600121],[-71.5080615,-16.3602328],[-71.5085856,-16.3603317],[-71.5091513,-16.3602829],[-71.5093458,-16.3601544],[-71.5094531,-16.3600269],[-71.5094509,-16.3598586],[-71.5090986,-16.3595684],[-71.5089212,-16.3593181],[-71.508898,-16.3592132],[-71.5091156,-16.3591896],[-71.5098368,-16.3593703],[-71.5107346,-16.3597382],[-71.5129149,-16.3615841],[-71.5133554,-16.3619575],[-71.514804,-16.3628025],[-71.5158089,-16.3630219],[-71.5154801,-16.3645612],[-71.5189317,-16.3670019]]}},{"type":"Feature","properties":{"nivel":"Quinto nivel","ancho":0.96,"color":["#000000"]},"geometry":{"type":"LineString","coordinates":[[-71.4982306,-16.3648929],[-71.4987073,-16.3664016],[-71.4989923,-16.3665455],[-71.4993029,-16.3669835],[-71.4995455,-16.367212],[-71.4996791,-16.3674418],[-71.500332,-16.3690957],[-71.5005089,-16.3693039],[-71.5010354,-16.3695921],[-71.5016682,-16.3696687],[-71.5023445,-16.3697448],[-71.504675,-16.369696],[-71.5047677,-16.3701366],[-71.5051867,-16.3705313],[-71.5107087,-16.3747352],[-71.5104734,-16.3750746],[-71.5113087,-16.3756535],[-71.5121437,-16.3762115]]}},{"type":"Feature","properties":{"nivel":"Quinto nivel","ancho":0.96,"color":["#000000"]},"geometry":{"type":"LineString","coordinates":[[-71.5121437,-16.3762115],[-71.512694,-16.3766466],[-71.513376,-16.3771643],[-71.5137934,-16.3774327],[-71.5146053,-16.3778858],[-71.515176,-16.3782155],[-71.5161858,-16.3788134],[-71.5174592,-16.3795763],[-71.5182712,-16.3800294],[-71.519238,-16.3806698],[-71.5205776,-16.3814951],[-71.5219858,-16.3825719],[-71.5220754,-16.3827602],[-71.5252873,-16.3834788]]}},{"type":"Feature","properties":{"nivel":"Quinto nivel","ancho":0.96,"color":["#000000"]},"geometry":{"type":"LineString","coordinates":[[-71.5145509,-16.4075854],[-71.5119063,-16.406965],[-71.5106384,-16.4066436],[-71.5104448,-16.4068352],[-71.5006084,-16.4010001]]}},{"type":"Feature","properties":{"nivel":"Quinto nivel","ancho":0.96,"color":["#000000"]},"geometry":{"type":"LineString","coordinates":[[-71.5002216,-16.4014254],[-71.4993023,-16.4010998],[-71.4970815,-16.4012314],[-71.496539,-16.4014061],[-71.4961062,-16.4016426],[-71.4952571,-16.4016947],[-71.4951132,-16.4006658],[-71.4936554,-16.4008303],[-71.4936692,-16.4001992],[-71.4932543,-16.3984163]]}},{"type":"Feature","properties":{"nivel":"Quinto nivel","ancho":0.96,"color":["#000000"]},"geometry":{"type":"LineString","coordinates":[[-71.4883355,-16.3885677],[-71.4893383,-16.3903227],[-71.4928218,-16.3935416],[-71.4928548,-16.3944246],[-71.4940462,-16.3955884],[-71.4944402,-16.3957309],[-71.4948977,-16.3957255],[-71.4950688,-16.3954711],[-71.4951756,-16.3953015],[-71.4951974,-16.3953013],[-71.4951565,-16.3955121],[-71.4952043,-16.3958481],[-71.4953334,-16.3957203],[-71.4953746,-16.3955305],[-71.4955252,-16.3953815],[-71.4956976,-16.3952322],[-71.4958915,-16.3950617],[-71.4959747,-16.3947452],[-71.495905,-16.3944095],[-71.4959475,-16.3943248],[-71.4963843,-16.3944038],[-71.4970196,-16.3946696],[-71.497349,-16.3948761],[-71.4977433,-16.3950397],[-71.4979439,-16.3953948],[-71.4991518,-16.3961377],[-71.4992478,-16.3968306],[-71.4997284,-16.3969301],[-71.4997109,-16.3972668],[-71.5009344,-16.3975257],[-71.5021581,-16.3978056],[-71.5032961,-16.3981917],[-71.505536,-16.3995532]]}},{"type":"Feature","properties":{"nivel":"Quinto nivel","ancho":0.96,"color":["#000000"]},"geometry":{"type":"LineString","coordinates":[[-71.5291668,-16.4560171],[-71.5290338,-16.4558504],[-71.5290025,-16.4551146],[-71.5287396,-16.4550126],[-71.5284972,-16.4548052],[-71.5281619,-16.4541573],[-71.528632,-16.4534365],[-71.5280265,-16.4487534],[-71.5252945,-16.4481554],[-71.5252482,-16.4479456],[-71.5233025,-16.4474853],[-71.5220523,-16.4468693],[-71.5215934,-16.4467697],[-71.5216759,-16.4464111],[-71.5202549,-16.4460707],[-71.5194691,-16.445975],[-71.5186198,-16.4460272],[-71.5185046,-16.4455449],[-71.5179812,-16.4438264]]}},{"type":"Feature","properties":{"nivel":"Quinto nivel","ancho":0.96,"color":["#000000"]},"geometry":{"type":"LineString","coordinates":[[-71.5528764,-16.3270723],[-71.5528697,-16.3215197],[-71.5538714,-16.3215076],[-71.5538461,-16.3212345],[-71.5515139,-16.3127023],[-71.5505122,-16.3093491],[-71.5504031,-16.3093294],[-71.550218,-16.3084904],[-71.5493489,-16.3052828]]}},{"type":"Feature","properties":{"nivel":"Quinto nivel","ancho":0.96,"color":["#000000"]},"geometry":{"type":"LineString","coordinates":[[-71.5146285,-16.3729006],[-71.5152215,-16.3732721],[-71.5153497,-16.3730813],[-71.5168246,-16.3742625],[-71.51676,-16.3743264],[-71.5182585,-16.3756546],[-71.5182822,-16.3758016],[-71.5193184,-16.3767567],[-71.5203334,-16.3777541],[-71.5209686,-16.3780199],[-71.5229187,-16.3788799],[-71.524386,-16.3794723],[-71.5260069,-16.3801469],[-71.5260957,-16.3802721],[-71.5272667,-16.381541]]}},{"type":"Feature","properties":{"nivel":"Quinto nivel","ancho":0.96,"color":["#000000"]},"geometry":{"type":"LineString","coordinates":[[-71.5117586,-16.3733555],[-71.5123309,-16.3738114],[-71.5123526,-16.3738112],[-71.5170598,-16.3773095],[-71.51827,-16.3782416],[-71.5186688,-16.3787626],[-71.5190868,-16.3790731],[-71.5201004,-16.3799654],[-71.5207784,-16.3801676],[-71.5210177,-16.3801437],[-71.5226674,-16.3813649],[-71.5229531,-16.3815507],[-71.5235665,-16.3818168],[-71.5240278,-16.3821057],[-71.524911,-16.3830206]]}},{"type":"Feature","properties":{"nivel":"Quinto nivel","ancho":0.96,"color":["#000000"]},"geometry":{"type":"LineString","coordinates":[[-71.5124298,-16.3815295],[-71.5109923,-16.379864],[-71.5086961,-16.3774936],[-71.5081446,-16.3769533],[-71.5027354,-16.3730634]]}},{"type":"Feature","properties":{"nivel":"Quinto nivel","ancho":0.96,"color":["#000000"]},"geometry":{"type":"LineString","coordinates":[[-71.5536293,-16.3799396],[-71.5531574,-16.3805132],[-71.5528577,-16.3809164]]}},{"type":"Feature","properties":{"nivel":"Quinto nivel","ancho":0.96,"color":["#000000"]},"geometry":{"type":"LineString","coordinates":[[-71.5507818,-16.3804368],[-71.5507578,-16.3802689],[-71.5507515,-16.3797852],[-71.550657,-16.3792184],[-71.550209,-16.3782774],[-71.5503435,-16.3785702]]}},{"type":"Feature","properties":{"nivel":"Quinto nivel","ancho":0.96,"color":["#000000"]},"geometry":{"type":"LineString","coordinates":[[-71.5347404,-16.4068589],[-71.53186,-16.4099013],[-71.5318167,-16.4099229],[-71.5317955,-16.4099652]]}},{"type":"Feature","properties":{"nivel":"Quinto nivel","ancho":0.96,"color":["#000000"]},"geometry":{"type":"LineString","coordinates":[[-71.5330229,-16.4054704],[-71.5311939,-16.4072592],[-71.5296904,-16.4089389]]}},{"type":"Feature","properties":{"nivel":"Quinto nivel","ancho":0.96,"color":["#000000"]},"geometry":{"type":"LineString","coordinates":[[-71.5246978,-16.407043],[-71.5254944,-16.4062972],[-71.5255364,-16.4061705],[-71.5261815,-16.4055107],[-71.5269776,-16.4047229],[-71.5275179,-16.4043799],[-71.5279699,-16.4039538],[-71.529346,-16.402528]]}},{"type":"Feature","properties":{"nivel":"Quinto nivel","ancho":0.96,"color":["#000000"]},"geometry":{"type":"LineString","coordinates":[[-71.5507087,-16.4015967],[-71.5488048,-16.4026293],[-71.5475048,-16.403192],[-71.54773,-16.4037571],[-71.5462549,-16.4042588],[-71.546103,-16.4043027],[-71.5459072,-16.4043261],[-71.5457097,-16.4042233],[-71.5455994,-16.4041195],[-71.5454878,-16.4039105],[-71.5453764,-16.4037226],[-71.5452004,-16.4035985],[-71.5450253,-16.4035375],[-71.5448511,-16.4035396],[-71.5446779,-16.4036259],[-71.5434217,-16.404209]]}},{"type":"Feature","properties":{"nivel":"Quinto nivel","ancho":0.96,"color":["#000000"]},"geometry":{"type":"LineString","coordinates":[[-71.5475045,-16.4031709],[-71.5464431,-16.4003023],[-71.5464357,-16.3997345],[-71.5446796,-16.395381],[-71.5440936,-16.3938737],[-71.5431012,-16.3912776]]}},{"type":"Feature","properties":{"nivel":"Quinto nivel","ancho":0.96,"color":["#000000"]},"geometry":{"type":"LineString","coordinates":[[-71.5439348,-16.3799729],[-71.5440272,-16.3803714],[-71.5443482,-16.3816085],[-71.5446442,-16.3825934],[-71.5446723,-16.3830769],[-71.544088,-16.3833784],[-71.5442759,-16.3844277],[-71.5448649,-16.3861663],[-71.5452977,-16.3876124],[-71.5457462,-16.3885955],[-71.5463105,-16.390103]]}},{"type":"Feature","properties":{"nivel":"Quinto nivel","ancho":0.96,"color":["#000000"]},"geometry":{"type":"LineString","coordinates":[[-71.5422987,-16.3915608],[-71.5414025,-16.3896576],[-71.5399617,-16.3843958],[-71.5391165,-16.3813772]]}},{"type":"Feature","properties":{"nivel":"Quinto nivel","ancho":0.96,"color":["#000000"]},"geometry":{"type":"LineString","coordinates":[[-71.4891731,-16.3944683],[-71.4895782,-16.3971978],[-71.4901794,-16.3999251],[-71.4904754,-16.4026349],[-71.4904925,-16.4039808],[-71.4983261,-16.4048553]]}},{"type":"Feature","properties":{"nivel":"Quinto nivel","ancho":0.96,"color":["#000000"]},"geometry":{"type":"LineString","coordinates":[[-71.4790479,-16.4104684],[-71.4808446,-16.4112465],[-71.4857348,-16.4119669],[-71.4892275,-16.4124513],[-71.4927651,-16.4130404],[-71.496477,-16.4136273]]}},{"type":"Feature","properties":{"nivel":"Quinto nivel","ancho":0.96,"color":["#000000"]},"geometry":{"type":"LineString","coordinates":[[-71.4786952,-16.4153103],[-71.4822602,-16.4146161],[-71.489634,-16.415286],[-71.4902234,-16.4153632],[-71.4902452,-16.4153629],[-71.4906158,-16.4153796],[-71.4907689,-16.4154198],[-71.4907909,-16.4154406],[-71.490835,-16.4154821],[-71.4910545,-16.4156057],[-71.4910766,-16.4156265],[-71.4912756,-16.4158555],[-71.4914784,-16.4163789],[-71.4960699,-16.4192901],[-71.4962227,-16.4193093],[-71.496266,-16.4192878]]}},{"type":"Feature","properties":{"nivel":"Quinto nivel","ancho":0.96,"color":["#000000"]},"geometry":{"type":"LineString","coordinates":[[-71.4969803,-16.4103821],[-71.4861294,-16.408723],[-71.4834012,-16.4083767],[-71.4796063,-16.408106],[-71.4748527,-16.4078466],[-71.4712103,-16.407574],[-71.4689676,-16.4059807],[-71.4672759,-16.4048858],[-71.4667052,-16.404556],[-71.4656743,-16.4040212],[-71.4640244,-16.4027785]]}},{"type":"Feature","properties":{"nivel":"Quinto nivel","ancho":0.96,"color":["#000000"]},"geometry":{"type":"LineString","coordinates":[[-71.5343472,-16.4303154],[-71.5339116,-16.4269764],[-71.5334786,-16.4255093]]}},{"type":"Feature","properties":{"nivel":"Quinto nivel","ancho":0.96,"color":["#000000"]},"geometry":{"type":"LineString","coordinates":[[-71.529033,-16.4254998],[-71.528921,-16.4269525],[-71.524124,-16.4267368]]}},{"type":"Feature","properties":{"nivel":"Quinto nivel","ancho":0.96,"color":["#000000"]},"geometry":{"type":"LineString","coordinates":[[-71.5130489,-16.4110949],[-71.5131258,-16.4119984],[-71.5152437,-16.4157169],[-71.5165874,-16.4202229]]}},{"type":"Feature","properties":{"nivel":"Quinto nivel","ancho":0.96,"color":["#000000"]},"geometry":{"type":"LineString","coordinates":[[-71.5789748,-16.3888635],[-71.5788155,-16.3900012],[-71.5779579,-16.3943654],[-71.5784439,-16.3965258],[-71.5779632,-16.3997286],[-71.5782033,-16.3997677],[-71.5780592,-16.4004005],[-71.5788662,-16.4037768],[-71.5785349,-16.4050848]]}},{"type":"Feature","properties":{"nivel":"Quinto nivel","ancho":0.96,"color":["#000000"]},"geometry":{"type":"LineString","coordinates":[[-71.5434987,-16.3547387],[-71.5459566,-16.3544566],[-71.5457769,-16.3540381],[-71.5448477,-16.3529346],[-71.5447121,-16.3525577],[-71.5444164,-16.3515937]]}},{"type":"Feature","properties":{"nivel":"Quinto nivel","ancho":0.96,"color":["#000000"]},"geometry":{"type":"LineString","coordinates":[[-71.5627732,-16.3811324],[-71.5604441,-16.3812869],[-71.5590735,-16.3814298],[-71.557458,-16.381176]]}},{"type":"Feature","properties":{"nivel":"Quinto nivel","ancho":0.96,"color":["#000000"]},"geometry":{"type":"LineString","coordinates":[[-71.5536293,-16.3799396],[-71.5541818,-16.3805428],[-71.5545526,-16.3805804],[-71.5549888,-16.3806171],[-71.5552072,-16.3806565],[-71.5555579,-16.3808205],[-71.5560628,-16.3811089],[-71.5563912,-16.3812311],[-71.5565651,-16.3812079]]}},{"type":"Feature","properties":{"nivel":"Quinto nivel","ancho":0.96,"color":["#000000"]},"geometry":{"type":"LineString","coordinates":[[-71.5455338,-16.3823092],[-71.5495903,-16.3809561],[-71.5498721,-16.3808475],[-71.5504125,-16.3805254],[-71.5507818,-16.3804368],[-71.5529015,-16.3809369],[-71.5530846,-16.3816078],[-71.5563091,-16.3832933]]}},{"type":"Feature","properties":{"nivel":"Quinto nivel","ancho":0.96,"color":["#000000"]},"geometry":{"type":"LineString","coordinates":[[-71.5680581,-16.3837601],[-71.5681816,-16.3832117],[-71.5681996,-16.382917],[-71.5679901,-16.3752427],[-71.5679371,-16.3745283],[-71.5674795,-16.3728512],[-71.5672052,-16.371866],[-71.5670864,-16.3694488],[-71.5669692,-16.3688192]]}},{"type":"Feature","properties":{"nivel":"Quinto nivel","ancho":0.96,"color":["#000000"]},"geometry":{"type":"LineString","coordinates":[[-71.5750587,-16.3760186],[-71.5714978,-16.375263],[-71.5703188,-16.375067],[-71.5679901,-16.3752427],[-71.5675759,-16.3752267],[-71.5672478,-16.3751256],[-71.5664171,-16.3749044],[-71.5656751,-16.3748082],[-71.564934,-16.3747752],[-71.5640633,-16.3748279],[-71.5634964,-16.3747927],[-71.5628846,-16.374653],[-71.5591048,-16.3738156]]}},{"type":"Feature","properties":{"nivel":"Quinto nivel","ancho":0.96,"color":["#000000"]},"geometry":{"type":"LineString","coordinates":[[-71.5581996,-16.3779069],[-71.5633118,-16.3790015],[-71.5642989,-16.3795153],[-71.5661578,-16.3800605],[-71.5663122,-16.3802058],[-71.5669006,-16.3802197],[-71.5681215,-16.3802889],[-71.5688878,-16.380574],[-71.5701804,-16.3811261],[-71.5719349,-16.382009],[-71.5752693,-16.383756],[-71.5755809,-16.384257],[-71.5766113,-16.3847491],[-71.5774534,-16.3858325],[-71.5778538,-16.3864585],[-71.5778619,-16.3870684],[-71.5783163,-16.388493]]}},{"type":"Feature","properties":{"nivel":"Quinto nivel","ancho":0.96,"color":["#000000"]},"geometry":{"type":"LineString","coordinates":[[-71.5558627,-16.39249],[-71.5545714,-16.392043],[-71.5540668,-16.3917757],[-71.5537996,-16.3913372],[-71.5535344,-16.391046],[-71.5531624,-16.3909243],[-71.5526167,-16.3908468],[-71.5546608,-16.3872043],[-71.5543746,-16.3869765],[-71.553846,-16.3865412]]}},{"type":"Feature","properties":{"nivel":"Quinto nivel","ancho":0.96,"color":["#000000"]},"geometry":{"type":"LineString","coordinates":[[-71.5408669,-16.3449481],[-71.5426283,-16.3447165],[-71.5474259,-16.3434597],[-71.5483597,-16.3432381],[-71.5497099,-16.3432218],[-71.549949,-16.3431768],[-71.5529343,-16.3432669],[-71.5548734,-16.3433064],[-71.5550024,-16.3431787],[-71.5553694,-16.3429218],[-71.5557393,-16.3428963],[-71.5558689,-16.3428106],[-71.5560208,-16.3427667],[-71.5561082,-16.3427867],[-71.5561528,-16.3428703],[-71.5562206,-16.3430588],[-71.5562435,-16.3431426],[-71.556353,-16.3431833],[-71.5565062,-16.3432446]]}},{"type":"Feature","properties":{"nivel":"Quinto nivel","ancho":0.96,"color":["#000000"]},"geometry":{"type":"LineString","coordinates":[[-71.531382,-16.4217907],[-71.5305993,-16.4219264],[-71.5285785,-16.4223714],[-71.5274654,-16.4222376],[-71.5254522,-16.4215888]]}},{"type":"Feature","properties":{"nivel":"Quinto nivel","ancho":0.96,"color":["#000000"]},"geometry":{"type":"LineString","coordinates":[[-71.534622,-16.4179026],[-71.5348127,-16.4174796],[-71.5350695,-16.417119],[-71.5356694,-16.4163335],[-71.5357759,-16.4161429],[-71.5359823,-16.4152571],[-71.5361484,-16.4146241],[-71.5363148,-16.4140121]]}},{"type":"Feature","properties":{"nivel":"Quinto nivel","ancho":0.96,"color":["#000000"]},"geometry":{"type":"LineString","coordinates":[[-71.5455602,-16.4211986],[-71.5430649,-16.4186628],[-71.5427097,-16.4181623],[-71.5425515,-16.4177226],[-71.5423016,-16.4152648]]}},{"type":"Feature","properties":{"nivel":"Quinto nivel","ancho":0.96,"color":["#000000"]},"geometry":{"type":"LineString","coordinates":[[-71.5476922,-16.4192587],[-71.5470072,-16.4185309],[-71.5464552,-16.4179697],[-71.546127,-16.4178685],[-71.5457572,-16.4179151],[-71.5453443,-16.4180042],[-71.5449982,-16.4181977],[-71.5414021,-16.4215014]]}},{"type":"Feature","properties":{"nivel":"Quinto nivel","ancho":0.96,"color":["#000000"]},"geometry":{"type":"LineString","coordinates":[[-71.5266032,-16.4297147],[-71.5260358,-16.4330237],[-71.5273489,-16.4334496],[-71.527588,-16.4334046],[-71.5313755,-16.4347471]]}},{"type":"Feature","properties":{"nivel":"Quinto nivel","ancho":0.96,"color":["#000000"]},"geometry":{"type":"LineString","coordinates":[[-71.5274796,-16.433448],[-71.5265334,-16.4361096],[-71.5222872,-16.4346884]]}},{"type":"Feature","properties":{"nivel":"Quinto nivel","ancho":0.96,"color":["#000000"]},"geometry":{"type":"LineString","coordinates":[[-71.5128521,-16.4296906],[-71.513728,-16.4300166],[-71.5149318,-16.4304228],[-71.5162668,-16.4308696],[-71.5174943,-16.4314227],[-71.5175613,-16.4315481],[-71.5180205,-16.4316688],[-71.5185459,-16.4318518],[-71.5186559,-16.4319346],[-71.5197271,-16.4321952],[-71.5225921,-16.432981],[-71.5229216,-16.4331874],[-71.5239939,-16.4335321],[-71.5258975,-16.4341191]]}},{"type":"Feature","properties":{"nivel":"Quinto nivel","ancho":0.96,"color":["#000000"]},"geometry":{"type":"LineString","coordinates":[[-71.5164334,-16.4218023],[-71.5156474,-16.4216855],[-71.5131549,-16.4210423],[-71.5121257,-16.420655],[-71.5103735,-16.4199608],[-71.5091034,-16.4194712]]}},{"type":"Feature","properties":{"nivel":"Quinto nivel","ancho":0.96,"color":["#000000"]},"geometry":{"type":"LineString","coordinates":[[-71.505607,-16.41701],[-71.5027725,-16.4168756],[-71.4989787,-16.4167104],[-71.4973656,-16.4166665],[-71.496733,-16.416611]]}},{"type":"Feature","properties":{"nivel":"Quinto nivel","ancho":0.96,"color":["#000000"]},"geometry":{"type":"LineString","coordinates":[[-71.5101644,-16.41725],[-71.5098136,-16.417086],[-71.5093994,-16.4170699],[-71.5061942,-16.4169189],[-71.505866,-16.4168176]]}},{"type":"Feature","properties":{"nivel":"Quinto nivel","ancho":0.96,"color":["#000000"]},"geometry":{"type":"LineString","coordinates":[[-71.5228633,-16.4100938],[-71.5219842,-16.4095154],[-71.521085,-16.4090635],[-71.5198146,-16.4085529],[-71.5192035,-16.4084761],[-71.5185279,-16.4084632],[-71.5177207,-16.4083887],[-71.5176325,-16.4083056],[-71.5176521,-16.4081371],[-71.5194538,-16.4042244]]}},{"type":"Feature","properties":{"nivel":"Quinto nivel","ancho":0.96,"color":["#000000"]},"geometry":{"type":"LineString","coordinates":[[-71.5287638,-16.4147973],[-71.5290195,-16.4143525],[-71.5293844,-16.4139275],[-71.5297281,-16.4135447],[-71.5301598,-16.413224],[-71.5317927,-16.4114376],[-71.5326729,-16.4104174]]}},{"type":"Feature","properties":{"nivel":"Quinto nivel","ancho":0.96,"color":["#000000"]},"geometry":{"type":"LineString","coordinates":[[-71.5246783,-16.4122804],[-71.5248044,-16.4119213],[-71.5250195,-16.4117084],[-71.5269687,-16.4090979],[-71.5271784,-16.4084644]]}},{"type":"Feature","properties":{"nivel":"Quinto nivel","ancho":0.96,"color":["#000000"]},"geometry":{"type":"LineString","coordinates":[[-71.5176521,-16.4081371],[-71.5168446,-16.4080416],[-71.5163629,-16.4078581],[-71.5157793,-16.4082227],[-71.5162008,-16.4088066],[-71.5162906,-16.4090158],[-71.5162724,-16.4092895],[-71.5162323,-16.4095634],[-71.5161062,-16.4099224],[-71.5160255,-16.4104282],[-71.5159868,-16.4108073]]}},{"type":"Feature","properties":{"nivel":"Quinto nivel","ancho":0.96,"color":["#000000"]},"geometry":{"type":"LineString","coordinates":[[-71.5145509,-16.4075854],[-71.5149005,-16.4076653],[-71.5151644,-16.4078514],[-71.5161034,-16.4080085]]}},{"type":"Feature","properties":{"nivel":"Quinto nivel","ancho":0.96,"color":["#000000"]},"geometry":{"type":"LineString","coordinates":[[-71.5557992,-16.384288],[-71.5559738,-16.3843069],[-71.5565175,-16.3842372],[-71.5569995,-16.3844417],[-71.557262,-16.3845226]]}},{"type":"Feature","properties":{"nivel":"Quinto nivel","ancho":0.96,"color":["#000000"]},"geometry":{"type":"LineString","coordinates":[[-71.5475167,-16.4241825],[-71.5488519,-16.4229674],[-71.5511342,-16.4208575],[-71.5487927,-16.4184251]]}},{"type":"Feature","properties":{"nivel":"Quinto nivel","ancho":0.96,"color":["#000000"]},"geometry":{"type":"LineString","coordinates":[[-71.5592931,-16.4398557],[-71.5538628,-16.4412259],[-71.5530387,-16.4415304],[-71.5526925,-16.4417239],[-71.5523279,-16.4421701],[-71.5520322,-16.4428888],[-71.5519933,-16.4432468],[-71.5539358,-16.4451371],[-71.5554354,-16.446486],[-71.5557181,-16.4464404],[-71.5558078,-16.4466286],[-71.5559203,-16.4469007],[-71.5575129,-16.4486901],[-71.5570818,-16.4490529],[-71.5567378,-16.4494146],[-71.5563075,-16.4498405],[-71.555835,-16.4503721],[-71.5558353,-16.4503931],[-71.5556425,-16.4506479],[-71.555427,-16.4508398],[-71.5547157,-16.4514374]]}},{"type":"Feature","properties":{"nivel":"Quinto nivel","ancho":0.96,"color":["#000000"]},"geometry":{"type":"LineString","coordinates":[[-71.5650713,-16.4467258],[-71.5646175,-16.4470258],[-71.5642929,-16.447198],[-71.5638593,-16.4473716],[-71.5638375,-16.4473719],[-71.5633802,-16.4473985],[-71.5631419,-16.4475066],[-71.5630986,-16.4475281],[-71.5626656,-16.4477437],[-71.5626225,-16.4477863],[-71.562037,-16.4480038],[-71.5620372,-16.4480249],[-71.5618204,-16.4481116],[-71.5616478,-16.4482399],[-71.5616045,-16.4482615],[-71.5614312,-16.4483478],[-71.5610208,-16.4486262],[-71.5606722,-16.4486305],[-71.5603674,-16.4486552],[-71.559979,-16.4489544],[-71.5599796,-16.4489965],[-71.5599145,-16.4490183],[-71.559634,-16.449232],[-71.5596122,-16.4492323],[-71.5593537,-16.4494668],[-71.5591375,-16.4495957],[-71.5593408,-16.45014],[-71.5584333,-16.45074],[-71.5578932,-16.4511042],[-71.5572665,-16.4515114],[-71.5570721,-16.45164],[-71.5567929,-16.4519589],[-71.5561698,-16.4526395],[-71.5558683,-16.4529166],[-71.5553506,-16.4533226],[-71.553583,-16.4548164],[-71.5530219,-16.4552439],[-71.5526338,-16.4555641],[-71.5521781,-16.4557169],[-71.5523798,-16.4561351],[-71.552604,-16.4566161],[-71.5523238,-16.4568509],[-71.5519119,-16.4570242],[-71.5518683,-16.4570247],[-71.5515417,-16.4570497],[-71.5513898,-16.4570936],[-71.5512811,-16.457116],[-71.5511468,-16.4568442],[-71.5508569,-16.456343],[-71.5506315,-16.4557778],[-71.550474,-16.4554011],[-71.5503163,-16.4550034]]}},{"type":"Feature","properties":{"nivel":"Quinto nivel","ancho":0.96,"color":["#000000"]},"geometry":{"type":"LineString","coordinates":[[-71.5513115,-16.4477771],[-71.5504046,-16.4467576],[-71.5494566,-16.4475894],[-71.5485935,-16.4482519],[-71.5479902,-16.448785],[-71.5476239,-16.449105],[-71.5473881,-16.4494023],[-71.5472601,-16.4496142]]}},{"type":"Feature","properties":{"nivel":"Quinto nivel","ancho":0.96,"color":["#000000"]},"geometry":{"type":"LineString","coordinates":[[-71.5592501,-16.4398983],[-71.5588228,-16.4422171],[-71.5585459,-16.4443658],[-71.5578571,-16.4450262],[-71.5572114,-16.445644],[-71.5562651,-16.446602],[-71.5559203,-16.4469007],[-71.5553791,-16.4471807],[-71.55486,-16.4474815],[-71.5545585,-16.4477586],[-71.554323,-16.448077],[-71.5541713,-16.4481419]]}},{"type":"Feature","properties":{"nivel":"Quinto nivel","ancho":0.96,"color":["#000000"]},"geometry":{"type":"LineString","coordinates":[[-71.5528376,-16.4494832],[-71.5512642,-16.4508274],[-71.5508328,-16.4511692],[-71.5505523,-16.451383],[-71.5505123,-16.4516569],[-71.5505145,-16.4518251],[-71.5506935,-16.4521805],[-71.5509607,-16.4526189],[-71.5521784,-16.4557379]]}},{"type":"Feature","properties":{"nivel":"Quinto nivel","ancho":0.96,"color":["#000000"]},"geometry":{"type":"LineString","coordinates":[[-71.559341,-16.4501611],[-71.5595653,-16.4506421],[-71.5595063,-16.4511265],[-71.5593615,-16.4517172],[-71.5588484,-16.4524807],[-71.5585718,-16.4529888],[-71.5582529,-16.4536027],[-71.558211,-16.4537294],[-71.5582871,-16.4545487],[-71.5583161,-16.4550952],[-71.5582761,-16.4553691],[-71.557715,-16.4557966],[-71.5575426,-16.4559459],[-71.5572378,-16.4559707],[-71.5569074,-16.4557013],[-71.5565532,-16.455285],[-71.5562834,-16.4546573],[-71.5561017,-16.4540916],[-71.5559422,-16.4535678],[-71.5559136,-16.4530423],[-71.5558468,-16.4529379]]}},{"type":"Feature","properties":{"nivel":"Quinto nivel","ancho":0.96,"color":["#000000"]},"geometry":{"type":"LineString","coordinates":[[-71.4933761,-16.4643127],[-71.4958592,-16.4641779],[-71.4963421,-16.4644456],[-71.5035919,-16.4637911],[-71.5038485,-16.4634095],[-71.5063515,-16.4631271],[-71.5060045,-16.4598711],[-71.5092475,-16.4595168],[-71.509926,-16.45974],[-71.5105639,-16.4601951],[-71.5112533,-16.4612595],[-71.5129724,-16.4627323],[-71.5149519,-16.4641177],[-71.5152158,-16.4643038],[-71.5147769,-16.4657604]]}},{"type":"Feature","properties":{"nivel":"Quinto nivel","ancho":0.96,"color":["#000000"]},"geometry":{"type":"LineString","coordinates":[[-71.5260576,-16.4330234],[-71.525898,-16.4341612],[-71.5256471,-16.4349845],[-71.5254567,-16.4354284],[-71.5253516,-16.4357242]]}},{"type":"Feature","properties":{"nivel":"Quinto nivel","ancho":0.96,"color":["#000000"]},"geometry":{"type":"LineString","coordinates":[[-71.5185509,-16.4457546],[-71.5182706,-16.4459894],[-71.5179249,-16.4462249],[-71.5174708,-16.4465038],[-71.5169288,-16.4467206],[-71.5163434,-16.446959],[-71.5162571,-16.4470231],[-71.5162573,-16.4470442],[-71.5162143,-16.4470868],[-71.5162159,-16.4472129],[-71.5162418,-16.4475281],[-71.5162421,-16.4475491],[-71.5162423,-16.4475702],[-71.5162464,-16.4478856],[-71.5161412,-16.4481814],[-71.5160148,-16.4485194],[-71.5158023,-16.4489426],[-71.515762,-16.4491955],[-71.515722,-16.4494694],[-71.5156399,-16.44987],[-71.5155996,-16.4501229],[-71.5153425,-16.4504625],[-71.515127,-16.4506544],[-71.5148677,-16.4508258],[-71.5146089,-16.4510392],[-71.5146092,-16.4510603],[-71.5144591,-16.4512513],[-71.5143961,-16.4514414],[-71.5144868,-16.4517137],[-71.5146641,-16.451943],[-71.5152154,-16.4524412],[-71.5155916,-16.4528783],[-71.5163643,-16.4536473],[-71.5169164,-16.4542085],[-71.5174031,-16.4547706],[-71.5175813,-16.4550629],[-71.5175816,-16.4550839],[-71.51776,-16.4553973],[-71.5178942,-16.4556691],[-71.5184428,-16.455957],[-71.5187937,-16.456121],[-71.5192782,-16.4565148],[-71.5198307,-16.4570971],[-71.5203161,-16.457554],[-71.5213315,-16.4585514],[-71.5220106,-16.4588166],[-71.5229746,-16.4592046],[-71.5244325,-16.4607014],[-71.5243464,-16.4607866],[-71.5239373,-16.4611701],[-71.5233775,-16.4617027],[-71.5231835,-16.4618733],[-71.5231617,-16.4618736],[-71.5227915,-16.4618991],[-71.5222879,-16.4617158],[-71.5215219,-16.4614727],[-71.5209297,-16.4611853],[-71.5204255,-16.46096],[-71.520271,-16.4608147],[-71.519982,-16.4603764],[-71.5197181,-16.4601903],[-71.5193882,-16.4599629],[-71.518817,-16.4596122],[-71.5182673,-16.4592403],[-71.5177367,-16.4586577],[-71.5175822,-16.4585123],[-71.5175346,-16.4581974],[-71.5175087,-16.4578822],[-71.5174183,-16.4576309],[-71.5172851,-16.4574432],[-71.5169558,-16.4572579],[-71.5166033,-16.4569676],[-71.5161168,-16.4564266],[-71.5154329,-16.4557828],[-71.514926,-16.4553472],[-71.5144406,-16.4548903],[-71.5133377,-16.4538729],[-71.5131373,-16.4535388],[-71.5130207,-16.4529513],[-71.5128783,-16.4520485],[-71.512628,-16.4512313],[-71.5124916,-16.4507912],[-71.5122634,-16.4499947],[-71.5129147,-16.4497976],[-71.5129583,-16.449797],[-71.5133059,-16.4497087],[-71.5138937,-16.4496596],[-71.5144804,-16.4495264],[-71.5150443,-16.4493093],[-71.5155853,-16.4490083],[-71.515759,-16.4489642]]}},{"type":"Feature","properties":{"nivel":"Quinto nivel","ancho":0.96,"color":["#000000"]},"geometry":{"type":"LineString","coordinates":[[-71.5278245,-16.4617542],[-71.5268874,-16.4617655],[-71.5266016,-16.4615797],[-71.525852,-16.4609157],[-71.5251465,-16.4602932],[-71.5235339,-16.45863],[-71.5232928,-16.4585277],[-71.5228551,-16.4583858],[-71.522088,-16.4580585],[-71.5213226,-16.4578574],[-71.5201839,-16.4574504]]}},{"type":"Feature","properties":{"nivel":"Quinto nivel","ancho":0.96,"color":["#000000"]},"geometry":{"type":"LineString","coordinates":[[-71.5047165,-16.4817611],[-71.4988888,-16.4777714],[-71.498652,-16.4780056],[-71.497826,-16.4781837],[-71.492955,-16.4791042],[-71.485261,-16.4876932],[-71.4839968,-16.4877083],[-71.4837821,-16.4879632],[-71.4836112,-16.4882387],[-71.4833741,-16.4884518],[-71.48307,-16.4885396],[-71.4829611,-16.4885409]]}},{"type":"Feature","properties":{"nivel":"Quinto nivel","ancho":0.96,"color":["#000000"]},"geometry":{"type":"LineString","coordinates":[[-71.4988888,-16.4777714],[-71.5031451,-16.4765216],[-71.5033275,-16.4754467],[-71.5037726,-16.4727702],[-71.5037675,-16.4723706],[-71.5040198,-16.4716525],[-71.5044933,-16.4711841],[-71.5046458,-16.4694785],[-71.5047085,-16.4692675],[-71.5049016,-16.4690338],[-71.5047857,-16.4684883],[-71.5045388,-16.4662407]]}},{"type":"Feature","properties":{"nivel":"Quinto nivel","ancho":0.96,"color":["#000000"]},"geometry":{"type":"LineString","coordinates":[[-71.5107308,-16.374756],[-71.5140287,-16.3702996],[-71.5144619,-16.3701052],[-71.5161077,-16.371032]]}},{"type":"Feature","properties":{"nivel":"Quinto nivel","ancho":0.96,"color":["#000000"]},"geometry":{"type":"LineString","coordinates":[[-71.5357753,-16.411053],[-71.5326939,-16.4086714],[-71.5303595,-16.4067645],[-71.5271445,-16.404153],[-71.5234898,-16.4012313],[-71.5215276,-16.399446]]}},{"type":"Feature","properties":{"nivel":"Quinto nivel","ancho":0.96,"color":["#000000"]},"geometry":{"type":"LineString","coordinates":[[-71.5371179,-16.3851873],[-71.5379625,-16.3847985],[-71.5390691,-16.3844486],[-71.5404605,-16.3842215],[-71.5415268,-16.3841245],[-71.5420259,-16.3839712],[-71.5423265,-16.383631],[-71.5424959,-16.3832504],[-71.5425286,-16.3824087],[-71.5425019,-16.3820304],[-71.5423202,-16.3814647],[-71.5421982,-16.3804566]]}},{"type":"Feature","properties":{"nivel":"Quinto nivel","ancho":0.96,"color":["#000000"]},"geometry":{"type":"LineString","coordinates":[[-71.5414833,-16.384125],[-71.5421166,-16.3842435],[-71.5423584,-16.3844089],[-71.5425616,-16.3849533],[-71.5433562,-16.3874255],[-71.5446184,-16.3906704]]}},{"type":"Feature","properties":{"nivel":"Quinto nivel","ancho":0.96,"color":["#000000"]},"geometry":{"type":"LineString","coordinates":[[-71.5514503,-16.4083392],[-71.5496345,-16.4094549],[-71.5480998,-16.410399],[-71.5465854,-16.4112376],[-71.5450504,-16.4121607]]}},{"type":"Feature","properties":{"nivel":"Quinto nivel","ancho":0.96,"color":["#000000"]},"geometry":{"type":"LineString","coordinates":[[-71.5497206,-16.4093697],[-71.5486772,-16.4078891],[-71.5473247,-16.4060967],[-71.5465245,-16.4048865],[-71.5479335,-16.4043225],[-71.54773,-16.4037571]]}},{"type":"Feature","properties":{"nivel":"Quinto nivel","ancho":0.96,"color":["#000000"]},"geometry":{"type":"LineString","coordinates":[[-71.5387102,-16.3987764],[-71.5419841,-16.3975379],[-71.5426083,-16.3969414],[-71.5433922,-16.3969109],[-71.5475685,-16.394694],[-71.5486609,-16.3932505]]}},{"type":"Feature","properties":{"nivel":"Quinto nivel","ancho":0.96,"color":["#000000"]},"geometry":{"type":"LineString","coordinates":[[-71.542608,-16.3969204],[-71.5426665,-16.3963939],[-71.5424819,-16.3955969],[-71.5418841,-16.3948679],[-71.5417945,-16.3946797],[-71.5416826,-16.3944497],[-71.5415274,-16.3942413],[-71.5414146,-16.3939482],[-71.5412796,-16.3936133],[-71.5412327,-16.3933615],[-71.5410985,-16.3930897],[-71.540986,-16.3928176],[-71.5407861,-16.3925255],[-71.5406314,-16.3923592],[-71.5404122,-16.3922566]]}},{"type":"Feature","properties":{"nivel":"Quinto nivel","ancho":0.96,"color":["#000000"]},"geometry":{"type":"LineString","coordinates":[[-71.5490982,-16.3933714],[-71.5487704,-16.3932912],[-71.5485953,-16.3932302],[-71.5483102,-16.3930865],[-71.5480468,-16.3929424],[-71.5476953,-16.3927153],[-71.5474535,-16.39255],[-71.5471251,-16.3924278],[-71.5469064,-16.3923673],[-71.5466877,-16.3923069],[-71.5464693,-16.3922675],[-71.5462948,-16.3922486],[-71.5461861,-16.3922709],[-71.5460135,-16.3923992],[-71.5457989,-16.3926542],[-71.5456067,-16.392951],[-71.5454357,-16.3932054],[-71.545198,-16.3933555],[-71.5449821,-16.3935054],[-71.5447215,-16.3935716],[-71.5444168,-16.3935964],[-71.5441328,-16.3935367],[-71.5439797,-16.3934965],[-71.5437622,-16.3935202],[-71.5434572,-16.3935238],[-71.5431743,-16.3935483],[-71.5427386,-16.3935536],[-71.5424336,-16.3935573],[-71.5422149,-16.3934968],[-71.5420385,-16.3933307],[-71.5420145,-16.3931627],[-71.5419889,-16.3928686],[-71.5420499,-16.3925313],[-71.542003,-16.3922795],[-71.5418897,-16.3919443],[-71.5417999,-16.3917351]]}},{"type":"Feature","properties":{"nivel":"Quinto nivel","ancho":0.96,"color":["#000000"]},"geometry":{"type":"LineString","coordinates":[[-71.5449821,-16.3935054],[-71.545005,-16.3935892],[-71.5447256,-16.3938871],[-71.5443613,-16.3943542],[-71.5441263,-16.3947146],[-71.5439332,-16.3949483],[-71.543396,-16.3955227],[-71.5431389,-16.3958623],[-71.543011,-16.3960742],[-71.5428386,-16.3962235],[-71.5427313,-16.396351],[-71.5426668,-16.3964149]]}},{"type":"Feature","properties":{"nivel":"Quinto nivel","ancho":0.96,"color":["#000000"]},"geometry":{"type":"LineString","coordinates":[[-71.5194629,-16.3896904],[-71.5224948,-16.3933348],[-71.5251166,-16.3972786],[-71.5266333,-16.398312],[-71.5296671,-16.4003998],[-71.5283319,-16.4016148]]}},{"type":"Feature","properties":{"nivel":"Quinto nivel","ancho":0.96,"color":["#000000"]},"geometry":{"type":"LineString","coordinates":[[-71.56613,-16.4095274],[-71.5664386,-16.4097971],[-71.5666807,-16.4099834],[-71.5668787,-16.4101282],[-71.5672974,-16.4104806],[-71.5675196,-16.4108144],[-71.5677209,-16.4112116],[-71.5678114,-16.4114629],[-71.567925,-16.411819],[-71.5680185,-16.4123016],[-71.5680883,-16.4126373],[-71.5680254,-16.4128274],[-71.5678743,-16.4129344],[-71.5678765,-16.4131026],[-71.5678801,-16.413376],[-71.5679325,-16.4140484],[-71.5679615,-16.4145949],[-71.5679433,-16.4148685],[-71.5676625,-16.4150612],[-71.5675577,-16.415378],[-71.5676041,-16.4155878],[-71.5676719,-16.4157762],[-71.567892,-16.4159418],[-71.567895,-16.4161731],[-71.5679218,-16.4165514],[-71.5679717,-16.4170345],[-71.5679753,-16.4173079],[-71.56798,-16.4176654],[-71.5680076,-16.4181067],[-71.568033,-16.4183798],[-71.5681022,-16.4186735],[-71.5682346,-16.418798],[-71.5685873,-16.4191092],[-71.5688096,-16.419443],[-71.5688794,-16.4197787],[-71.5688592,-16.4199051],[-71.5686872,-16.4200755],[-71.5686243,-16.4202655],[-71.5686044,-16.420413],[-71.5686287,-16.420602],[-71.5686535,-16.420833],[-71.5686996,-16.4210218],[-71.5687677,-16.4212313],[-71.5688132,-16.4213779],[-71.5689031,-16.4215872],[-71.568928,-16.4218182],[-71.5689542,-16.4221544],[-71.5689787,-16.4223644],[-71.5690899,-16.4225313],[-71.569201,-16.4226982],[-71.5693116,-16.4228231],[-71.5693351,-16.422949],[-71.5692278,-16.4230765],[-71.5690987,-16.4232043],[-71.5689051,-16.4233959],[-71.5687978,-16.4235234],[-71.5686271,-16.4237989],[-71.5684352,-16.4241168],[-71.5682863,-16.424392],[-71.5682228,-16.42454],[-71.5680041,-16.4244796],[-71.5678293,-16.4244397],[-71.5676111,-16.4244213],[-71.5674151,-16.4244237],[-71.5672402,-16.4243838],[-71.567064,-16.4242387],[-71.5668221,-16.4240734],[-71.5666459,-16.4239284],[-71.5664481,-16.4238046],[-71.5662727,-16.4237226],[-71.5659889,-16.423684],[-71.5657702,-16.4236236],[-71.5656387,-16.4235621],[-71.5654627,-16.423438],[-71.5653739,-16.4233129],[-71.565262,-16.4230829],[-71.5651279,-16.4228322],[-71.5649487,-16.4224558]]}},{"type":"Feature","properties":{"nivel":"Quinto nivel","ancho":0.96,"color":["#000000"]},"geometry":{"type":"LineString","coordinates":[[-71.5682228,-16.42454],[-71.5683175,-16.4251068],[-71.5683674,-16.4255899],[-71.568505,-16.426114],[-71.5686209,-16.4266384],[-71.5687329,-16.4268684],[-71.5688446,-16.4270773],[-71.5690236,-16.4274327],[-71.5692679,-16.4277873],[-71.5694461,-16.4280795],[-71.5696673,-16.4283292],[-71.5698005,-16.4285169],[-71.5698463,-16.4286846],[-71.5699133,-16.4288099],[-71.5700493,-16.4292079],[-71.5702289,-16.4296053],[-71.5703654,-16.4300453],[-71.5706332,-16.4305258],[-71.5707681,-16.4308396],[-71.5709686,-16.4311737],[-71.5710814,-16.4314668],[-71.571306,-16.4319688],[-71.5714621,-16.4322403],[-71.571597,-16.4325541],[-71.5717087,-16.4327631],[-71.5718209,-16.4330141],[-71.5719106,-16.4332023],[-71.5721086,-16.4333471],[-71.5721304,-16.4333468],[-71.5722628,-16.4334714],[-71.5724175,-16.4336377],[-71.5728809,-16.4340737],[-71.5731459,-16.4343439],[-71.5734987,-16.4346551],[-71.573697,-16.4348209],[-71.5737638,-16.4349252],[-71.5738747,-16.4350711],[-71.5739861,-16.435259],[-71.5740319,-16.4354267],[-71.574057,-16.4356788],[-71.5741469,-16.435888],[-71.5742592,-16.436139],[-71.5744368,-16.4363892],[-71.5746572,-16.4365758],[-71.5747896,-16.4367004],[-71.5748566,-16.4368258],[-71.5749675,-16.4369716],[-71.5751008,-16.4371593],[-71.5752583,-16.4375359],[-71.5753476,-16.4377031],[-71.5754789,-16.4377435],[-71.5756097,-16.4377419],[-71.5757429,-16.4379296],[-71.576032,-16.4383677],[-71.5761652,-16.4385554],[-71.5763652,-16.4388474],[-71.576609,-16.4391598],[-71.5767643,-16.4393683],[-71.5770782,-16.4400374],[-71.5772791,-16.4403925],[-71.5773905,-16.4405804],[-71.5775232,-16.440726],[-71.5775888,-16.4407463]]}},{"type":"Feature","properties":{"nivel":"Quinto nivel","ancho":0.96,"color":["#000000"]},"geometry":{"type":"LineString","coordinates":[[-71.5702054,-16.4294794],[-71.570554,-16.4294751],[-71.5710347,-16.4295744],[-71.5713414,-16.4296968],[-71.5717121,-16.4297133],[-71.5723006,-16.4297271],[-71.5729113,-16.4297617],[-71.5735657,-16.4298168],[-71.5746342,-16.4298668],[-71.5754188,-16.4298782],[-71.5758325,-16.4298521],[-71.5763521,-16.4295933],[-71.5768496,-16.4293138],[-71.5770873,-16.4291636],[-71.5774943,-16.4286328],[-71.5779846,-16.4278065],[-71.5819058,-16.4277162],[-71.5821399,-16.4272927],[-71.5823106,-16.4270172],[-71.5825903,-16.4267403],[-71.5828721,-16.4266317],[-71.5831109,-16.4265657],[-71.5835433,-16.4263079],[-71.5837587,-16.426116],[-71.5839501,-16.4257561],[-71.5840984,-16.4254388],[-71.5842035,-16.425143],[-71.5843102,-16.4249735],[-71.5844618,-16.4249085]]}},{"type":"Feature","properties":{"nivel":"Quinto nivel","ancho":0.96,"color":["#000000"]},"geometry":{"type":"LineString","coordinates":[[-71.5440338,-16.3640919],[-71.5444904,-16.3640233],[-71.5449048,-16.3640603],[-71.5454052,-16.3640122],[-71.5459908,-16.3638158],[-71.5463372,-16.3636434],[-71.5467053,-16.3634707],[-71.5469203,-16.3632577],[-71.5468917,-16.3627323],[-71.5469549,-16.3625632],[-71.5470404,-16.362436],[-71.5472802,-16.3624541],[-71.547476,-16.3624307],[-71.5476265,-16.3622817],[-71.5476666,-16.3620078],[-71.5476178,-16.3616087],[-71.5475473,-16.36121],[-71.5475889,-16.3610622],[-71.5477621,-16.360976],[-71.5481773,-16.3610761],[-71.5484152,-16.3609471],[-71.5486477,-16.3603974],[-71.548688,-16.3601445],[-71.5487275,-16.3598286],[-71.548899,-16.3596161],[-71.5492899,-16.3595273],[-71.5497275,-16.3596692],[-71.5500348,-16.3598548],[-71.5503632,-16.359977],[-71.5506695,-16.3600785],[-71.5509325,-16.3602015],[-71.5510675,-16.3605364],[-71.5510932,-16.3608305],[-71.5510749,-16.3611042],[-71.5511419,-16.3612295],[-71.5512916,-16.3610174],[-71.5514177,-16.3606583],[-71.5515448,-16.3603833],[-71.5515445,-16.3603623],[-71.5517144,-16.3600237],[-71.5518598,-16.3594751],[-71.5520291,-16.3590945],[-71.5521559,-16.3587985],[-71.5523269,-16.358544],[-71.5522343,-16.3581245],[-71.5516551,-16.3554603],[-71.5514476,-16.3545795],[-71.5502102,-16.35491],[-71.5499594,-16.3540506],[-71.5496153,-16.3527087],[-71.5493656,-16.3519335],[-71.5491815,-16.3511786],[-71.5487565,-16.3503214],[-71.548334,-16.3496534],[-71.5478447,-16.3488811],[-71.5450572,-16.3455706],[-71.5449023,-16.3453832],[-71.544791,-16.3451952],[-71.5446992,-16.3448388],[-71.5445824,-16.3442302]]}},{"type":"Feature","properties":{"nivel":"Quinto nivel","ancho":0.96,"color":["#000000"]},"geometry":{"type":"LineString","coordinates":[[-71.5499815,-16.3540714],[-71.5509795,-16.3537649],[-71.5516305,-16.3535677],[-71.552585,-16.3532617],[-71.5534746,-16.3529985],[-71.5538427,-16.3528258],[-71.5541454,-16.3526538],[-71.5545138,-16.3525021],[-71.5552515,-16.3522829],[-71.5556422,-16.3521729],[-71.555881,-16.352107],[-71.5561004,-16.3522305],[-71.5564522,-16.3524786],[-71.5566936,-16.3526229],[-71.5569776,-16.3526826]]}},{"type":"Feature","properties":{"nivel":"Quinto nivel","ancho":0.96,"color":["#000000"]},"geometry":{"type":"LineString","coordinates":[[-71.5457442,-16.3246135],[-71.5477147,-16.3237274],[-71.5484761,-16.3236551],[-71.5497612,-16.3236606],[-71.5563164,-16.3236233],[-71.568427,-16.3237076],[-71.5690806,-16.3237207],[-71.5723516,-16.3273615]]}},{"type":"Feature","properties":{"nivel":"Quinto nivel","ancho":0.96,"color":["#000000"]},"geometry":{"type":"LineString","coordinates":[[-71.5466443,-16.3436584],[-71.5461535,-16.34276],[-71.5459319,-16.3424682],[-71.5455339,-16.3420103],[-71.5452899,-16.3416767],[-71.545046,-16.3413431],[-71.54489,-16.3410716],[-71.5448873,-16.3408613],[-71.5449483,-16.340524],[-71.5450754,-16.340249],[-71.5451846,-16.3402688],[-71.5453163,-16.3403513],[-71.5453833,-16.3404767],[-71.5454503,-16.3406021],[-71.5455162,-16.3406433],[-71.545756,-16.3406615],[-71.5459076,-16.3405965],[-71.5459498,-16.3404909],[-71.5459248,-16.3402388],[-71.5459177,-16.339692],[-71.5459152,-16.3395027],[-71.5459569,-16.339355],[-71.5461058,-16.3390798],[-71.5461921,-16.3390156],[-71.5462571,-16.3389938],[-71.5463225,-16.338993],[-71.5464325,-16.3390758],[-71.5465204,-16.3391379],[-71.5467828,-16.3392188],[-71.5478725,-16.3392688],[-71.5480024,-16.3392041],[-71.548154,-16.3391392],[-71.5482398,-16.339033],[-71.5487129,-16.3385645],[-71.5488651,-16.3385416],[-71.5490398,-16.3385816],[-71.5492364,-16.3386213],[-71.5503936,-16.3388387],[-71.5505249,-16.3388791],[-71.5506566,-16.3389617],[-71.5507884,-16.3390442],[-71.5509425,-16.3391685],[-71.5511406,-16.3393344],[-71.5514918,-16.3395405],[-71.5516887,-16.3396012],[-71.5519938,-16.3396185],[-71.552299,-16.3396359],[-71.5528445,-16.3397134],[-71.553411,-16.3397276],[-71.55376,-16.3397654],[-71.5542403,-16.3398437],[-71.5545239,-16.3398823],[-71.5548079,-16.339942],[-71.5549407,-16.3401087],[-71.5550945,-16.340212],[-71.5552698,-16.340294],[-71.5554879,-16.3403123],[-71.555575,-16.3403113]]}},{"type":"Feature","properties":{"nivel":"Quinto nivel","ancho":0.96,"color":["#000000"]},"geometry":{"type":"LineString","coordinates":[[-71.5363904,-16.3288907],[-71.5355438,-16.3274286],[-71.5351666,-16.3268863],[-71.5347463,-16.3263865],[-71.5337713,-16.3250942],[-71.5331948,-16.3243018],[-71.5329069,-16.3239267],[-71.5323072,-16.3230295],[-71.5318625,-16.3223197],[-71.5315065,-16.321735],[-71.5310389,-16.3209414],[-71.5304388,-16.3200021],[-71.5298384,-16.3190418],[-71.5298161,-16.319],[-71.5293474,-16.3181222],[-71.5293471,-16.3181012],[-71.5288779,-16.3171813],[-71.5284953,-16.3162184],[-71.5282907,-16.3155478],[-71.5281065,-16.3147718],[-71.5276774,-16.313578],[-71.5272732,-16.3126364],[-71.5270423,-16.3116085],[-71.5268325,-16.3105383],[-71.5266416,-16.3092365],[-71.5259806,-16.3052481],[-71.5259559,-16.3050171],[-71.5258658,-16.3047868],[-71.5256201,-16.3043059],[-71.5254185,-16.3038667],[-71.5251518,-16.3034492],[-71.5250155,-16.3030091],[-71.5249009,-16.3025688],[-71.5248743,-16.3021905],[-71.5249149,-16.3019587],[-71.5249116,-16.3017063],[-71.5247568,-16.3015188],[-71.5245396,-16.3015635],[-71.5243052,-16.3019659],[-71.5240052,-16.3023481],[-71.5237458,-16.3024985],[-71.5234184,-16.3024393],[-71.5226759,-16.3022799],[-71.5222369,-16.3020117],[-71.5222148,-16.3019909],[-71.5218197,-16.3017432],[-71.5217089,-16.3015973],[-71.5212484,-16.2996467],[-71.521114,-16.2993539],[-71.5208715,-16.2991254],[-71.5206497,-16.2988125],[-71.5204925,-16.2984358],[-71.5203572,-16.2980799],[-71.520139,-16.2980404],[-71.5199438,-16.2981058],[-71.5197946,-16.29836],[-71.5197766,-16.2986547],[-71.5195841,-16.2989304],[-71.5192597,-16.2991025],[-71.5190416,-16.2990841],[-71.5189312,-16.2989592],[-71.5189285,-16.2987489],[-71.5190763,-16.2983896],[-71.5191814,-16.2980939],[-71.5193954,-16.2977969],[-71.5196317,-16.2975416],[-71.5198688,-16.2973495],[-71.5200411,-16.2972002],[-71.5202118,-16.2969248],[-71.5203605,-16.2966285],[-71.5204239,-16.2964805],[-71.5204212,-16.2962702],[-71.520265,-16.2959776],[-71.5201742,-16.2956842],[-71.5201924,-16.2954106],[-71.5202115,-16.2952],[-71.520319,-16.2950936],[-71.520493,-16.2950705],[-71.5207387,-16.2955513],[-71.5208274,-16.2956765],[-71.5210895,-16.2957364],[-71.5213709,-16.2956069],[-71.5216723,-16.2953298],[-71.52193,-16.2950533]]}},{"type":"Feature","properties":{"nivel":"Quinto nivel","ancho":0.96,"color":["#000000"]},"geometry":{"type":"LineString","coordinates":[[-71.5289825,-16.4670195],[-71.5284609,-16.467131],[-71.5278515,-16.4672014],[-71.5271778,-16.4673568],[-71.527295,-16.4679864],[-71.5250473,-16.4677821]]}},{"type":"Feature","properties":{"nivel":"Quinto nivel","ancho":0.96,"color":["#000000"]},"geometry":{"type":"LineString","coordinates":[[-71.5417843,-16.3989285],[-71.5405679,-16.3992166],[-71.539571,-16.3996283],[-71.5383347,-16.4000639],[-71.532674,-16.4020883],[-71.5318307,-16.4025822],[-71.5306651,-16.4034376]]}},{"type":"Feature","properties":{"nivel":"Quinto nivel","ancho":0.96,"color":["#000000"]},"geometry":{"type":"LineString","coordinates":[[-71.5421024,-16.3999342],[-71.5331016,-16.4031348],[-71.5315237,-16.4041213]]}},{"type":"Feature","properties":{"nivel":"Quinto nivel","ancho":0.96,"color":["#000000"]},"geometry":{"type":"LineString","coordinates":[[-71.5373325,-16.3933455],[-71.537784,-16.3945599],[-71.538101,-16.3954816],[-71.5388678,-16.3974915],[-71.5390454,-16.3977417],[-71.5393547,-16.3980745],[-71.5394901,-16.3984304],[-71.5400688,-16.3993699],[-71.5404974,-16.4005005],[-71.5405655,-16.40071],[-71.540483,-16.4010686],[-71.5401217,-16.401767],[-71.5399722,-16.4020002],[-71.539973,-16.4020633],[-71.5425083,-16.4043462],[-71.5425094,-16.4044303],[-71.5424893,-16.4045568],[-71.5424686,-16.4046412]]}},{"type":"Feature","properties":{"nivel":"Quinto nivel","ancho":0.96,"color":["#000000"]},"geometry":{"type":"LineString","coordinates":[[-71.5312807,-16.3954376],[-71.5317099,-16.3966103],[-71.5336677,-16.4014243],[-71.5346132,-16.4037686],[-71.5354425,-16.4055464]]}},{"type":"Feature","properties":{"nivel":"Quinto nivel","ancho":0.96,"color":["#000000"]},"geometry":{"type":"LineString","coordinates":[[-71.5347619,-16.4068376],[-71.5355122,-16.4058821],[-71.5357929,-16.4056894],[-71.5375494,-16.4050372],[-71.5384581,-16.4045424],[-71.5394099,-16.4040051]]}},{"type":"Feature","properties":{"nivel":"Quinto nivel","ancho":0.96,"color":["#000000"]},"geometry":{"type":"LineString","coordinates":[[-71.5557858,-16.3364177],[-71.5564099,-16.3358422],[-71.5569279,-16.3354784],[-71.5611853,-16.3329028],[-71.5615533,-16.33273],[-71.5618568,-16.3326212],[-71.562205,-16.3325959],[-71.5627494,-16.3325893],[-71.5705886,-16.3324518],[-71.5717894,-16.3326685],[-71.5731409,-16.3327572],[-71.577133,-16.3332343],[-71.5775443,-16.33304],[-71.5777585,-16.3327639],[-71.577777,-16.3325113],[-71.5776833,-16.3320077],[-71.5777257,-16.331923],[-71.5778566,-16.3319425],[-71.5781417,-16.3320862],[-71.5784471,-16.3321245],[-71.5787713,-16.3319313],[-71.5791371,-16.3315903]]}},{"type":"Feature","properties":{"nivel":"Quinto nivel","ancho":0.96,"color":["#000000"]},"geometry":{"type":"LineString","coordinates":[[-71.4663074,-16.486908],[-71.466704,-16.4872399],[-71.466876,-16.4870486],[-71.4670708,-16.4869411],[-71.467398,-16.4869583],[-71.4677253,-16.4869754],[-71.4681612,-16.4869703],[-71.4685766,-16.4870706],[-71.4691867,-16.4870423],[-71.4694043,-16.4870187],[-71.4697762,-16.4871195],[-71.4702589,-16.4873662],[-71.4705428,-16.4874049],[-71.4709125,-16.4873374],[-71.4712155,-16.4871656],[-71.4714978,-16.4870781],[-71.471476,-16.4870784],[-71.4719542,-16.4869676],[-71.472261,-16.4870901],[-71.4728537,-16.4874197],[-71.473401,-16.4876025],[-71.4736418,-16.4876838],[-71.4738165,-16.4877027],[-71.4741001,-16.4877204],[-71.4744688,-16.4875688],[-71.4746418,-16.4874616],[-71.4748361,-16.4873121],[-71.4750748,-16.4872251],[-71.4752707,-16.4872018],[-71.4755115,-16.4872831],[-71.4757093,-16.4874069],[-71.4760588,-16.4874659],[-71.4764078,-16.4874828],[-71.4767781,-16.4874574],[-71.4770819,-16.4873486],[-71.4775818,-16.4872375],[-71.4780839,-16.4872946],[-71.478543,-16.4873944],[-71.4796573,-16.4875915],[-71.4799845,-16.4876087],[-71.4802912,-16.4877312],[-71.4807721,-16.4878307],[-71.4811439,-16.4879314],[-71.4813842,-16.4879707],[-71.4817343,-16.4880717],[-71.4819967,-16.4881317],[-71.4824124,-16.4882529],[-71.4826096,-16.4883347],[-71.482851,-16.488458],[-71.4829401,-16.4886042],[-71.4829871,-16.4888771],[-71.4830826,-16.489528],[-71.483113,-16.4902007],[-71.4831176,-16.4905582],[-71.4832936,-16.4906823],[-71.4969199,-16.4908145],[-71.4976174,-16.4908062],[-71.4986636,-16.4907937],[-71.4995801,-16.4908669],[-71.5025042,-16.4911053]]}},{"type":"Feature","properties":{"nivel":"Quinto nivel","ancho":0.96,"color":["#000000"]},"geometry":{"type":"LineString","coordinates":[[-71.6277218,-16.3555345],[-71.6307172,-16.3531205],[-71.6293009,-16.3514557],[-71.6280183,-16.3500205],[-71.6267129,-16.3485014],[-71.6202083,-16.3409479],[-71.6173314,-16.3375344],[-71.6137724,-16.3336035],[-71.613214,-16.3309183],[-71.6053159,-16.3216568],[-71.6050686,-16.321071]]}},{"type":"Feature","properties":{"nivel":"Quinto nivel","ancho":0.96,"color":["#000000"]},"geometry":{"type":"LineString","coordinates":[[-71.5366419,-16.3837628],[-71.5371179,-16.3851873],[-71.537434,-16.3860458],[-71.5383138,-16.3883699],[-71.5396528,-16.3924972]]}},{"type":"Feature","properties":{"nivel":"Quinto nivel","ancho":0.96,"color":["#000000"]},"geometry":{"type":"LineString","coordinates":[[-71.5664397,-16.4314605],[-71.5669731,-16.4305916],[-71.567386,-16.4305025],[-71.567886,-16.4304122],[-71.5681003,-16.4301362],[-71.5679191,-16.4296126],[-71.5676766,-16.4294052],[-71.5674792,-16.4293025],[-71.5672599,-16.4292],[-71.567082,-16.4289287],[-71.5669433,-16.4283205],[-71.5667811,-16.4275864],[-71.5666418,-16.4269361],[-71.5665704,-16.4264742],[-71.5664302,-16.4257608],[-71.5663147,-16.4252575],[-71.5661155,-16.4250285],[-71.565917,-16.4248417],[-71.565564,-16.4245095],[-71.5652548,-16.4241978],[-71.565142,-16.4239047],[-71.5650918,-16.4234005],[-71.5650198,-16.4228966],[-71.5649263,-16.422414],[-71.564837,-16.4222468]]}},{"type":"Feature","properties":{"nivel":"Quinto nivel","ancho":0.96,"color":["#000000"]},"geometry":{"type":"LineString","coordinates":[[-71.5468954,-16.4417103],[-71.5456213,-16.4426092],[-71.5453408,-16.4428229],[-71.5450139,-16.4428269],[-71.5442353,-16.443278],[-71.5434715,-16.4432032]]}},{"type":"Feature","properties":{"nivel":"Quinto nivel","ancho":0.96,"color":["#000000"]},"geometry":{"type":"LineString","coordinates":[[-71.5454363,-16.4384469],[-71.5451966,-16.4384499],[-71.5447398,-16.4385185],[-71.544108,-16.4385262],[-71.5436931,-16.4384681],[-71.5433426,-16.4383251],[-71.5430784,-16.438118],[-71.5424647,-16.437852],[-71.541546,-16.4375897],[-71.5407807,-16.4373887],[-71.5402572,-16.437353],[-71.5398859,-16.4372944],[-71.5396667,-16.4371918]]}},{"type":"Feature","properties":{"nivel":"Quinto nivel","ancho":0.96,"color":["#000000"]},"geometry":{"type":"LineString","coordinates":[[-71.5396667,-16.4371918],[-71.5401962,-16.4376902],[-71.5405249,-16.4378335],[-71.5408109,-16.4380403],[-71.541076,-16.4383105],[-71.5414513,-16.4386846],[-71.5412408,-16.439255],[-71.5413963,-16.4394845],[-71.5417259,-16.4396908]]}},{"type":"Feature","properties":{"nivel":"Quinto nivel","ancho":0.96,"color":["#000000"]},"geometry":{"type":"LineString","coordinates":[[-71.5435836,-16.4384274],[-71.5434567,-16.4387234],[-71.5436376,-16.439226],[-71.5438182,-16.4397075],[-71.5439092,-16.4400009],[-71.5437611,-16.4403392],[-71.5435923,-16.4407619],[-71.5435729,-16.4409514]]}},{"type":"Feature","properties":{"nivel":"Quinto nivel","ancho":0.96,"color":["#000000"]},"geometry":{"type":"LineString","coordinates":[[-71.5412307,-16.4384769],[-71.5410389,-16.4388158],[-71.5406053,-16.4389893],[-71.5403924,-16.4393705],[-71.5400933,-16.4398368],[-71.5399667,-16.4401538]]}},{"type":"Feature","properties":{"nivel":"Quinto nivel","ancho":0.96,"color":["#000000"]},"geometry":{"type":"LineString","coordinates":[[-71.5913379,-16.406084],[-71.5910443,-16.4085905],[-71.5907856,-16.408804],[-71.5905521,-16.4092696],[-71.5902114,-16.4098627],[-71.5904828,-16.4106165],[-71.5908822,-16.4111584],[-71.5913218,-16.4114474],[-71.5923276,-16.4117084],[-71.5924454,-16.41238],[-71.5926808,-16.4137021],[-71.592859,-16.4139944],[-71.5935104,-16.4138181],[-71.5942511,-16.4138089],[-71.5951465,-16.4139661],[-71.5956926,-16.4140645]]}},{"type":"Feature","properties":{"nivel":"Quinto nivel","ancho":0.96,"color":["#000000"]},"geometry":{"type":"LineString","coordinates":[[-71.5939189,-16.4166944],[-71.5936676,-16.4158142],[-71.5936623,-16.4154146],[-71.593874,-16.4149493],[-71.5937843,-16.4147611],[-71.5938662,-16.4143605],[-71.5942949,-16.4138294],[-71.5947689,-16.413424],[-71.5952055,-16.4134817],[-71.5957942,-16.4135164],[-71.5963579,-16.4132991],[-71.5966816,-16.4130638],[-71.5975834,-16.4120641]]}},{"type":"Feature","properties":{"nivel":"Quinto nivel","ancho":0.96,"color":["#000000"]},"geometry":{"type":"LineString","coordinates":[[-71.593874,-16.4149493],[-71.5943379,-16.4154273],[-71.594627,-16.4158654],[-71.5946725,-16.4160121],[-71.5944834,-16.4165402],[-71.5942667,-16.416627],[-71.5939192,-16.4167155]]}},{"type":"Feature","properties":{"nivel":"Quinto nivel","ancho":0.96,"color":["#000000"]},"geometry":{"type":"LineString","coordinates":[[-71.5927796,-16.4474154],[-71.5931919,-16.4472841],[-71.5963005,-16.4466988],[-71.5970827,-16.4465208],[-71.5977797,-16.4464911],[-71.5981054,-16.446403],[-71.5984057,-16.4460417],[-71.5991532,-16.4448967],[-71.5993473,-16.4447471],[-71.5997175,-16.4447215],[-71.6000236,-16.4448018],[-71.601048,-16.4448101],[-71.6024196,-16.4447089],[-71.6046644,-16.4447231],[-71.6056461,-16.444795],[-71.6070881,-16.4450716],[-71.607918,-16.4452085],[-71.6082663,-16.4451831],[-71.6085887,-16.4448426],[-71.6087359,-16.4444411],[-71.6088859,-16.44425],[-71.6089889,-16.443807],[-71.6092668,-16.443404],[-71.6093945,-16.443171],[-71.609481,-16.4431279],[-71.6096992,-16.4431462],[-71.6098953,-16.4431438],[-71.6103104,-16.4432227],[-71.6106155,-16.4432189],[-71.610963,-16.4431305],[-71.6110697,-16.4429609],[-71.6113501,-16.4427471],[-71.611499,-16.4424718],[-71.6114744,-16.4422618],[-71.61125,-16.4417808],[-71.6112014,-16.4414029],[-71.610977,-16.4409219],[-71.6095785,-16.4390044],[-71.6092245,-16.4386092],[-71.6085426,-16.438134],[-71.6077962,-16.4377226],[-71.6008049,-16.4347388],[-71.6007789,-16.4344236],[-71.6004937,-16.43428],[-71.6000336,-16.4340964],[-71.5996389,-16.433912],[-71.5989579,-16.4334998],[-71.5986495,-16.4332512],[-71.5982786,-16.4332138],[-71.5977138,-16.4333469],[-71.5963822,-16.4331741],[-71.5953143,-16.4331663],[-71.5948785,-16.4331717],[-71.5946118,-16.4327754],[-71.5942746,-16.4320014],[-71.5938889,-16.4308494],[-71.593547,-16.4297179],[-71.5933233,-16.429279],[-71.5931638,-16.4287552],[-71.5928163,-16.4288436],[-71.5925289,-16.4285317],[-71.5921954,-16.428031],[-71.5919113,-16.4279714],[-71.5914747,-16.4279137],[-71.5904839,-16.4271478],[-71.5894022,-16.4260885],[-71.5890508,-16.4258825],[-71.5882159,-16.425367],[-71.5874916,-16.4249763],[-71.5874419,-16.4245142]]}},{"type":"Feature","properties":{"nivel":"Quinto nivel","ancho":0.96,"color":["#000000"]},"geometry":{"type":"LineString","coordinates":[[-71.5848471,-16.4392057],[-71.5852363,-16.4389695],[-71.585755,-16.4386476],[-71.5861369,-16.4378647],[-71.586635,-16.4376272],[-71.5868071,-16.4374568],[-71.5868496,-16.4357317],[-71.5869728,-16.4351623],[-71.5872885,-16.4343171],[-71.5875203,-16.4337253],[-71.5876639,-16.4330505],[-71.5877718,-16.4329651],[-71.5878341,-16.432733],[-71.587669,-16.4317886],[-71.5875514,-16.431138],[-71.5872794,-16.4303421],[-71.5872526,-16.4299639],[-71.5873571,-16.4296261],[-71.5875253,-16.4291613],[-71.5880468,-16.4290497],[-71.588482,-16.4290023],[-71.5888289,-16.4288718],[-71.5890652,-16.4286165],[-71.5892594,-16.4284669],[-71.5894756,-16.428338],[-71.5894717,-16.4280436],[-71.5892085,-16.4279207],[-71.5887706,-16.4277578],[-71.5885259,-16.4273823],[-71.5882374,-16.4269862],[-71.5876181,-16.4262998],[-71.5874815,-16.4258598],[-71.5875212,-16.4255649],[-71.5874916,-16.4249763]]}},{"type":"Feature","properties":{"nivel":"Quinto nivel","ancho":0.96,"color":["#000000"]},"geometry":{"type":"LineString","coordinates":[[-71.5927796,-16.4474154],[-71.5925826,-16.4473547],[-71.5924706,-16.4471247],[-71.5924013,-16.4468312],[-71.5923416,-16.445612],[-71.5923508,-16.4446655],[-71.5923223,-16.4441611],[-71.5923108,-16.4432989],[-71.592277,-16.4423949],[-71.5924019,-16.4419517],[-71.5925692,-16.4414238],[-71.5925002,-16.4411513],[-71.5925181,-16.4408566],[-71.5929033,-16.440326],[-71.5929215,-16.4400524],[-71.5929849,-16.4399044],[-71.5930927,-16.4398189],[-71.5935271,-16.4397084],[-71.5938486,-16.4393048],[-71.5947367,-16.4388942],[-71.5949978,-16.4388699],[-71.5954331,-16.4388225],[-71.5958007,-16.4386076],[-71.5960389,-16.4384995],[-71.5968881,-16.4384469],[-71.5971923,-16.4383801],[-71.5973208,-16.4382102],[-71.5973183,-16.438021],[-71.5971138,-16.4373925],[-71.5970881,-16.4370984],[-71.5971504,-16.4368663],[-71.5975342,-16.4362306],[-71.5981537,-16.4352975],[-71.5985169,-16.4347461],[-71.5987934,-16.4342379],[-71.5992188,-16.4334545],[-71.5997107,-16.4327543],[-71.6001833,-16.4322437],[-71.6002897,-16.4320531],[-71.6006486,-16.4311863],[-71.6009282,-16.4309095],[-71.6014662,-16.430398],[-71.6019173,-16.4299087],[-71.6021083,-16.4295277],[-71.6023231,-16.4292937],[-71.6027114,-16.4289945],[-71.603468,-16.4285434],[-71.6045943,-16.4280246],[-71.6065648,-16.4270958],[-71.6071503,-16.4268782],[-71.6072128,-16.4266671],[-71.6072949,-16.4262875],[-71.6079636,-16.4257744],[-71.608718,-16.4251551],[-71.6100824,-16.4245282],[-71.611268,-16.4235671],[-71.6119587,-16.4230747],[-71.6129533,-16.4224945],[-71.6139258,-16.4218935],[-71.6159359,-16.4206696],[-71.6165171,-16.4201366],[-71.61753,-16.4193037],[-71.6178707,-16.4187106],[-71.618622,-16.4178599],[-71.6199513,-16.4162449],[-71.6208745,-16.4152239],[-71.621454,-16.4145647],[-71.6220346,-16.4139895],[-71.6221413,-16.41382],[-71.6217457,-16.4135725],[-71.6208201,-16.4127849],[-71.6205301,-16.4122837],[-71.6202155,-16.4115726],[-71.6196998,-16.4104854],[-71.6192328,-16.4097761]]}},{"type":"Feature","properties":{"nivel":"Quinto nivel","ancho":0.96,"color":["#000000"]},"geometry":{"type":"LineString","coordinates":[[-71.5863826,-16.449829],[-71.5860491,-16.4493283],[-71.5858058,-16.4490579],[-71.5855845,-16.4488083],[-71.5852116,-16.4486236],[-71.5850144,-16.4485419],[-71.5846406,-16.4482941],[-71.5843325,-16.4480666],[-71.5839579,-16.4477557],[-71.5834087,-16.447426],[-71.5830556,-16.4470938],[-71.5829218,-16.4468641],[-71.5828525,-16.4465705],[-71.5827852,-16.4464241],[-71.5825427,-16.4462168],[-71.5823419,-16.4458617],[-71.5820776,-16.4456546],[-71.5816388,-16.4454287],[-71.5813539,-16.445306],[-71.5810052,-16.4453103],[-71.5805035,-16.4452744],[-71.5802401,-16.4451304],[-71.5800191,-16.4449018],[-71.5794976,-16.4450134],[-71.5791934,-16.4450802],[-71.5789109,-16.4451468],[-71.5786081,-16.4453188],[-71.5783704,-16.4454689],[-71.578086,-16.4453883],[-71.5776477,-16.4452044],[-71.5774293,-16.445165],[-71.5772111,-16.4451466],[-71.5769479,-16.4450237],[-71.5768602,-16.4449827],[-71.5765993,-16.445028],[-71.5765745,-16.4447969],[-71.5765049,-16.4444823],[-71.5769603,-16.4443084],[-71.5769341,-16.4439722],[-71.5768654,-16.4437207],[-71.5767969,-16.4434902],[-71.5767704,-16.443133],[-71.5768529,-16.4427744],[-71.5771107,-16.4424978],[-71.5773258,-16.4422848],[-71.5775611,-16.4419454],[-71.5777111,-16.4417543],[-71.5777089,-16.4415861],[-71.5776181,-16.4413138],[-71.5775061,-16.4410838],[-71.5775025,-16.4408104],[-71.5775668,-16.4407255],[-71.5776732,-16.4405349],[-71.5779713,-16.4400054],[-71.5782932,-16.4396229],[-71.5785731,-16.439367],[-71.578898,-16.4392158],[-71.5791131,-16.4390029],[-71.5792603,-16.4386014],[-71.5793375,-16.4378433],[-71.5793328,-16.4374858],[-71.5794157,-16.4371693],[-71.5794998,-16.4369369],[-71.5795831,-16.4366415],[-71.5796449,-16.4363673],[-71.5797287,-16.4361139],[-71.5797915,-16.4359238],[-71.5798312,-16.4356289],[-71.5797617,-16.4353142],[-71.5797363,-16.4350411],[-71.5796243,-16.4348111],[-71.5796215,-16.4346009],[-71.5798096,-16.4339886],[-71.5801118,-16.4337746],[-71.5804789,-16.4335177],[-71.5806932,-16.4332416],[-71.5809074,-16.4329655],[-71.5810787,-16.4327321],[-71.5812055,-16.4324361],[-71.5814181,-16.4320338],[-71.5813271,-16.4317405],[-71.5812785,-16.4313625],[-71.5813838,-16.4310878],[-71.5814014,-16.4307721],[-71.5813311,-16.4303944],[-71.58113,-16.4300183],[-71.5811272,-16.429808],[-71.5814714,-16.4294673],[-71.5816859,-16.4292122],[-71.5818348,-16.428937],[-71.5818502,-16.428453],[-71.5818662,-16.4280112],[-71.5818841,-16.4277165]]}},{"type":"Feature","properties":{"nivel":"Quinto nivel","ancho":0.96,"color":["#000000"]},"geometry":{"type":"LineString","coordinates":[[-71.5776477,-16.4452044],[-71.5775815,-16.4451421],[-71.5774927,-16.445017],[-71.5773812,-16.4448291],[-71.5772472,-16.4445783],[-71.576984,-16.4444554],[-71.57696,-16.4442874]]}},{"type":"Feature","properties":{"nivel":"Quinto nivel","ancho":0.96,"color":["#000000"]},"geometry":{"type":"LineString","coordinates":[[-71.5781281,-16.4469231],[-71.577797,-16.4466117],[-71.5775742,-16.4462359],[-71.5772638,-16.4458401],[-71.5771524,-16.4456521],[-71.5770401,-16.4454011],[-71.5769918,-16.4450442]]}},{"type":"Feature","properties":{"nivel":"Quinto nivel","ancho":0.96,"color":["#000000"]},"geometry":{"type":"LineString","coordinates":[[-71.4866166,-16.4777704],[-71.4864667,-16.4779825],[-71.4864503,-16.4784033],[-71.4865509,-16.4794538],[-71.4865263,-16.4809475],[-71.4865153,-16.481789],[-71.4865688,-16.4825666],[-71.4876491,-16.4835213],[-71.4879586,-16.4838541],[-71.4883522,-16.4839546],[-71.4885056,-16.4840159]]}},{"type":"Feature","properties":{"nivel":"Quinto nivel","ancho":0.96,"color":["#000000"]},"geometry":{"type":"LineString","coordinates":[[-71.4745337,-16.4772405],[-71.474337,-16.4772008],[-71.4738799,-16.4772483],[-71.4733565,-16.4772334],[-71.4727672,-16.4771773],[-71.4724387,-16.477055],[-71.472305,-16.4768252],[-71.4720397,-16.4765338],[-71.471623,-16.4763284],[-71.4716012,-16.4763287],[-71.4711685,-16.4765862],[-71.470866,-16.4768001],[-71.4706069,-16.4769925],[-71.4704352,-16.4772048],[-71.4703483,-16.4772269],[-71.4701532,-16.4773133],[-71.4699135,-16.4773162],[-71.469434,-16.4773218],[-71.4694092,-16.4770908],[-71.469385,-16.4769017],[-71.4692931,-16.4765242],[-71.4689991,-16.4756863],[-71.4686812,-16.4746805],[-71.4685278,-16.4746192],[-71.4682862,-16.4744748],[-71.4680236,-16.4743937],[-71.4676286,-16.4741881],[-71.4673062,-16.4745494],[-71.4671122,-16.47472],[-71.4668733,-16.4747859],[-71.4666976,-16.4746828],[-71.4665641,-16.4744741],[-71.466474,-16.4742437],[-71.4663635,-16.4741188],[-71.4661017,-16.4741009],[-71.4659281,-16.474166],[-71.4657569,-16.4744205],[-71.4654364,-16.4749291],[-71.4649189,-16.4753769],[-71.4644006,-16.4757616],[-71.4640748,-16.4758495],[-71.4641162,-16.4756808],[-71.4644373,-16.4752143],[-71.4644431,-16.4739522],[-71.4642263,-16.4740389],[-71.4638802,-16.4742533],[-71.4635565,-16.4745095],[-71.4630377,-16.4748521],[-71.462606,-16.4751938],[-71.462434,-16.4753851],[-71.4606001,-16.4751543],[-71.4602939,-16.4750737],[-71.4600116,-16.4751612]]}},{"type":"Feature","properties":{"nivel":"Quinto nivel","ancho":0.96,"color":["#000000"]},"geometry":{"type":"LineString","coordinates":[[-71.469434,-16.4773218],[-71.4693699,-16.4774278],[-71.4693067,-16.4775968],[-71.469094,-16.47802],[-71.469017,-16.4788201],[-71.4689128,-16.4792],[-71.4688496,-16.479369],[-71.4689415,-16.4797465],[-71.4689006,-16.4799573],[-71.4689689,-16.4801879],[-71.4696236,-16.4802433],[-71.4709116,-16.4803963],[-71.4712391,-16.4804345]]}},{"type":"Feature","properties":{"nivel":"Quinto nivel","ancho":0.96,"color":["#000000"]},"geometry":{"type":"LineString","coordinates":[[-71.4644431,-16.4739522],[-71.4644418,-16.473847],[-71.4644405,-16.4737419],[-71.4640235,-16.4735154],[-71.4633872,-16.4731864],[-71.4629066,-16.4731079],[-71.4624269,-16.4730925],[-71.462096,-16.4727809],[-71.4619843,-16.4725718],[-71.4621552,-16.4722964],[-71.4620864,-16.4720238],[-71.4620372,-16.4715826],[-71.4621438,-16.4713921],[-71.4624258,-16.4712836],[-71.4625765,-16.4711346],[-71.4627929,-16.4710058],[-71.4631809,-16.4706647],[-71.4633114,-16.4706422],[-71.4634823,-16.4703667],[-71.4636109,-16.4701969],[-71.4640854,-16.4697917],[-71.4644984,-16.4697027],[-71.4648896,-16.469614]]}},{"type":"Feature","properties":{"nivel":"Quinto nivel","ancho":0.96,"color":["#000000"]},"geometry":{"type":"LineString","coordinates":[[-71.4644407,-16.4737629],[-71.4647855,-16.4734433],[-71.4654568,-16.4730989],[-71.4659982,-16.4728191],[-71.466365,-16.4725203],[-71.466777,-16.4723471],[-71.4670818,-16.4723225],[-71.4676049,-16.4723163],[-71.4678454,-16.4723766],[-71.4679775,-16.4724802],[-71.4682173,-16.4724774],[-71.4686526,-16.4724302],[-71.4693065,-16.4724225],[-71.4696546,-16.4723763],[-71.4700448,-16.4722034],[-71.4703491,-16.4721367],[-71.4706519,-16.4719439],[-71.4709971,-16.4716663],[-71.471408,-16.4714091],[-71.471863,-16.4711934],[-71.4721665,-16.4710636],[-71.4727321,-16.4709728],[-71.4731454,-16.4709048],[-71.4735369,-16.4708371],[-71.473993,-16.4707055],[-71.4744286,-16.4706793],[-71.4746675,-16.4706134],[-71.4749933,-16.4705254],[-71.4753854,-16.4704997],[-71.4757545,-16.4703902],[-71.4760798,-16.4702601],[-71.4766026,-16.4702329],[-71.4769293,-16.470208],[-71.4773184,-16.469951],[-71.477708,-16.469736],[-71.4780314,-16.4694588],[-71.4781358,-16.4691],[-71.4786575,-16.4689886],[-71.4790934,-16.4689835],[-71.4796611,-16.4690609],[-71.4802283,-16.4690962],[-71.4807955,-16.4691316],[-71.4813629,-16.4691879],[-71.4820165,-16.4691592]]}},{"type":"Feature","properties":{"nivel":"Quinto nivel","ancho":0.96,"color":["#000000"]},"geometry":{"type":"LineString","coordinates":[[-71.4867241,-16.470828],[-71.4880985,-16.4709169],[-71.4887744,-16.4709299],[-71.4888379,-16.4707819],[-71.4897721,-16.4705394],[-71.4905322,-16.47032],[-71.4916867,-16.4702642],[-71.492012,-16.4701341],[-71.4926844,-16.4698737],[-71.4928568,-16.4697244],[-71.4929822,-16.4693023],[-71.4931735,-16.4689214],[-71.4935427,-16.4688118],[-71.4940652,-16.4687635],[-71.4945002,-16.4686953],[-71.4946307,-16.4686727]]}},{"type":"Feature","properties":{"nivel":"Quinto nivel","ancho":0.96,"color":["#000000"]},"geometry":{"type":"LineString","coordinates":[[-71.4916867,-16.4702642],[-71.4917607,-16.4709364],[-71.4916778,-16.4712739],[-71.4911154,-16.4733209],[-71.4911006,-16.4738679],[-71.4913175,-16.4754849],[-71.4910823,-16.4758453],[-71.4907186,-16.4763754],[-71.4901807,-16.4769287],[-71.4899652,-16.4771206]]}},{"type":"Feature","properties":{"nivel":"Ferrocarril","ancho":0.72,"color":["#000000"]},"geometry":{"type":"LineString","coordinates":[[-71.5409204,-16.4095816],[-71.5448229,-16.4147715],[-71.5448446,-16.4147712],[-71.5448667,-16.414792],[-71.544867,-16.414813],[-71.544889,-16.4148338],[-71.5449111,-16.4148545],[-71.5449332,-16.4148753],[-71.5449552,-16.4148961],[-71.5449773,-16.4149168],[-71.5449993,-16.4149376],[-71.5449996,-16.4149586],[-71.5450217,-16.4149794],[-71.5450435,-16.4149791],[-71.5450437,-16.4150002],[-71.5450658,-16.4150209],[-71.5450878,-16.4150417],[-71.5451099,-16.4150625],[-71.545132,-16.4150832],[-71.545154,-16.415104],[-71.5451761,-16.4151248],[-71.5451982,-16.4151455],[-71.5452202,-16.4151663],[-71.5452423,-16.4151871],[-71.5452643,-16.4152078],[-71.5452646,-16.4152289],[-71.5452864,-16.4152286],[-71.5453085,-16.4152494],[-71.5453305,-16.4152701],[-71.5453308,-16.4152911],[-71.5453526,-16.4152909],[-71.5453746,-16.4153117],[-71.5453967,-16.4153324],[-71.5454188,-16.4153532],[-71.545419,-16.4153742],[-71.5454408,-16.4153739],[-71.5454629,-16.4153947],[-71.5454849,-16.4154155],[-71.545507,-16.4154362],[-71.5455291,-16.415457],[-71.5455511,-16.4154778],[-71.5455732,-16.4154985],[-71.545595,-16.4154983],[-71.5455952,-16.4155193],[-71.5456173,-16.4155401],[-71.5456394,-16.4155608],[-71.5456611,-16.4155606],[-71.5456832,-16.4155813],[-71.5457053,-16.4156021],[-71.5457055,-16.4156231],[-71.5457273,-16.4156229],[-71.5457494,-16.4156436],[-71.5457715,-16.4156644],[-71.5457932,-16.4156641],[-71.5458153,-16.4156849],[-71.5458156,-16.4157059],[-71.5458376,-16.4157267],[-71.5458594,-16.4157264],[-71.5458815,-16.4157472],[-71.5459035,-16.415768],[-71.5459253,-16.4157677],[-71.5459256,-16.4157887],[-71.5459477,-16.4158095],[-71.5459697,-16.4158303],[-71.5459915,-16.41583],[-71.5460136,-16.4158508],[-71.5460356,-16.4158715],[-71.5460574,-16.4158713],[-71.5460577,-16.4158923],[-71.5460797,-16.415913],[-71.5461015,-16.4159128],[-71.5461236,-16.4159336],[-71.5461457,-16.4159543],[-71.5461674,-16.4159541],[-71.5461895,-16.4159748],[-71.5462116,-16.4159956],[-71.5462336,-16.4160163],[-71.5462557,-16.4160371],[-71.5462775,-16.4160368],[-71.5462995,-16.4160576],[-71.5463216,-16.4160784],[-71.5463434,-16.4160781],[-71.5463654,-16.4160989],[-71.5463875,-16.4161196],[-71.5464096,-16.4161404],[-71.5464316,-16.4161612],[-71.5464534,-16.4161609],[-71.5464755,-16.4161817],[-71.5464973,-16.4161814],[-71.5465193,-16.4162022],[-71.5465414,-16.4162229],[-71.5465632,-16.4162227],[-71.5465852,-16.4162434],[-71.5466073,-16.4162642],[-71.5466293,-16.416285],[-71.5466511,-16.4162847],[-71.5466732,-16.4163055],[-71.5466953,-16.4163262],[-71.546717,-16.416326],[-71.5467391,-16.4163467],[-71.5467609,-16.4163465],[-71.546783,-16.4163672],[-71.546805,-16.416388],[-71.5468268,-16.4163877],[-71.5468489,-16.4164085],[-71.5468706,-16.4164082],[-71.5468927,-16.416429],[-71.5469145,-16.4164287],[-71.5469148,-16.4164498],[-71.5469368,-16.4164705],[-71.5469586,-16.4164703],[-71.5469807,-16.416491],[-71.5470025,-16.4164908],[-71.5470245,-16.4165115],[-71.5470463,-16.4165113],[-71.5470684,-16.416532],[-71.5470902,-16.4165318],[-71.5471122,-16.4165525],[-71.5471343,-16.4165733],[-71.5471561,-16.416573],[-71.5471781,-16.4165938],[-71.5471999,-16.4165935],[-71.547222,-16.4166143],[-71.5472438,-16.416614],[-71.5472658,-16.4166348],[-71.5472876,-16.4166345],[-71.5473097,-16.4166553],[-71.5473315,-16.416655],[-71.5473535,-16.4166758],[-71.5473753,-16.4166755],[-71.5473974,-16.4166963],[-71.5474192,-16.416696],[-71.5474412,-16.4167168],[-71.547463,-16.4167165],[-71.5474851,-16.4167373],[-71.5475068,-16.416737],[-71.5475071,-16.4167581],[-71.5475289,-16.4167578],[-71.547551,-16.4167786],[-71.5475728,-16.4167783],[-71.5475948,-16.4167991],[-71.5476166,-16.4167988],[-71.5476387,-16.4168196],[-71.5476605,-16.4168193],[-71.5476825,-16.4168401],[-71.5477043,-16.4168398],[-71.5477264,-16.4168606],[-71.5477481,-16.4168603],[-71.5477702,-16.4168811],[-71.547792,-16.4168808],[-71.5478141,-16.4169016],[-71.5478358,-16.4169013],[-71.5478576,-16.416901],[-71.5478797,-16.4169218],[-71.5479015,-16.4169216],[-71.5479235,-16.4169423],[-71.5479453,-16.4169421],[-71.5479892,-16.4169626],[-71.548011,-16.4169623],[-71.548033,-16.4169831],[-71.5480548,-16.4169828],[-71.5480766,-16.4169825],[-71.5480987,-16.4170033],[-71.5481204,-16.417003],[-71.5481425,-16.4170238],[-71.5481643,-16.4170235],[-71.5481861,-16.4170233],[-71.5482081,-16.417044],[-71.5482299,-16.4170438],[-71.548252,-16.4170645],[-71.5482738,-16.4170643],[-71.5482956,-16.417064],[-71.5483176,-16.4170848],[-71.5483394,-16.4170845],[-71.5483615,-16.4171053],[-71.5483833,-16.417105],[-71.548405,-16.4171047],[-71.5484271,-16.4171255],[-71.5484489,-16.4171252],[-71.5484707,-16.417125],[-71.548471,-16.417146],[-71.5484927,-16.4171457],[-71.5485145,-16.4171455],[-71.5485366,-16.4171662],[-71.5485584,-16.417166],[-71.5485804,-16.4171867],[-71.5486022,-16.4171865],[-71.548624,-16.4171862],[-71.5486461,-16.417207],[-71.5486679,-16.4172067],[-71.5486896,-16.4172064],[-71.5486899,-16.4172275],[-71.5487117,-16.4172272],[-71.5487338,-16.417248],[-71.5487556,-16.4172477],[-71.5487773,-16.4172474],[-71.5487994,-16.4172682],[-71.5488212,-16.4172679],[-71.5488432,-16.4172887],[-71.548865,-16.4172884],[-71.5488868,-16.4172882],[-71.5488871,-16.4173092],[-71.5489089,-16.4173089],[-71.5489309,-16.4173297],[-71.5489527,-16.4173294],[-71.5489748,-16.4173502],[-71.5489966,-16.4173499],[-71.5490184,-16.4173497],[-71.5490404,-16.4173704],[-71.5490622,-16.4173702],[-71.5490625,-16.4173912],[-71.5490843,-16.4173909],[-71.5491063,-16.4174117],[-71.5491281,-16.4174114],[-71.5491499,-16.4174112],[-71.549172,-16.4174319],[-71.5491938,-16.4174317],[-71.5492158,-16.4174524],[-71.5492379,-16.4174732],[-71.5492597,-16.4174729],[-71.5492817,-16.4174937],[-71.5493035,-16.4174934],[-71.5493256,-16.4175142],[-71.5493474,-16.4175139],[-71.5493476,-16.417535],[-71.5493694,-16.4175347],[-71.5493915,-16.4175555],[-71.5494133,-16.4175552],[-71.5494351,-16.4175549],[-71.5494571,-16.4175757],[-71.5494789,-16.4175754],[-71.5494792,-16.4175965],[-71.549501,-16.4175962],[-71.549523,-16.417617],[-71.5495448,-16.4176167],[-71.5495669,-16.4176375],[-71.5495887,-16.4176372],[-71.5495889,-16.4176582],[-71.5496107,-16.417658],[-71.5496328,-16.4176787],[-71.5496548,-16.4176995],[-71.5496766,-16.4176992],[-71.5496987,-16.41772],[-71.5497205,-16.4177197],[-71.5497208,-16.4177408],[-71.5497425,-16.4177405],[-71.5497646,-16.4177613],[-71.5497864,-16.417761],[-71.5498085,-16.4177818],[-71.5498305,-16.4178025],[-71.5498523,-16.4178023],[-71.5498744,-16.417823],[-71.5498961,-16.4178228],[-71.5499182,-16.4178435],[-71.5499185,-16.4178646],[-71.5499403,-16.4178643],[-71.5499623,-16.4178851],[-71.5499841,-16.4178848],[-71.5500062,-16.4179056],[-71.5500282,-16.4179263],[-71.55005,-16.4179261],[-71.5500721,-16.4179468],[-71.5500942,-16.4179676],[-71.5501162,-16.4179884],[-71.550138,-16.4179881],[-71.5501601,-16.4180089],[-71.5501821,-16.4180296],[-71.5502042,-16.4180504],[-71.550226,-16.4180501],[-71.550248,-16.4180709],[-71.5502698,-16.4180706],[-71.5502701,-16.4180916],[-71.5502922,-16.4181124],[-71.5503139,-16.4181121],[-71.550336,-16.4181329],[-71.5503363,-16.4181539],[-71.5503581,-16.4181537],[-71.5503801,-16.4181744],[-71.5504019,-16.4181742],[-71.5504022,-16.4181952],[-71.5504242,-16.418216],[-71.550446,-16.4182157],[-71.5504681,-16.4182365],[-71.5504902,-16.4182572],[-71.5505122,-16.418278],[-71.550534,-16.4182777],[-71.5505561,-16.4182985],[-71.5505563,-16.4183195],[-71.5505781,-16.4183193],[-71.5506002,-16.41834],[-71.5506005,-16.4183611],[-71.5506223,-16.4183608],[-71.5506443,-16.4183816],[-71.5506661,-16.4183813],[-71.5506664,-16.4184023],[-71.5506884,-16.4184231],[-71.5507102,-16.4184228],[-71.5507323,-16.4184436],[-71.5507326,-16.4184646],[-71.5507543,-16.4184644],[-71.5507764,-16.4184851],[-71.5507985,-16.4185059],[-71.5508205,-16.4185266],[-71.5508426,-16.4185474],[-71.5508647,-16.4185682],[-71.5508867,-16.4185889],[-71.5509088,-16.4186097],[-71.5509308,-16.4186305],[-71.5509529,-16.4186512],[-71.550975,-16.418672],[-71.550997,-16.4186928],[-71.5510191,-16.4187135],[-71.5510411,-16.4187343],[-71.5510632,-16.4187551],[-71.5510853,-16.4187758],[-71.5511073,-16.4187966],[-71.5511294,-16.4188174],[-71.5511514,-16.4188381],[-71.5511735,-16.4188589],[-71.5511956,-16.4188796],[-71.5511958,-16.4189007],[-71.5512176,-16.4189004],[-71.5512397,-16.4189212],[-71.55124,-16.4189422],[-71.551262,-16.418963],[-71.5512841,-16.4189837],[-71.5513062,-16.4190045],[-71.5513282,-16.4190253],[-71.5513503,-16.419046],[-71.5513506,-16.4190671],[-71.5513723,-16.4190668],[-71.5513944,-16.4190876],[-71.5513947,-16.4191086],[-71.5514167,-16.4191293],[-71.5514385,-16.4191291],[-71.5514388,-16.4191501],[-71.5514609,-16.4191709],[-71.5514611,-16.4191919],[-71.5514832,-16.4192127],[-71.5536957,-16.4217728],[-71.5537175,-16.4217725],[-71.5537178,-16.4217935],[-71.5537395,-16.4217933],[-71.5537398,-16.4218143],[-71.5537616,-16.421814],[-71.5537619,-16.4218351],[-71.5537839,-16.4218558],[-71.553806,-16.4218766],[-71.5538281,-16.4218974],[-71.5538498,-16.4218971],[-71.5538501,-16.4219181],[-71.5538719,-16.4219179],[-71.5538722,-16.4219389],[-71.553894,-16.4219386],[-71.5538942,-16.4219597],[-71.553916,-16.4219594],[-71.5539381,-16.4219802],[-71.5539599,-16.4219799],[-71.5539602,-16.4220009],[-71.5539819,-16.4220007],[-71.554004,-16.4220214],[-71.5540258,-16.4220212],[-71.5540261,-16.4220422],[-71.5540479,-16.4220419],[-71.5540696,-16.4220417],[-71.5540699,-16.4220627],[-71.5540917,-16.4220624],[-71.5541135,-16.4220622],[-71.5541138,-16.4220832],[-71.5541356,-16.4220829],[-71.5541576,-16.4221037],[-71.5541794,-16.4221034],[-71.5542012,-16.4221032],[-71.5542015,-16.4221242],[-71.5542233,-16.4221239],[-71.554245,-16.4221236],[-71.5542671,-16.4221444],[-71.5542889,-16.4221441],[-71.5543107,-16.4221439],[-71.5543327,-16.4221646],[-71.5543545,-16.4221644],[-71.5543763,-16.4221641],[-71.5543981,-16.4221639],[-71.5543984,-16.4221849],[-71.5544202,-16.4221846],[-71.554442,-16.4221843],[-71.5544637,-16.4221841],[-71.5544855,-16.4221838],[-71.5545073,-16.4221836],[-71.5545076,-16.4222046],[-71.5545294,-16.4222043],[-71.5545512,-16.4222041],[-71.554573,-16.4222038],[-71.5545947,-16.4222035],[-71.5546165,-16.4222033],[-71.5546383,-16.422203],[-71.5546601,-16.4222027],[-71.5546819,-16.4222025],[-71.5547037,-16.4222022],[-71.5547255,-16.4222019],[-71.5547473,-16.4222017],[-71.554769,-16.4222014],[-71.5547908,-16.4222011],[-71.5548126,-16.4222009],[-71.5548344,-16.4222006],[-71.5548562,-16.4222003],[-71.554878,-16.4222001],[-71.5548998,-16.4221998],[-71.5549215,-16.4221995],[-71.5549213,-16.4221785],[-71.5549431,-16.4221782],[-71.5549648,-16.422178],[-71.5549866,-16.4221777],[-71.5550084,-16.4221775],[-71.5550302,-16.4221772],[-71.5550299,-16.4221562],[-71.5550517,-16.4221559],[-71.5550735,-16.4221556],[-71.5550953,-16.4221554],[-71.5551171,-16.4221551],[-71.5551168,-16.4221341],[-71.5551386,-16.4221338],[-71.5551604,-16.4221335],[-71.5551822,-16.4221333],[-71.5551819,-16.4221122],[-71.5552037,-16.422112],[-71.5552255,-16.4221117],[-71.5552252,-16.4220907],[-71.555247,-16.4220904],[-71.5552688,-16.4220902],[-71.5552903,-16.4220689],[-71.5553121,-16.4220686],[-71.5553336,-16.4220473],[-71.5553554,-16.422047],[-71.5553769,-16.4220257],[-71.5553987,-16.4220255],[-71.5553984,-16.4220044],[-71.5554202,-16.4220042],[-71.555442,-16.4220039],[-71.5554417,-16.4219829],[-71.5554635,-16.4219826],[-71.5554632,-16.4219616],[-71.555485,-16.4219613],[-71.5561731,-16.4212589],[-71.5561728,-16.4212378],[-71.5561944,-16.4212165],[-71.5561941,-16.4211955],[-71.5562159,-16.4211952],[-71.5562374,-16.421174],[-71.5562371,-16.4211529],[-71.5562589,-16.4211527],[-71.5562586,-16.4211316],[-71.5562804,-16.4211314],[-71.5562801,-16.4211103],[-71.5563016,-16.421089],[-71.5563014,-16.421068],[-71.5563232,-16.4210677],[-71.5563229,-16.4210467],[-71.5563444,-16.4210254],[-71.5563659,-16.4210041],[-71.5563656,-16.4209831],[-71.5563874,-16.4209828],[-71.5563871,-16.4209618],[-71.5563869,-16.4209408],[-71.5564086,-16.4209405],[-71.5564084,-16.4209195],[-71.5564299,-16.4208982],[-71.5564296,-16.4208772],[-71.5564511,-16.4208559],[-71.5564508,-16.4208348],[-71.5564724,-16.4208135],[-71.5564721,-16.4207925],[-71.5564936,-16.4207712],[-71.5564933,-16.4207502],[-71.5565148,-16.4207289],[-71.5565146,-16.4207079],[-71.5565361,-16.4206866],[-71.5565358,-16.4206655],[-71.5565355,-16.4206445],[-71.556557,-16.4206232],[-71.5565568,-16.4206022],[-71.5565565,-16.4205812],[-71.5565783,-16.4205809],[-71.556578,-16.4205599],[-71.5565777,-16.4205388],[-71.5565774,-16.4205178],[-71.5565992,-16.4205175],[-71.556599,-16.4204965],[-71.5565987,-16.4204755],[-71.5565984,-16.4204544],[-71.5566199,-16.4204332],[-71.5566196,-16.4204121],[-71.5566194,-16.4203911],[-71.5566191,-16.4203701],[-71.5566188,-16.420349],[-71.5566406,-16.4203488],[-71.5566403,-16.4203277],[-71.5566401,-16.4203067],[-71.5566398,-16.4202857],[-71.5566395,-16.4202647],[-71.5566392,-16.4202436],[-71.556639,-16.4202226],[-71.5566607,-16.4202223],[-71.5566605,-16.4202013],[-71.5566602,-16.4201803],[-71.5566599,-16.4201592],[-71.5566596,-16.4201382],[-71.5566594,-16.4201172],[-71.5566591,-16.4200962],[-71.5566588,-16.4200751],[-71.5566585,-16.4200541],[-71.5566583,-16.4200331],[-71.556658,-16.420012],[-71.5566577,-16.419991],[-71.5566574,-16.41997],[-71.5566572,-16.4199489],[-71.5566569,-16.4199279],[-71.5566566,-16.4199069],[-71.5566563,-16.4198859],[-71.5566561,-16.4198648],[-71.5566558,-16.4198438],[-71.5566555,-16.4198228],[-71.5566552,-16.4198017],[-71.556655,-16.4197807],[-71.5566547,-16.4197597],[-71.5566544,-16.4197387],[-71.5566324,-16.4197179],[-71.5566321,-16.4196969],[-71.5566318,-16.4196758],[-71.5566315,-16.4196548],[-71.5566313,-16.4196338],[-71.556631,-16.4196127],[-71.5566092,-16.419613],[-71.5566089,-16.419592],[-71.5566086,-16.419571],[-71.5566084,-16.4195499],[-71.5566081,-16.4195289],[-71.556586,-16.4195081],[-71.5565858,-16.4194871],[-71.5565855,-16.4194661],[-71.5565852,-16.419445],[-71.5565634,-16.4194453],[-71.5565631,-16.4194243],[-71.5565629,-16.4194032],[-71.5565626,-16.4193822],[-71.5565405,-16.4193615],[-71.5565403,-16.4193404],[-71.55654,-16.4193194],[-71.5565182,-16.4193197],[-71.5565179,-16.4192986],[-71.5565176,-16.4192776],[-71.5564956,-16.4192568],[-71.5546116,-16.4151574],[-71.5546114,-16.4151363],[-71.5545893,-16.4151156],[-71.554589,-16.4150946],[-71.5545887,-16.4150735],[-71.554567,-16.4150738],[-71.5545667,-16.4150528],[-71.5545664,-16.4150317],[-71.5545443,-16.415011],[-71.5545441,-16.4149899],[-71.5545438,-16.4149689],[-71.554522,-16.4149692],[-71.5545217,-16.4149481],[-71.5545215,-16.4149271],[-71.5545212,-16.4149061],[-71.5544994,-16.4149064],[-71.5544991,-16.4148853],[-71.5544988,-16.4148643],[-71.5544768,-16.4148435],[-71.5544765,-16.4148225],[-71.5544762,-16.4148015],[-71.5544542,-16.4147807],[-71.5544539,-16.4147597],[-71.5544536,-16.4147386],[-71.5544534,-16.4147176],[-71.5544316,-16.4147179],[-71.5544313,-16.4146969],[-71.554431,-16.4146758],[-71.5544307,-16.4146548],[-71.5544087,-16.414634],[-71.5544084,-16.414613],[-71.5544081,-16.414592],[-71.5544079,-16.4145709],[-71.5543858,-16.4145502],[-71.5543855,-16.4145292],[-71.5543852,-16.4145081],[-71.554385,-16.4144871],[-71.5543847,-16.4144661],[-71.5543629,-16.4144663],[-71.5543626,-16.4144453],[-71.5543624,-16.4144243],[-71.5543621,-16.4144032],[-71.5543618,-16.4143822],[-71.5543615,-16.4143612],[-71.5543395,-16.4143404],[-71.5543392,-16.4143194],[-71.5543389,-16.4142984],[-71.5543387,-16.4142773],[-71.5543384,-16.4142563],[-71.5543381,-16.4142353],[-71.5543378,-16.4142142],[-71.554316,-16.4142145],[-71.5543158,-16.4141935],[-71.5543155,-16.4141724],[-71.5543152,-16.4141514],[-71.5543149,-16.4141304],[-71.5543147,-16.4141094],[-71.5543144,-16.4140883],[-71.5543141,-16.4140673],[-71.5543138,-16.4140463],[-71.5543136,-16.4140252],[-71.5543133,-16.4140042],[-71.554313,-16.4139832],[-71.5543127,-16.4139622],[-71.554291,-16.4139624],[-71.5542907,-16.4139414],[-71.5542904,-16.4139204],[-71.5542901,-16.4138993],[-71.5542899,-16.4138783],[-71.5542896,-16.4138573],[-71.5542893,-16.4138362],[-71.554289,-16.4138152],[-71.5542888,-16.4137942],[-71.5542885,-16.4137732],[-71.5542882,-16.4137521],[-71.5542879,-16.4137311],[-71.5542877,-16.4137101],[-71.5542874,-16.413689],[-71.5543089,-16.4136677],[-71.5543086,-16.4136467],[-71.5543084,-16.4136257],[-71.5543081,-16.4136047],[-71.5543078,-16.4135836],[-71.5543075,-16.4135626],[-71.5543073,-16.4135416],[-71.554307,-16.4135205],[-71.5543067,-16.4134995],[-71.5543064,-16.4134785],[-71.5543062,-16.4134575],[-71.5543059,-16.4134364],[-71.5543274,-16.4134151],[-71.5543271,-16.4133941],[-71.5543268,-16.4133731],[-71.5543266,-16.413352],[-71.5543263,-16.413331],[-71.554326,-16.41331],[-71.5543257,-16.413289],[-71.5543255,-16.4132679],[-71.5543252,-16.4132469],[-71.5543249,-16.4132259],[-71.5543246,-16.4132048],[-71.5543244,-16.4131838],[-71.5543241,-16.4131628],[-71.5543238,-16.4131417],[-71.5543235,-16.4131207],[-71.5543233,-16.4130997],[-71.554323,-16.4130787],[-71.5543227,-16.4130576],[-71.5543224,-16.4130366],[-71.5543222,-16.4130156],[-71.5543219,-16.4129945],[-71.5543216,-16.4129735],[-71.5543213,-16.4129525],[-71.5542996,-16.4129527],[-71.5542993,-16.4129317],[-71.554299,-16.4129107],[-71.5542987,-16.4128897],[-71.5542985,-16.4128686],[-71.5542982,-16.4128476],[-71.5542979,-16.4128266],[-71.5542761,-16.4128268],[-71.5542759,-16.4128058],[-71.5542756,-16.4127848],[-71.5542753,-16.4127637],[-71.554275,-16.4127427],[-71.5542532,-16.412743],[-71.554253,-16.412722],[-71.5542527,-16.4127009],[-71.5542524,-16.4126799],[-71.5542304,-16.4126591],[-71.5542301,-16.4126381],[-71.5542298,-16.4126171],[-71.5542295,-16.412596],[-71.5542077,-16.4125963],[-71.5542075,-16.4125753],[-71.5542072,-16.4125542],[-71.5541854,-16.4125545],[-71.5541851,-16.4125335],[-71.5541849,-16.4125125],[-71.5541846,-16.4124914],[-71.5541628,-16.4124917],[-71.5541625,-16.4124707],[-71.5541623,-16.4124496],[-71.5541405,-16.4124499],[-71.5541402,-16.4124289],[-71.5541399,-16.4124078],[-71.5541181,-16.4124081],[-71.5541179,-16.4123871],[-71.5541176,-16.412366],[-71.5540958,-16.4123663],[-71.5540955,-16.4123453],[-71.5540952,-16.4123243],[-71.5540735,-16.4123245],[-71.5522254,-16.4092972],[-71.5522034,-16.4092765],[-71.5522031,-16.4092555],[-71.5521813,-16.4092557],[-71.552181,-16.4092347],[-71.552159,-16.4092139],[-71.5521369,-16.4091932],[-71.5521366,-16.4091721],[-71.5521146,-16.4091514],[-71.5521143,-16.4091303],[-71.5520925,-16.4091306],[-71.5520922,-16.4091096],[-71.5520702,-16.4090888],[-71.5520699,-16.4090678],[-71.5520478,-16.409047],[-71.5520476,-16.409026],[-71.5520258,-16.4090263],[-71.5520255,-16.4090052],[-71.5520252,-16.4089842],[-71.5520034,-16.4089845],[-71.5520032,-16.4089634],[-71.5520029,-16.4089424],[-71.5519808,-16.4089216],[-71.5519588,-16.4089009],[-71.5519585,-16.4088798],[-71.5519582,-16.4088588],[-71.5519364,-16.4088591],[-71.5519362,-16.408838],[-71.5519359,-16.408817],[-71.5519141,-16.4088173],[-71.5519138,-16.4087963],[-71.5519136,-16.4087752],[-71.5518915,-16.4087545],[-71.5518912,-16.4087334],[-71.5518692,-16.4087127],[-71.5518689,-16.4086916],[-71.5518468,-16.4086709],[-71.5518465,-16.4086498],[-71.5518463,-16.4086288],[-71.5518242,-16.408608],[-71.5518239,-16.408587],[-71.5518237,-16.408566],[-71.5518019,-16.4085663],[-71.5518016,-16.4085452],[-71.5518013,-16.4085242],[-71.5518011,-16.4085032],[-71.551779,-16.4084824],[-71.5517787,-16.4084614],[-71.5517784,-16.4084403],[-71.5517564,-16.4084196],[-71.5517561,-16.4083985],[-71.5517558,-16.4083775],[-71.5517338,-16.4083568],[-71.5517335,-16.4083357],[-71.5517332,-16.4083147],[-71.5517112,-16.4082939],[-71.5517109,-16.4082729],[-71.5517106,-16.4082519],[-71.5517103,-16.4082308],[-71.5516883,-16.4082101],[-71.551688,-16.408189],[-71.5516877,-16.408168],[-71.5516875,-16.408147],[-71.5516654,-16.4081262],[-71.5516651,-16.4081052],[-71.5516649,-16.4080842],[-71.5516646,-16.4080631],[-71.5516643,-16.4080421],[-71.5516425,-16.4080424],[-71.5516422,-16.4080213],[-71.551642,-16.4080003],[-71.5516417,-16.4079793],[-71.5516414,-16.4079583],[-71.5516412,-16.4079372],[-71.5516191,-16.4079165],[-71.5516188,-16.4078954],[-71.5516185,-16.4078744],[-71.5516183,-16.4078534],[-71.551618,-16.4078323],[-71.5516177,-16.4078113],[-71.5516174,-16.4077903],[-71.5515954,-16.4077695],[-71.5515951,-16.4077485],[-71.5515948,-16.4077275],[-71.5515946,-16.4077064],[-71.5515943,-16.4076854],[-71.551594,-16.4076644],[-71.5515937,-16.4076433],[-71.5515935,-16.4076223],[-71.5515932,-16.4076013],[-71.5515929,-16.4075803],[-71.5515926,-16.4075592],[-71.5515924,-16.4075382],[-71.5515921,-16.4075172],[-71.5515918,-16.4074961],[-71.5515698,-16.4074754],[-71.5515695,-16.4074543],[-71.5515692,-16.4074333],[-71.5515689,-16.4074123],[-71.5515687,-16.4073913],[-71.5515684,-16.4073702],[-71.5515681,-16.4073492],[-71.5515678,-16.4073282],[-71.5515676,-16.4073071],[-71.5515673,-16.4072861],[-71.5515888,-16.4072648],[-71.5515885,-16.4072438],[-71.5515883,-16.4072228],[-71.551588,-16.4072017],[-71.5515877,-16.4071807],[-71.5515874,-16.4071597],[-71.5515872,-16.4071386],[-71.5515869,-16.4071176],[-71.5515866,-16.4070966],[-71.5515863,-16.4070755],[-71.5515861,-16.4070545],[-71.5515858,-16.4070335],[-71.5515855,-16.4070125],[-71.5515852,-16.4069914],[-71.551607,-16.4069912],[-71.5516068,-16.4069701],[-71.5516065,-16.4069491],[-71.5516062,-16.4069281],[-71.5516059,-16.406907],[-71.5516057,-16.406886],[-71.5516054,-16.406865],[-71.5516051,-16.406844],[-71.5516266,-16.4068227],[-71.5516263,-16.4068016],[-71.5516261,-16.4067806],[-71.5516258,-16.4067596],[-71.5516255,-16.4067385],[-71.551647,-16.4067173],[-71.5516468,-16.4066962],[-71.5516465,-16.4066752],[-71.5516462,-16.4066542],[-71.5516459,-16.4066331],[-71.5516674,-16.4066118],[-71.5516672,-16.4065908],[-71.5516669,-16.4065698],[-71.5516666,-16.4065488],[-71.5516881,-16.4065275],[-71.5516879,-16.4065064],[-71.5516876,-16.4064854],[-71.5516873,-16.4064644],[-71.5517088,-16.4064431],[-71.5517085,-16.406422],[-71.5517083,-16.406401],[-71.5517298,-16.4063797],[-71.557181,-16.3883305],[-71.5572025,-16.3883092],[-71.5572022,-16.3882882],[-71.5572019,-16.3882672],[-71.5572017,-16.3882461],[-71.5572232,-16.3882248],[-71.5572229,-16.3882038],[-71.5572226,-16.3881828],[-71.5572223,-16.3881617],[-71.5572441,-16.3881615],[-71.5572438,-16.3881404],[-71.5572436,-16.3881194],[-71.5572433,-16.3880984],[-71.557243,-16.3880774],[-71.5572645,-16.3880561],[-71.5572643,-16.388035],[-71.557264,-16.388014],[-71.5572637,-16.387993],[-71.5572852,-16.3879717],[-71.5572849,-16.3879507],[-71.5572847,-16.3879296],[-71.5572844,-16.3879086],[-71.5572841,-16.3878876],[-71.5573059,-16.3878873],[-71.5573056,-16.3878663],[-71.5573054,-16.3878452],[-71.5573051,-16.3878242],[-71.5573048,-16.3878032],[-71.5573045,-16.3877822],[-71.5573263,-16.3877819],[-71.557326,-16.3877609],[-71.5573258,-16.3877398],[-71.5573255,-16.3877188],[-71.5573252,-16.3876978],[-71.5573249,-16.3876767],[-71.5573467,-16.3876765],[-71.5573465,-16.3876554],[-71.5573462,-16.3876344],[-71.5573459,-16.3876134],[-71.5573456,-16.3875924],[-71.5573454,-16.3875713],[-71.5573669,-16.38755],[-71.5573666,-16.387529],[-71.5573663,-16.387508],[-71.557366,-16.3874869],[-71.5573658,-16.3874659],[-71.5573655,-16.3874449],[-71.5573652,-16.3874239],[-71.557387,-16.3874236],[-71.5573867,-16.3874026],[-71.5573865,-16.3873815],[-71.5573862,-16.3873605],[-71.5573859,-16.3873395],[-71.5573856,-16.3873184],[-71.5573854,-16.3872974],[-71.5574069,-16.3872761],[-71.5574066,-16.3872551],[-71.5574063,-16.3872341],[-71.557406,-16.387213],[-71.5574058,-16.387192],[-71.5574055,-16.387171],[-71.5574052,-16.3871499],[-71.5574049,-16.3871289],[-71.5574267,-16.3871287],[-71.5574264,-16.3871076],[-71.5574262,-16.3870866],[-71.5574259,-16.3870656],[-71.5574256,-16.3870445],[-71.5574254,-16.3870235],[-71.5574251,-16.3870025],[-71.5574248,-16.3869814],[-71.5574245,-16.3869604],[-71.557446,-16.3869391],[-71.5574458,-16.3869181],[-71.5574455,-16.3868971],[-71.5574452,-16.386876],[-71.5574449,-16.386855],[-71.5574447,-16.386834],[-71.5574444,-16.386813],[-71.5574441,-16.3867919],[-71.5574438,-16.3867709],[-71.5574436,-16.3867499],[-71.5574433,-16.3867288],[-71.5574651,-16.3867286],[-71.5574648,-16.3867075],[-71.5574645,-16.3866865],[-71.5574643,-16.3866655],[-71.557464,-16.3866445],[-71.5574637,-16.3866234],[-71.5574634,-16.3866024],[-71.5574632,-16.3865814],[-71.5574629,-16.3865603],[-71.5574626,-16.3865393],[-71.5574623,-16.3865183],[-71.5574621,-16.3864972],[-71.5574618,-16.3864762],[-71.5574615,-16.3864552],[-71.5574612,-16.3864342],[-71.557461,-16.3864131],[-71.5574607,-16.3863921],[-71.5574825,-16.3863918],[-71.5574822,-16.3863708],[-71.5574819,-16.3863498],[-71.5574816,-16.3863287],[-71.5574814,-16.3863077],[-71.5574811,-16.3862867],[-71.5574808,-16.3862657],[-71.5574805,-16.3862446],[-71.5574803,-16.3862236],[-71.55748,-16.3862026],[-71.5574797,-16.3861815],[-71.5574794,-16.3861605],[-71.5574792,-16.3861395],[-71.5574789,-16.3861185],[-71.5574786,-16.3860974],[-71.5574783,-16.3860764],[-71.5574781,-16.3860554],[-71.5574778,-16.3860343],[-71.5574775,-16.3860133],[-71.5574773,-16.3859923],[-71.557477,-16.3859712],[-71.5574767,-16.3859502],[-71.5574764,-16.3859292],[-71.5574201,-16.3832798],[-71.5574198,-16.3832587],[-71.5574195,-16.3832377],[-71.5574192,-16.3832167],[-71.557419,-16.3831956],[-71.5574187,-16.3831746],[-71.5574184,-16.3831536],[-71.5574181,-16.3831326],[-71.5574179,-16.3831115],[-71.5574176,-16.3830905],[-71.5574173,-16.3830695],[-71.557417,-16.3830484],[-71.5574168,-16.3830274],[-71.5574165,-16.3830064],[-71.5574162,-16.3829853],[-71.5574159,-16.3829643],[-71.5574157,-16.3829433],[-71.5574154,-16.3829223],[-71.5574151,-16.3829012],[-71.5574148,-16.3828802],[-71.5574146,-16.3828592],[-71.5574364,-16.3828589],[-71.5574361,-16.3828379],[-71.5574358,-16.3828168],[-71.5574355,-16.3827958],[-71.5574353,-16.3827748],[-71.557435,-16.3827538],[-71.5574347,-16.3827327],[-71.5574344,-16.3827117],[-71.5574342,-16.3826907],[-71.5574339,-16.3826696],[-71.5574336,-16.3826486],[-71.5574333,-16.3826276],[-71.5574331,-16.3826066],[-71.5574328,-16.3825855],[-71.5574543,-16.3825642],[-71.557454,-16.3825432],[-71.5574537,-16.3825222],[-71.5574535,-16.3825011],[-71.5574532,-16.3824801],[-71.5574529,-16.3824591],[-71.5574526,-16.3824381],[-71.5574524,-16.382417],[-71.5574521,-16.382396],[-71.5574518,-16.382375],[-71.5574736,-16.3823747],[-71.5574733,-16.3823537]]}},{"type":"Feature","properties":{"nivel":"Ferrocarril","ancho":0.72,"color":["#000000"]},"geometry":{"type":"LineString","coordinates":[[-71.5574733,-16.3823537],[-71.5574731,-16.3823326],[-71.5574728,-16.3823116],[-71.5574725,-16.3822906],[-71.5574722,-16.3822696],[-71.557472,-16.3822485],[-71.5574717,-16.3822275],[-71.5574714,-16.3822065],[-71.5574932,-16.3822062],[-71.5574929,-16.3821852],[-71.5574926,-16.3821641],[-71.5574924,-16.3821431],[-71.5574921,-16.3821221],[-71.5574918,-16.3821011],[-71.5574915,-16.38208],[-71.5575131,-16.3820587],[-71.5575128,-16.3820377],[-71.5575125,-16.3820167],[-71.5575122,-16.3819956],[-71.557512,-16.3819746],[-71.5575117,-16.3819536],[-71.5575332,-16.3819323],[-71.5575329,-16.3819113],[-71.5575326,-16.3818902],[-71.5575324,-16.3818692],[-71.5575321,-16.3818482],[-71.5575318,-16.3818271],[-71.5575536,-16.3818269],[-71.5575533,-16.3818059],[-71.5575531,-16.3817848],[-71.5575528,-16.3817638],[-71.5575525,-16.3817428],[-71.5575522,-16.3817217],[-71.557574,-16.3817215],[-71.5575737,-16.3817004],[-71.5575735,-16.3816794],[-71.5575732,-16.3816584],[-71.5575729,-16.3816374],[-71.5575944,-16.3816161],[-71.5575942,-16.381595],[-71.5575939,-16.381574],[-71.5575936,-16.381553],[-71.5575933,-16.3815319],[-71.5622685,-16.360842],[-71.5622902,-16.3608418],[-71.56229,-16.3608207],[-71.5622897,-16.3607997],[-71.5622894,-16.3607787],[-71.5623112,-16.3607784],[-71.5623109,-16.3607574],[-71.5623106,-16.3607364],[-71.5623322,-16.3607151],[-71.5623319,-16.360694],[-71.5623316,-16.360673],[-71.5623534,-16.3606727],[-71.5623531,-16.3606517],[-71.5623528,-16.3606307],[-71.5623743,-16.3606094],[-71.5623741,-16.3605884],[-71.5623956,-16.3605671],[-71.5623953,-16.360546],[-71.562395,-16.360525],[-71.5624168,-16.3605247],[-71.5624165,-16.3605037],[-71.5624163,-16.3604827],[-71.562438,-16.3604824],[-71.5624378,-16.3604614],[-71.5624375,-16.3604404],[-71.5624593,-16.3604401],[-71.562459,-16.3604191],[-71.5624587,-16.360398],[-71.5624805,-16.3603978],[-71.5624802,-16.3603767],[-71.5624799,-16.3603557],[-71.5625017,-16.3603554],[-71.5625015,-16.3603344],[-71.5625012,-16.3603134],[-71.562523,-16.3603131],[-71.5625227,-16.3602921],[-71.5625442,-16.3602708],[-71.5625439,-16.3602498],[-71.5625654,-16.3602285],[-71.5625651,-16.3602074],[-71.5625869,-16.3602072],[-71.5625867,-16.3601861],[-71.5625864,-16.3601651],[-71.5626082,-16.3601648],[-71.5626079,-16.3601438],[-71.5626294,-16.3601225],[-71.5626291,-16.3601015],[-71.5626509,-16.3601012],[-71.5626506,-16.3600802],[-71.5626503,-16.3600592],[-71.5626721,-16.3600589],[-71.5626719,-16.3600379],[-71.5626934,-16.3600166],[-71.5626931,-16.3599956],[-71.5627149,-16.3599953],[-71.5627146,-16.3599743],[-71.5627361,-16.359953],[-71.5627358,-16.3599319],[-71.5627576,-16.3599317],[-71.5627573,-16.3599106],[-71.5627788,-16.3598893],[-71.5627786,-16.3598683],[-71.5628003,-16.3598681],[-71.5628001,-16.359847],[-71.5628218,-16.3598468],[-71.5628216,-16.3598257],[-71.5628431,-16.3598044],[-71.5628428,-16.3597834],[-71.5628646,-16.3597831],[-71.5628643,-16.3597621],[-71.5628861,-16.3597618],[-71.5628858,-16.3597408],[-71.5629076,-16.3597406],[-71.5629073,-16.3597195],[-71.5629288,-16.3596982],[-71.5629285,-16.3596772],[-71.5629503,-16.3596769],[-71.5629501,-16.3596559],[-71.5629718,-16.3596556],[-71.5629716,-16.3596346],[-71.5629933,-16.3596343],[-71.5629931,-16.3596133],[-71.5630146,-16.359592],[-71.5630361,-16.3595707],[-71.5630358,-16.3595497],[-71.5776577,-16.3433445],[-71.5776795,-16.3433442],[-71.5776792,-16.3433232],[-71.577701,-16.3433229],[-71.5777007,-16.3433019],[-71.5777225,-16.3433016],[-71.5777222,-16.3432806],[-71.577744,-16.3432803],[-71.5777437,-16.3432593],[-71.5777655,-16.343259],[-71.577787,-16.3432377],[-71.5778088,-16.3432375],[-71.5778085,-16.3432164],[-71.5778303,-16.3432162],[-71.57783,-16.3431951],[-71.5778518,-16.3431949],[-71.5778735,-16.3431946],[-71.5778733,-16.3431736],[-71.577895,-16.3431733],[-71.5779165,-16.343152],[-71.5779383,-16.3431518],[-71.5779381,-16.3431307],[-71.5779598,-16.3431305],[-71.5779816,-16.3431302],[-71.5779813,-16.3431092],[-71.5780031,-16.3431089],[-71.5780246,-16.3430876],[-71.5780464,-16.3430873],[-71.5780461,-16.3430663],[-71.5780679,-16.343066],[-71.5780897,-16.3430658],[-71.5781112,-16.3430445],[-71.578133,-16.3430442],[-71.5781547,-16.3430439],[-71.5781545,-16.3430229],[-71.5781762,-16.3430227],[-71.578198,-16.3430224],[-71.5781977,-16.3430014],[-71.5782195,-16.3430011],[-71.5782413,-16.3430008],[-71.5782628,-16.3429795],[-71.5782846,-16.3429793],[-71.5783063,-16.342979],[-71.5783279,-16.3429577],[-71.5783496,-16.3429574],[-71.5783714,-16.3429572],[-71.5783932,-16.3429569],[-71.5783929,-16.3429359],[-71.5784147,-16.3429356],[-71.5784365,-16.3429353],[-71.5784582,-16.3429351],[-71.5784797,-16.3429138],[-71.5785015,-16.3429135],[-71.5785233,-16.3429132],[-71.5785451,-16.342913],[-71.5785669,-16.3429127],[-71.5785666,-16.3428917],[-71.5785884,-16.3428914],[-71.5786101,-16.3428911],[-71.5786319,-16.3428909],[-71.5786537,-16.3428906],[-71.5786755,-16.3428903],[-71.5786973,-16.3428901],[-71.578719,-16.3428898],[-71.5787188,-16.3428688],[-71.5787405,-16.3428685],[-71.5787623,-16.3428683],[-71.5787841,-16.342868],[-71.5788059,-16.3428677],[-71.5788276,-16.3428675],[-71.5788494,-16.3428672],[-71.5788712,-16.3428669],[-71.5848591,-16.3427094],[-71.5848808,-16.3427092],[-71.5849026,-16.3427089],[-71.5849244,-16.3427086],[-71.5849459,-16.3426873],[-71.5849677,-16.3426871],[-71.5849895,-16.3426868],[-71.5850112,-16.3426865],[-71.585033,-16.3426863],[-71.5850545,-16.342665],[-71.5850763,-16.3426647],[-71.5850981,-16.3426644],[-71.5851198,-16.3426642],[-71.5851416,-16.3426639],[-71.5851634,-16.3426636],[-71.5851631,-16.3426426],[-71.5851849,-16.3426423],[-71.5852067,-16.3426421],[-71.5852285,-16.3426418],[-71.5852502,-16.3426415],[-71.5852717,-16.3426202],[-71.5852935,-16.34262],[-71.5853153,-16.3426197],[-71.5853371,-16.3426194],[-71.5853588,-16.3426192],[-71.5853803,-16.3425979],[-71.5854021,-16.3425976],[-71.5854239,-16.3425973],[-71.5854457,-16.3425971],[-71.5854672,-16.3425758],[-71.585489,-16.3425755],[-71.5855107,-16.3425752],[-71.5855325,-16.342575],[-71.5855322,-16.3425539],[-71.585554,-16.3425537],[-71.5855758,-16.3425534],[-71.5855976,-16.3425531],[-71.5856191,-16.3425318],[-71.5856409,-16.3425316],[-71.5856626,-16.3425313],[-71.5856841,-16.34251],[-71.5857059,-16.3425098],[-71.5857277,-16.3425095],[-71.5857492,-16.3424882],[-71.585771,-16.3424879],[-71.5857927,-16.3424877],[-71.5858145,-16.3424874],[-71.585836,-16.3424661],[-71.5858578,-16.3424658],[-71.5858796,-16.3424656],[-71.5859011,-16.3424443],[-71.5859229,-16.342444],[-71.5859444,-16.3424227],[-71.5859661,-16.3424224],[-71.5859879,-16.3424222],[-71.5860094,-16.3424009],[-71.5860312,-16.3424006],[-71.586053,-16.3424003],[-71.5860745,-16.342379],[-71.5860963,-16.3423788],[-71.586118,-16.3423785],[-71.5861178,-16.3423575],[-71.5861395,-16.3423572],[-71.5861613,-16.3423569],[-71.5861831,-16.3423567],[-71.5861828,-16.3423356],[-71.5862046,-16.3423354],[-71.5862264,-16.3423351],[-71.5862479,-16.3423138],[-71.5862696,-16.3423135],[-71.5862914,-16.3423133],[-71.5862911,-16.3422922],[-71.5863129,-16.342292],[-71.5863347,-16.3422917],[-71.5863562,-16.3422704],[-71.586378,-16.3422701],[-71.5863995,-16.3422489],[-71.5864213,-16.3422486],[-71.5864428,-16.3422273],[-71.5864645,-16.342227],[-71.586486,-16.3422057],[-71.5865078,-16.3422055],[-71.5865296,-16.3422052],[-71.5865293,-16.3421842],[-71.5865511,-16.3421839],[-71.5865729,-16.3421836],[-71.5865726,-16.3421626],[-71.5865944,-16.3421623],[-71.5866162,-16.3421621],[-71.5866377,-16.3421408],[-71.5866594,-16.3421405],[-71.5866809,-16.3421192],[-71.5867027,-16.3421189],[-71.5867242,-16.3420976],[-71.5867457,-16.3420763],[-71.5867675,-16.3420761],[-71.5867893,-16.3420758],[-71.586789,-16.3420548],[-71.5868108,-16.3420545],[-71.5868326,-16.3420542],[-71.5868323,-16.3420332],[-71.5868541,-16.342033],[-71.5868756,-16.3420117],[-71.5868973,-16.3420114],[-71.5869188,-16.3419901],[-71.5869406,-16.3419898],[-71.5869621,-16.3419685],[-71.5869839,-16.3419683],[-71.5869836,-16.3419472],[-71.5870054,-16.341947],[-71.5870272,-16.3419467],[-71.5870269,-16.3419257],[-71.5870487,-16.3419254],[-71.5870702,-16.3419041],[-71.5870919,-16.3419038],[-71.5871134,-16.3418825],[-71.587135,-16.3418612],[-71.5871567,-16.341861],[-71.5871565,-16.3418399],[-71.5871782,-16.3418397],[-71.5872,-16.3418394],[-71.5871997,-16.3418184],[-71.5872215,-16.3418181],[-71.587243,-16.3417968],[-71.5872645,-16.3417755],[-71.5872863,-16.3417753],[-71.5873078,-16.341754],[-71.5873296,-16.3417537],[-71.5873293,-16.3417327],[-71.5873511,-16.3417324],[-71.5873726,-16.3417111],[-71.5873941,-16.3416898],[-71.5874158,-16.3416895],[-71.5874373,-16.3416682],[-71.5874591,-16.341668],[-71.5874588,-16.3416469],[-71.5874806,-16.3416467],[-71.5874803,-16.3416256],[-71.5875021,-16.3416254],[-71.5875236,-16.3416041],[-71.5875451,-16.3415828],[-71.5875669,-16.3415825],[-71.5875666,-16.3415615],[-71.5875884,-16.3415612],[-71.5876099,-16.3415399],[-71.5876317,-16.3415397],[-71.5876314,-16.3415186],[-71.5876532,-16.3415184],[-71.5876747,-16.3414971],[-71.5901324,-16.339574],[-71.5901542,-16.3395737],[-71.590176,-16.3395734],[-71.5901757,-16.3395524],[-71.5901975,-16.3395521],[-71.5901972,-16.3395311],[-71.590219,-16.3395308],[-71.5902187,-16.3395098],[-71.5902405,-16.3395095],[-71.5902622,-16.3395093],[-71.590262,-16.3394883],[-71.5902837,-16.339488],[-71.5902835,-16.339467],[-71.5903052,-16.3394667],[-71.590305,-16.3394457],[-71.5903267,-16.3394454],[-71.5903265,-16.3394244],[-71.5903482,-16.3394241],[-71.590348,-16.3394031],[-71.5903697,-16.3394028],[-71.5903695,-16.3393818],[-71.5903912,-16.3393815],[-71.590391,-16.3393605],[-71.5904127,-16.3393602],[-71.5904125,-16.3393392],[-71.5904342,-16.3393389],[-71.590434,-16.3393179],[-71.5904557,-16.3393176],[-71.5904555,-16.3392966],[-71.5904772,-16.3392963],[-71.590477,-16.3392753],[-71.5904987,-16.339275],[-71.5904985,-16.339254],[-71.59052,-16.3392327],[-71.5905197,-16.3392117],[-71.5905415,-16.3392114],[-71.5905412,-16.3391904],[-71.590563,-16.3391901],[-71.5905627,-16.3391691],[-71.5905842,-16.3391478],[-71.5905839,-16.3391267],[-71.5906057,-16.3391265],[-71.5906054,-16.3391054],[-71.5906269,-16.3390842],[-71.5906266,-16.3390631],[-71.5906484,-16.3390629],[-71.5906481,-16.3390418],[-71.5906479,-16.3390208],[-71.5906696,-16.3390205],[-71.5906694,-16.3389995],[-71.5982809,-16.3249194],[-71.5982806,-16.3248984],[-71.5983021,-16.3248771],[-71.5983018,-16.3248561],[-71.5983233,-16.3248348],[-71.598323,-16.3248137],[-71.5983448,-16.3248135],[-71.5983445,-16.3247924],[-71.598366,-16.3247711],[-71.5983657,-16.3247501],[-71.5983872,-16.3247288],[-71.598387,-16.3247078],[-71.5984087,-16.3247075],[-71.5984085,-16.3246865],[-71.59843,-16.3246652],[-71.5984297,-16.3246442],[-71.5984515,-16.3246439],[-71.5984512,-16.3246229],[-71.5984509,-16.3246018],[-71.5984727,-16.3246016],[-71.5984724,-16.3245805],[-71.5984939,-16.3245592],[-71.5984936,-16.3245382],[-71.5985154,-16.3245379],[-71.5985151,-16.3245169],[-71.5985369,-16.3245166],[-71.5985366,-16.3244956],[-71.5985581,-16.3244743],[-71.5985578,-16.3244533],[-71.5985796,-16.324453],[-71.5985793,-16.324432],[-71.5986011,-16.3244317],[-71.5986008,-16.3244107],[-71.5986223,-16.3243894],[-71.5986438,-16.3243681],[-71.5986436,-16.3243471],[-71.5986653,-16.3243468],[-71.598665,-16.3243258],[-71.5986868,-16.3243255],[-71.5986865,-16.3243045],[-71.598708,-16.3242832],[-71.5987295,-16.3242619],[-71.598751,-16.3242406],[-71.5987725,-16.3242193],[-71.598794,-16.324198],[-71.5987938,-16.324177],[-71.5988155,-16.3241767],[-71.5988153,-16.3241557],[-71.598837,-16.3241554],[-71.5988368,-16.3241344],[-71.5988585,-16.3241341],[-71.59888,-16.3241128],[-71.5988797,-16.3240918],[-71.5989015,-16.3240915],[-71.5989012,-16.3240705],[-71.598923,-16.3240702],[-71.5989227,-16.3240492],[-71.5989445,-16.3240489],[-71.598966,-16.3240276],[-71.5989875,-16.3240063],[-71.599009,-16.323985],[-71.5990305,-16.3239637],[-71.599052,-16.3239424],[-71.5990738,-16.3239422],[-71.5990735,-16.3239211],[-71.5990953,-16.3239209],[-71.599095,-16.3238998],[-71.5991168,-16.3238996],[-71.5991383,-16.3238783],[-71.5991598,-16.323857],[-71.5991816,-16.3238567],[-71.5991813,-16.3238357],[-71.5992031,-16.3238354],[-71.5992028,-16.3238144],[-71.5992245,-16.3238141],[-71.599246,-16.3237928],[-71.5992678,-16.3237925],[-71.5992675,-16.3237715],[-71.5992893,-16.3237713],[-71.599289,-16.3237502],[-71.5993108,-16.32375],[-71.5993323,-16.3237287],[-71.5993541,-16.3237284],[-71.5993538,-16.3237074],[-71.5993756,-16.3237071],[-71.5993971,-16.3236858],[-71.5994189,-16.3236855],[-71.5994404,-16.3236642],[-71.5994621,-16.323664],[-71.5994619,-16.3236429],[-71.5994836,-16.3236427],[-71.5995051,-16.3236214],[-71.5995269,-16.3236211],[-71.5995266,-16.3236001],[-71.5995484,-16.3235998],[-71.5995702,-16.3235995],[-71.5995699,-16.3235785],[-71.5995917,-16.3235782],[-71.5996132,-16.3235569],[-71.599635,-16.3235567],[-71.5996347,-16.3235356],[-71.5996564,-16.3235354],[-71.5996782,-16.3235351],[-71.5996997,-16.3235138],[-71.5997215,-16.3235135],[-71.5997212,-16.3234925],[-71.599743,-16.3234922],[-71.5997648,-16.323492],[-71.5997863,-16.3234707],[-71.599808,-16.3234704],[-71.5998078,-16.3234494],[-71.5998295,-16.3234491],[-71.5998513,-16.3234488],[-71.5998728,-16.3234275],[-71.5998946,-16.3234273],[-71.5999161,-16.323406],[-71.5999379,-16.3234057],[-71.5999596,-16.3234054],[-71.5999594,-16.3233844],[-71.5999811,-16.3233841],[-71.6000029,-16.3233839],[-71.6000244,-16.3233626],[-71.6000462,-16.3233623],[-71.600068,-16.323362],[-71.6000895,-16.3233407],[-71.6001112,-16.3233405],[-71.6001327,-16.3233192],[-71.6001545,-16.3233189],[-71.6001763,-16.3233186],[-71.6001978,-16.3232973],[-71.6002196,-16.3232971],[-71.6002413,-16.3232968],[-71.6002628,-16.3232755],[-71.6002846,-16.3232752],[-71.6003061,-16.3232539],[-71.6003279,-16.3232537],[-71.6003497,-16.3232534],[-71.6003712,-16.3232321],[-71.6003929,-16.3232318],[-71.6004147,-16.3232316],[-71.6004362,-16.3232103],[-71.600458,-16.32321],[-71.6004795,-16.3231887],[-71.6005013,-16.3231884],[-71.600523,-16.3231882],[-71.6005445,-16.3231669],[-71.6005663,-16.3231666],[-71.6005878,-16.3231453],[-71.6006096,-16.323145],[-71.6006313,-16.3231448],[-71.6006528,-16.3231235],[-71.6006746,-16.3231232],[-71.6006964,-16.3231229],[-71.6007179,-16.3231016],[-71.6007397,-16.3231014],[-71.6007612,-16.3230801],[-71.6007829,-16.3230798],[-71.6008047,-16.3230795],[-71.6008262,-16.3230582],[-71.600848,-16.323058],[-71.6008695,-16.3230367],[-71.6008913,-16.3230364],[-71.600913,-16.3230361],[-71.6009128,-16.3230151],[-71.6009345,-16.3230148],[-71.6009563,-16.3230146],[-71.6009778,-16.3229933],[-71.6009996,-16.322993],[-71.6010211,-16.3229717],[-71.6010429,-16.3229714],[-71.6010646,-16.3229712],[-71.6010861,-16.3229499],[-71.6011079,-16.3229496],[-71.6011294,-16.3229283],[-71.6011512,-16.322928],[-71.601173,-16.3229278],[-71.6011727,-16.3229068],[-71.6011945,-16.3229065],[-71.6012162,-16.3229062],[-71.6012377,-16.3228849],[-71.6012595,-16.3228846],[-71.601281,-16.3228634],[-71.6013028,-16.3228631],[-71.6013246,-16.3228628],[-71.601346,-16.3228415],[-71.6013678,-16.3228413],[-71.6013893,-16.32282],[-71.6014111,-16.3228197],[-71.6014329,-16.3228194],[-71.6014326,-16.3227984],[-71.6014544,-16.3227981],[-71.6014761,-16.3227978],[-71.6014976,-16.3227766],[-71.6015194,-16.3227763],[-71.6015409,-16.322755],[-71.6015627,-16.3227547],[-71.6015845,-16.3227544],[-71.601606,-16.3227332],[-71.6016277,-16.3227329],[-71.6016492,-16.3227116],[-71.601671,-16.3227113],[-71.6016928,-16.322711],[-71.6016925,-16.32269],[-71.6017143,-16.3226898],[-71.6017361,-16.3226895],[-71.6017576,-16.3226682],[-71.6017793,-16.3226679],[-71.6017791,-16.3226469],[-71.6018008,-16.3226466],[-71.6018226,-16.3226464],[-71.6018441,-16.3226251],[-71.6018659,-16.3226248],[-71.6018874,-16.3226035],[-71.6019092,-16.3226032],[-71.6019309,-16.322603],[-71.6019524,-16.3225817],[-71.6019742,-16.3225814],[-71.6019957,-16.3225601],[-71.6020175,-16.3225598],[-71.6020172,-16.3225388],[-71.602039,-16.3225385],[-71.6020607,-16.3225383],[-71.6020822,-16.322517],[-71.602104,-16.3225167],[-71.6021255,-16.3224954],[-71.6021473,-16.3224951],[-71.6021691,-16.3224949],[-71.6021906,-16.3224736],[-71.6022123,-16.3224733],[-71.6022338,-16.322452],[-71.6022556,-16.3224517],[-71.6022771,-16.3224304],[-71.6022989,-16.3224302],[-71.6023204,-16.3224089],[-71.6023422,-16.3224086],[-71.6023637,-16.3223873],[-71.6023854,-16.322387],[-71.6024069,-16.3223657],[-71.6024287,-16.3223655],[-71.6024502,-16.3223442],[-71.602472,-16.3223439],[-71.6024938,-16.3223436],[-71.6025152,-16.3223223],[-71.602537,-16.3223221],[-71.6025585,-16.3223008],[-71.6025803,-16.3223005],[-71.60258,-16.3222795],[-71.6026018,-16.3222792],[-71.6026236,-16.3222789],[-71.6026451,-16.3222576],[-71.6026668,-16.3222574],[-71.6026883,-16.3222361],[-71.6027101,-16.3222358],[-71.6027316,-16.3222145],[-71.6027534,-16.3222142],[-71.6027749,-16.3221929],[-71.6027967,-16.3221927],[-71.6028182,-16.3221714],[-71.6028399,-16.3221711],[-71.6028614,-16.3221498],[-71.6028832,-16.3221495],[-71.602905,-16.3221493],[-71.6029047,-16.3221282],[-71.6029265,-16.322128],[-71.602948,-16.3221067],[-71.6029698,-16.3221064],[-71.6029912,-16.3220851],[-71.603013,-16.3220848],[-71.6030345,-16.3220635],[-71.6030563,-16.3220633],[-71.6030778,-16.322042],[-71.6030996,-16.3220417],[-71.6031213,-16.3220414],[-71.6031211,-16.3220204],[-71.6031428,-16.3220201],[-71.6031643,-16.3219988],[-71.6031861,-16.3219986],[-71.6089407,-16.3190882],[-71.6089622,-16.3190669],[-71.608984,-16.3190666],[-71.6090058,-16.3190663],[-71.6090055,-16.3190453],[-71.6090273,-16.319045],[-71.6090487,-16.3190237],[-71.6090705,-16.3190235],[-71.609092,-16.3190022],[-71.6091138,-16.3190019],[-71.6091353,-16.3189806],[-71.6091571,-16.3189803],[-71.6091788,-16.3189801],[-71.6091786,-16.318959],[-71.6092003,-16.3189588],[-71.6092218,-16.3189375],[-71.6092436,-16.3189372],[-71.6092651,-16.3189159],[-71.6092869,-16.3189156],[-71.6093084,-16.3188943],[-71.6093301,-16.3188941],[-71.6093516,-16.3188728],[-71.6093734,-16.3188725],[-71.6093949,-16.3188512],[-71.6094164,-16.3188299],[-71.6094382,-16.3188296],[-71.60946,-16.3188294],[-71.6094597,-16.3188083],[-71.6094815,-16.3188081],[-71.6095032,-16.3188078],[-71.609503,-16.3187868],[-71.6095247,-16.3187865],[-71.6095462,-16.3187652],[-71.609568,-16.3187649],[-71.6095895,-16.3187436],[-71.6096113,-16.3187434],[-71.609611,-16.3187223],[-71.6096328,-16.3187221],[-71.6096543,-16.3187008],[-71.609676,-16.3187005],[-71.6096975,-16.3186792],[-71.6097193,-16.3186789],[-71.609719,-16.3186579],[-71.6097408,-16.3186576],[-71.6097626,-16.3186574],[-71.6097623,-16.3186363],[-71.6097841,-16.3186361],[-71.6098056,-16.3186148],[-71.6098273,-16.3186145],[-71.6098271,-16.3185935],[-71.6098488,-16.3185932],[-71.6098706,-16.3185929],[-71.6098703,-16.3185719],[-71.6098921,-16.3185716],[-71.6099136,-16.3185503],[-71.6099351,-16.318529],[-71.6099569,-16.3185288],[-71.6099784,-16.3185075],[-71.6100002,-16.3185072],[-71.6100216,-16.3184859],[-71.6100431,-16.3184646],[-71.6100649,-16.3184643],[-71.6100646,-16.3184433],[-71.6100864,-16.318443],[-71.6101082,-16.3184428],[-71.6101079,-16.3184217],[-71.6101297,-16.3184215],[-71.6101512,-16.3184002],[-71.6101727,-16.3183789],[-71.6101945,-16.3183786],[-71.6101942,-16.3183576],[-71.6102159,-16.3183573],[-71.6102374,-16.318336],[-71.6102592,-16.3183357],[-71.6102807,-16.3183144],[-71.6103022,-16.3182931],[-71.610324,-16.3182929],[-71.6103237,-16.3182718],[-71.6103455,-16.3182716],[-71.610367,-16.3182503],[-71.6103885,-16.318229],[-71.6104102,-16.3182287],[-71.61041,-16.3182077],[-71.6104317,-16.3182074],[-71.6104532,-16.3181861],[-71.6104747,-16.3181648],[-71.6104965,-16.3181645],[-71.6104962,-16.3181435],[-71.610518,-16.3181432],[-71.6105398,-16.318143],[-71.6105395,-16.3181219],[-71.6105613,-16.3181217],[-71.6105828,-16.3181004],[-71.6106043,-16.3180791],[-71.610626,-16.3180788],[-71.6106258,-16.3180578],[-71.6106475,-16.3180575],[-71.6106473,-16.3180365],[-71.610669,-16.3180362],[-71.6106905,-16.3180149],[-71.610712,-16.3179936],[-71.6107338,-16.3179933],[-71.6107335,-16.3179723],[-71.6107553,-16.3179721],[-71.6107768,-16.3179508],[-71.6107983,-16.3179295],[-71.6108201,-16.3179292],[-71.6108198,-16.3179082],[-71.6108416,-16.3179079],[-71.6108413,-16.3178869],[-71.6108628,-16.3178656],[-71.6108846,-16.3178653],[-71.6108843,-16.3178443],[-71.610906,-16.317844],[-71.6109275,-16.3178227],[-71.610949,-16.3178014],[-71.6109705,-16.3177801],[-71.6109923,-16.3177798],[-71.610992,-16.3177588],[-71.6110138,-16.3177585],[-71.6110353,-16.3177372],[-71.6110568,-16.3177159],[-71.6110783,-16.3176946],[-71.6111001,-16.3176944],[-71.6110998,-16.3176733],[-71.6111213,-16.317652],[-71.6111428,-16.3176307],[-71.6111646,-16.3176305],[-71.6111643,-16.3176094],[-71.611186,-16.3176092],[-71.6112075,-16.3175879],[-71.611229,-16.3175666],[-71.6112505,-16.3175453],[-71.611272,-16.317524],[-71.6112935,-16.3175027],[-71.611315,-16.3174814],[-71.6113368,-16.3174811],[-71.6113365,-16.3174601],[-71.6113583,-16.3174598],[-71.611358,-16.3174388],[-71.6113795,-16.3174175],[-71.6114013,-16.3174172],[-71.611401,-16.3173962],[-71.6114228,-16.3173959],[-71.6114225,-16.3173749],[-71.6114443,-16.3173746],[-71.611444,-16.3173536],[-71.6114658,-16.3173533],[-71.6114873,-16.317332],[-71.611487,-16.317311],[-71.6115088,-16.3173107],[-71.6115085,-16.3172897],[-71.6126265,-16.3162032],[-71.6126483,-16.316203],[-71.612648,-16.3161819],[-71.6126698,-16.3161817],[-71.6126913,-16.3161604],[-71.6127131,-16.3161601],[-71.6127128,-16.3161391],[-71.6127346,-16.3161388],[-71.6127343,-16.3161178],[-71.6127561,-16.3161175],[-71.6127778,-16.3161172],[-71.6127776,-16.3160962],[-71.6127993,-16.3160959],[-71.6127991,-16.3160749],[-71.6128208,-16.3160746],[-71.6128426,-16.3160744],[-71.6128423,-16.3160533],[-71.6128641,-16.3160531],[-71.6128856,-16.3160318],[-71.6129074,-16.3160315],[-71.6129071,-16.3160105],[-71.6129289,-16.3160102],[-71.6129506,-16.3160099],[-71.6129504,-16.3159889],[-71.6129721,-16.3159886],[-71.6129939,-16.3159884],[-71.6129936,-16.3159673],[-71.6130154,-16.3159671],[-71.6130372,-16.3159668],[-71.6130369,-16.3159458],[-71.6130587,-16.3159455],[-71.6130804,-16.3159452],[-71.6130802,-16.3159242],[-71.6131019,-16.3159239],[-71.6131237,-16.3159237],[-71.6131234,-16.3159026],[-71.6131452,-16.3159024],[-71.613167,-16.3159021],[-71.6131667,-16.3158811],[-71.6131885,-16.3158808],[-71.6132103,-16.3158805],[-71.6132318,-16.3158592],[-71.6132535,-16.315859],[-71.6132753,-16.3158587],[-71.613275,-16.3158377],[-71.6132968,-16.3158374],[-71.6133186,-16.3158371],[-71.6133403,-16.3158369],[-71.6133401,-16.3158158],[-71.6133618,-16.3158156],[-71.6133836,-16.3158153],[-71.6134054,-16.315815],[-71.6134051,-16.315794],[-71.6134269,-16.3157937],[-71.6134487,-16.3157934],[-71.6134704,-16.3157932],[-71.6134702,-16.3157722],[-71.6134919,-16.3157719],[-71.6135137,-16.3157716],[-71.6135355,-16.3157713],[-71.613557,-16.31575],[-71.6135787,-16.3157498],[-71.6136005,-16.3157495],[-71.6136223,-16.3157492],[-71.6136438,-16.3157279],[-71.6136656,-16.3157277],[-71.6136873,-16.3157274],[-71.6137091,-16.3157271],[-71.6137309,-16.3157269],[-71.6137524,-16.3157056],[-71.6137742,-16.3157053],[-71.6137959,-16.315705],[-71.6138177,-16.3157047],[-71.6138395,-16.3157045],[-71.6138613,-16.3157042],[-71.6138828,-16.3156829],[-71.6139045,-16.3156826],[-71.6139263,-16.3156824],[-71.6139481,-16.3156821],[-71.6139699,-16.3156818],[-71.6139916,-16.3156816],[-71.6140134,-16.3156813],[-71.6140352,-16.315681],[-71.614057,-16.3156808],[-71.6140787,-16.3156805],[-71.6141005,-16.3156802],[-71.6141223,-16.3156799],[-71.614144,-16.3156797],[-71.6141658,-16.3156794],[-71.6141655,-16.3156584],[-71.6141873,-16.3156581],[-71.6142091,-16.3156578],[-71.6149712,-16.3156484],[-71.614993,-16.3156481],[-71.6150147,-16.3156479],[-71.6150365,-16.3156476],[-71.6150583,-16.3156473],[-71.6150801,-16.315647],[-71.6151018,-16.3156468],[-71.6151236,-16.3156465],[-71.6151454,-16.3156462],[-71.6151672,-16.315646],[-71.6151889,-16.3156457],[-71.6151887,-16.3156247],[-71.6152104,-16.3156244],[-71.6152322,-16.3156241],[-71.615254,-16.3156239],[-71.6152758,-16.3156236],[-71.6152975,-16.3156233],[-71.6152973,-16.3156023],[-71.615319,-16.315602],[-71.6153408,-16.3156018],[-71.6153626,-16.3156015],[-71.6153844,-16.3156012],[-71.6154059,-16.3155799],[-71.6154276,-16.3155796],[-71.6154494,-16.3155794],[-71.6154712,-16.3155791],[-71.6154709,-16.3155581],[-71.6154927,-16.3155578],[-71.6155144,-16.3155575],[-71.6155362,-16.3155573],[-71.6155359,-16.3155362],[-71.6155577,-16.315536],[-71.6155795,-16.3155357],[-71.6155792,-16.3155147],[-71.615601,-16.3155144],[-71.6156228,-16.3155141],[-71.6156445,-16.3155139],[-71.6156443,-16.3154928],[-71.615666,-16.3154926],[-71.6156878,-16.3154923],[-71.6156875,-16.3154713],[-71.6157093,-16.315471],[-71.6157311,-16.3154707],[-71.6157308,-16.3154497],[-71.6157526,-16.3154494],[-71.6157743,-16.3154492],[-71.6157741,-16.3154281],[-71.6157958,-16.3154279],[-71.6158176,-16.3154276],[-71.6158173,-16.3154066],[-71.6158391,-16.3154063],[-71.6158606,-16.315385],[-71.6158824,-16.3153847],[-71.6158821,-16.3153637],[-71.6159039,-16.3153634],[-71.6159256,-16.3153632],[-71.6159254,-16.3153421],[-71.6159471,-16.3153419],[-71.6159686,-16.3153206],[-71.6159904,-16.3153203],[-71.6159901,-16.3152993],[-71.6160119,-16.315299],[-71.6160116,-16.315278],[-71.6160334,-16.3152777],[-71.6160552,-16.3152774],[-71.6160549,-16.3152564],[-71.6160767,-16.3152561],[-71.6160764,-16.3152351],[-71.6160982,-16.3152348],[-71.6160979,-16.3152138],[-71.6161197,-16.3152135],[-71.6174119,-16.3141249],[-71.6174334,-16.3141036],[-71.6174548,-16.3140823],[-71.6174546,-16.3140612],[-71.6174763,-16.314061],[-71.6174978,-16.3140397],[-71.6175193,-16.3140184],[-71.6175191,-16.3139974],[-71.6175408,-16.3139971],[-71.6175405,-16.3139761],[-71.6175623,-16.3139758],[-71.617562,-16.3139548],[-71.6175838,-16.3139545],[-71.6175835,-16.3139335],[-71.6176053,-16.3139332],[-71.617605,-16.3139122],[-71.6176268,-16.3139119],[-71.6176265,-16.3138909],[-71.6176483,-16.3138906],[-71.617648,-16.3138696],[-71.6176477,-16.3138485],[-71.6176695,-16.3138483],[-71.6176692,-16.3138272],[-71.617691,-16.313827],[-71.6176907,-16.3138059],[-71.6177125,-16.3138057],[-71.6177122,-16.3137846],[-71.6177119,-16.3137636],[-71.6177337,-16.3137633],[-71.6177334,-16.3137423],[-71.6177552,-16.313742],[-71.6177549,-16.313721],[-71.6177547,-16.3137]]}},{"type":"Feature","properties":{"nivel":"Ferrocarril","ancho":0.72,"color":["#000000"]},"geometry":{"type":"LineString","coordinates":[[-71.6177547,-16.3137],[-71.6177764,-16.3136997],[-71.6177761,-16.3136787],[-71.6177979,-16.3136784],[-71.6177976,-16.3136574],[-71.6177974,-16.3136364],[-71.6178191,-16.3136361],[-71.6178189,-16.3136151],[-71.6178404,-16.3135938],[-71.6178401,-16.3135727],[-71.6178616,-16.3135514],[-71.6178613,-16.3135304],[-71.6178831,-16.3135301],[-71.6178828,-16.3135091],[-71.6178825,-16.3134881],[-71.617904,-16.3134668],[-71.6179037,-16.3134458],[-71.6179252,-16.3134245],[-71.6179249,-16.3134034],[-71.6179247,-16.3133824],[-71.6179464,-16.3133821],[-71.6179461,-16.3133611],[-71.6179459,-16.3133401],[-71.6179676,-16.3133398],[-71.6179674,-16.3133188],[-71.6179671,-16.3132977],[-71.6179668,-16.3132767],[-71.6179886,-16.3132764],[-71.6179883,-16.3132554],[-71.617988,-16.3132344],[-71.6179877,-16.3132134],[-71.6180095,-16.3132131],[-71.6180092,-16.3131921],[-71.618009,-16.313171],[-71.6180087,-16.31315],[-71.6180302,-16.3131287],[-71.6180299,-16.3131077],[-71.6180296,-16.3130866],[-71.6180514,-16.3130864],[-71.6180511,-16.3130654],[-71.6180508,-16.3130443],[-71.6180505,-16.3130233],[-71.6180723,-16.313023],[-71.618072,-16.313002],[-71.6180718,-16.312981],[-71.6180933,-16.3129597],[-71.618093,-16.3129386],[-71.6180927,-16.3129176],[-71.6181142,-16.3128963],[-71.6181139,-16.3128753],[-71.6181357,-16.312875],[-71.6181354,-16.312854],[-71.6181351,-16.312833],[-71.6181566,-16.3128117],[-71.6181563,-16.3127906],[-71.6181778,-16.3127693],[-71.6181776,-16.3127483],[-71.618199,-16.312727],[-71.6181988,-16.312706],[-71.6182203,-16.3126847],[-71.61822,-16.3126636],[-71.6182415,-16.3126424],[-71.6182412,-16.3126213],[-71.6182627,-16.3126],[-71.6182842,-16.3125787],[-71.6182839,-16.3125577],[-71.6183057,-16.3125574],[-71.6183054,-16.3125364],[-71.6183051,-16.3125154],[-71.6183269,-16.3125151],[-71.6183266,-16.3124941],[-71.6183481,-16.3124728],[-71.6183696,-16.3124515],[-71.6183693,-16.3124304],[-71.6183908,-16.3124091],[-71.6184123,-16.3123878],[-71.618412,-16.3123668],[-71.6184338,-16.3123665],[-71.6184335,-16.3123455],[-71.618455,-16.3123242],[-71.6184765,-16.3123029],[-71.6184762,-16.3122819],[-71.618498,-16.3122816],[-71.6184977,-16.3122606],[-71.6185195,-16.3122603],[-71.6185192,-16.3122393],[-71.618541,-16.312239],[-71.6185407,-16.312218],[-71.6185622,-16.3121967],[-71.6185837,-16.3121754],[-71.6186052,-16.3121541],[-71.6186267,-16.3121328],[-71.6186482,-16.3121115],[-71.6186697,-16.3120902],[-71.6186912,-16.3120689],[-71.6187127,-16.3120476],[-71.6187342,-16.3120263],[-71.6187557,-16.312005],[-71.6187772,-16.3119837],[-71.6187989,-16.3119834],[-71.6187987,-16.3119624],[-71.6188204,-16.3119621],[-71.6188201,-16.3119411],[-71.6188419,-16.3119408],[-71.6188416,-16.3119198],[-71.6188634,-16.3119195],[-71.6188631,-16.3118985],[-71.6188849,-16.3118983],[-71.6189064,-16.311877],[-71.6189279,-16.3118557],[-71.6189497,-16.3118554],[-71.6189712,-16.3118341],[-71.6189927,-16.3118128],[-71.6190144,-16.3118125],[-71.6190142,-16.3117915],[-71.6190359,-16.3117912],[-71.6190574,-16.3117699],[-71.6190792,-16.3117696],[-71.6190789,-16.3117486],[-71.6191007,-16.3117484],[-71.6191222,-16.3117271],[-71.619144,-16.3117268],[-71.6191437,-16.3117058],[-71.6191655,-16.3117055],[-71.6191869,-16.3116842],[-71.6192087,-16.3116839],[-71.6192302,-16.3116626],[-71.619252,-16.3116623],[-71.6192517,-16.3116413],[-71.6192735,-16.311641],[-71.6192953,-16.3116408],[-71.619295,-16.3116197],[-71.6193168,-16.3116195],[-71.6193382,-16.3115982],[-71.61936,-16.3115979],[-71.6193818,-16.3115976],[-71.6194033,-16.3115763],[-71.6194251,-16.3115761],[-71.6194248,-16.311555],[-71.6194466,-16.3115548],[-71.6194683,-16.3115545],[-71.6194898,-16.3115332],[-71.6195116,-16.3115329],[-71.6195334,-16.3115327],[-71.6195331,-16.3115116],[-71.6195549,-16.3115114],[-71.6195766,-16.3115111],[-71.6195981,-16.3114898],[-71.6196199,-16.3114895],[-71.6196417,-16.3114893],[-71.6196632,-16.311468],[-71.6196849,-16.3114677],[-71.6197064,-16.3114464],[-71.6197282,-16.3114461],[-71.61975,-16.3114458],[-71.6197718,-16.3114456],[-71.6197715,-16.3114245],[-71.6197933,-16.3114243],[-71.619815,-16.311424],[-71.6198368,-16.3114237],[-71.6198801,-16.3114022],[-71.6199018,-16.3114019],[-71.6199236,-16.3114016],[-71.6199451,-16.3113803],[-71.6199669,-16.3113801],[-71.6199887,-16.3113798],[-71.6200102,-16.3113585],[-71.6200319,-16.3113582],[-71.6200537,-16.311358],[-71.6200752,-16.3113367],[-71.620097,-16.3113364],[-71.6201187,-16.3113361],[-71.6201402,-16.3113148],[-71.620162,-16.3113145],[-71.6201838,-16.3113143],[-71.6202053,-16.311293],[-71.6202488,-16.3112924],[-71.6202703,-16.3112711],[-71.6202921,-16.3112709],[-71.6203139,-16.3112706],[-71.6203354,-16.3112493],[-71.6203571,-16.311249],[-71.6203786,-16.3112277],[-71.6204004,-16.3112275],[-71.6204222,-16.3112272],[-71.6204437,-16.3112059],[-71.6204655,-16.3112056],[-71.6204869,-16.3111843],[-71.6205087,-16.311184],[-71.6205302,-16.3111627],[-71.620552,-16.3111625],[-71.6205738,-16.3111622],[-71.6205953,-16.3111409],[-71.620617,-16.3111406],[-71.6206385,-16.3111193],[-71.6206603,-16.3111191],[-71.6206818,-16.3110978],[-71.6207036,-16.3110975],[-71.6207251,-16.3110762],[-71.6207468,-16.3110759],[-71.6207683,-16.3110546],[-71.6207901,-16.3110544],[-71.6208116,-16.3110331],[-71.6208334,-16.3110328],[-71.6208549,-16.3110115],[-71.6208766,-16.3110112],[-71.6208981,-16.3109899],[-71.6209199,-16.3109897],[-71.6209414,-16.3109684],[-71.6209632,-16.3109681],[-71.6209847,-16.3109468],[-71.6210064,-16.3109465],[-71.6210279,-16.3109252],[-71.6210497,-16.3109249],[-71.6210712,-16.3109036],[-71.6210927,-16.3108824],[-71.6211145,-16.3108821],[-71.621136,-16.3108608],[-71.6211577,-16.3108605],[-71.6211792,-16.3108392],[-71.621201,-16.3108389],[-71.6212225,-16.3108176],[-71.6212443,-16.3108174],[-71.6212658,-16.3107961],[-71.6212873,-16.3107748],[-71.621309,-16.3107745],[-71.6213305,-16.3107532],[-71.6213523,-16.3107529],[-71.6213738,-16.3107316],[-71.6213735,-16.3107106],[-71.6213953,-16.3107103],[-71.6214168,-16.310689],[-71.6214383,-16.3106677],[-71.62146,-16.3106675],[-71.6214815,-16.3106462],[-71.6215033,-16.3106459],[-71.6215248,-16.3106246],[-71.6215463,-16.3106033],[-71.6215681,-16.310603],[-71.6215896,-16.3105817],[-71.6216111,-16.3105604],[-71.6216326,-16.3105391],[-71.6216541,-16.3105178],[-71.6216758,-16.3105176],[-71.6216973,-16.3104963],[-71.6217188,-16.310475],[-71.6217406,-16.3104747],[-71.6217621,-16.3104534],[-71.6217836,-16.3104321],[-71.6218054,-16.3104318],[-71.6218051,-16.3104108],[-71.6218266,-16.3103895],[-71.6218481,-16.3103682],[-71.6218698,-16.3103679],[-71.6218913,-16.3103466],[-71.6219128,-16.3103253],[-71.6219346,-16.3103251],[-71.6219343,-16.310304],[-71.6219558,-16.3102827],[-71.6219773,-16.3102614],[-71.6219991,-16.3102612],[-71.6220206,-16.3102399],[-71.6220421,-16.3102186],[-71.6220418,-16.3101975],[-71.6220636,-16.3101973],[-71.622085,-16.310176],[-71.6221065,-16.3101547],[-71.622128,-16.3101334],[-71.6221498,-16.3101331],[-71.6221495,-16.3101121],[-71.622171,-16.3100908],[-71.6221925,-16.3100695],[-71.6222143,-16.3100692],[-71.6222358,-16.3100479],[-71.6222355,-16.3100269],[-71.622257,-16.3100056],[-71.6222785,-16.3099843],[-71.6223003,-16.309984],[-71.6223218,-16.3099627],[-71.6223215,-16.3099417],[-71.622343,-16.3099204],[-71.6223645,-16.3098991],[-71.6223862,-16.3098988],[-71.622386,-16.3098778],[-71.6224075,-16.3098565],[-71.6224289,-16.3098352],[-71.6224504,-16.3098139],[-71.6224719,-16.3097926],[-71.6224934,-16.3097713],[-71.6225149,-16.30975],[-71.6225146,-16.309729],[-71.6225361,-16.3097077],[-71.6225576,-16.3096864],[-71.6225794,-16.3096861],[-71.6225791,-16.3096651],[-71.6226006,-16.3096438],[-71.6226221,-16.3096225],[-71.6226218,-16.3096014],[-71.6226433,-16.3095801],[-71.6226648,-16.3095588],[-71.6226866,-16.3095586],[-71.6226863,-16.3095376],[-71.6227078,-16.3095163],[-71.6227293,-16.309495],[-71.622729,-16.3094739],[-71.6227505,-16.3094526],[-71.622772,-16.3094313],[-71.6227717,-16.3094103],[-71.6227935,-16.30941],[-71.622815,-16.3093887],[-71.6228147,-16.3093677],[-71.6228362,-16.3093464],[-71.6228577,-16.3093251],[-71.6228574,-16.3093041],[-71.6228789,-16.3092828],[-71.6229004,-16.3092615],[-71.6229001,-16.3092404],[-71.6229216,-16.3092191],[-71.6229431,-16.3091978],[-71.6229428,-16.3091768],[-71.6229646,-16.3091766],[-71.6229643,-16.3091555],[-71.6229858,-16.3091342],[-71.6230073,-16.3091129],[-71.623007,-16.3090919],[-71.6230285,-16.3090706],[-71.6230282,-16.3090496],[-71.6230497,-16.3090283],[-71.6230712,-16.309007],[-71.623071,-16.3089859],[-71.6230924,-16.3089646],[-71.6230922,-16.3089436],[-71.6231137,-16.3089223],[-71.6231134,-16.3089013],[-71.6231349,-16.30888],[-71.6231564,-16.3088587],[-71.6231561,-16.3088377],[-71.6236669,-16.307948],[-71.6236884,-16.3079267],[-71.6236881,-16.3079057],[-71.6237099,-16.3079054],[-71.6237096,-16.3078844],[-71.6237314,-16.3078841],[-71.6237311,-16.3078631],[-71.6237526,-16.3078418],[-71.6237523,-16.3078207],[-71.6237741,-16.3078205],[-71.6237738,-16.3077994],[-71.6237956,-16.3077992],[-71.6238171,-16.3077779],[-71.6238168,-16.3077568],[-71.6238385,-16.3077566],[-71.6238383,-16.3077355],[-71.62386,-16.3077353],[-71.6238815,-16.307714],[-71.6239033,-16.3077137],[-71.623903,-16.3076927],[-71.6239248,-16.3076924],[-71.6239245,-16.3076714],[-71.6239463,-16.3076711],[-71.623946,-16.3076501],[-71.6239678,-16.3076498],[-71.6239896,-16.3076495],[-71.6239893,-16.3076285],[-71.6240111,-16.3076282],[-71.6240108,-16.3076072],[-71.6240325,-16.3076069],[-71.6240543,-16.3076067],[-71.624054,-16.3075856],[-71.6240758,-16.3075854],[-71.6240976,-16.3075851],[-71.6240973,-16.3075641],[-71.6241191,-16.3075638],[-71.6241409,-16.3075635],[-71.6241406,-16.3075425],[-71.6241623,-16.3075422],[-71.6241838,-16.3075209],[-71.6242056,-16.3075206],[-71.6242274,-16.3075204],[-71.6242271,-16.3074993],[-71.6242489,-16.3074991],[-71.6242707,-16.3074988],[-71.6242924,-16.3074985],[-71.6242921,-16.3074775],[-71.6243139,-16.3074772],[-71.6243357,-16.307477],[-71.6243575,-16.3074767],[-71.6243572,-16.3074557],[-71.624379,-16.3074554],[-71.6244007,-16.3074551],[-71.6244225,-16.3074549],[-71.6244443,-16.3074546],[-71.6244661,-16.3074543],[-71.6244658,-16.3074333],[-71.6244875,-16.307433],[-71.6245093,-16.3074327],[-71.6245311,-16.3074325],[-71.6245529,-16.3074322],[-71.6245746,-16.3074319],[-71.6245964,-16.3074317],[-71.6246182,-16.3074314],[-71.6246397,-16.3074101],[-71.6246615,-16.3074098],[-71.6246832,-16.3074095],[-71.624705,-16.3074093],[-71.6247268,-16.307409],[-71.6247485,-16.3074087],[-71.6247483,-16.3073877],[-71.62477,-16.3073874],[-71.6247918,-16.3073872],[-71.6248136,-16.3073869],[-71.6248354,-16.3073866],[-71.6248569,-16.3073653],[-71.6248786,-16.3073651],[-71.6249004,-16.3073648],[-71.6249222,-16.3073645],[-71.6249437,-16.3073432],[-71.6249654,-16.3073429],[-71.6249872,-16.3073427],[-71.6250087,-16.3073214],[-71.6250305,-16.3073211],[-71.6250523,-16.3073208],[-71.6250737,-16.3072995],[-71.6250955,-16.3072993],[-71.6251173,-16.307299],[-71.625117,-16.307278],[-71.6251388,-16.3072777],[-71.6251606,-16.3072774],[-71.6251821,-16.3072561],[-71.6252038,-16.3072559],[-71.6252256,-16.3072556],[-71.6252253,-16.3072346],[-71.6252471,-16.3072343],[-71.6252689,-16.307234],[-71.6252904,-16.3072127],[-71.6253121,-16.3072124],[-71.6253336,-16.3071911],[-71.6253554,-16.3071909],[-71.6253769,-16.3071696],[-71.6253987,-16.3071693],[-71.6254202,-16.307148],[-71.6254419,-16.3071477],[-71.6254417,-16.3071267],[-71.6254634,-16.3071264],[-71.6254852,-16.3071262],[-71.6254849,-16.3071051],[-71.6255067,-16.3071049],[-71.6255282,-16.3070836],[-71.62555,-16.3070833],[-71.6255497,-16.3070623],[-71.6255715,-16.307062],[-71.6255929,-16.3070407],[-71.6256147,-16.3070404],[-71.6256144,-16.3070194],[-71.6256362,-16.3070191],[-71.6256577,-16.3069978],[-71.6256792,-16.3069765],[-71.625701,-16.3069763],[-71.6257007,-16.3069552],[-71.6257225,-16.306955],[-71.6257222,-16.3069339],[-71.625744,-16.3069337],[-71.6257654,-16.3069124],[-71.6257872,-16.3069121],[-71.6257869,-16.3068911],[-71.6258087,-16.3068908],[-71.6258084,-16.3068698],[-71.6258302,-16.3068695],[-71.6258299,-16.3068485],[-71.6258517,-16.3068482],[-71.6258514,-16.3068272],[-71.6258732,-16.3068269],[-71.6258729,-16.3068059],[-71.6258947,-16.3068056],[-71.6258944,-16.3067846],[-71.6259162,-16.3067843],[-71.6259159,-16.3067633],[-71.6259377,-16.306763],[-71.6259592,-16.3067417],[-71.6259807,-16.3067204],[-71.6260022,-16.3066991],[-71.6260019,-16.3066781],[-71.6260236,-16.3066778],[-71.6260234,-16.3066568],[-71.6260451,-16.3066565],[-71.6260449,-16.3066355],[-71.6260666,-16.3066352],[-71.6260664,-16.3066142],[-71.6260878,-16.3065929],[-71.6261093,-16.3065716],[-71.6261091,-16.3065505],[-71.6261305,-16.3065292],[-71.626152,-16.3065079],[-71.6261518,-16.3064869],[-71.6261735,-16.3064866],[-71.6261733,-16.3064656],[-71.626195,-16.3064654],[-71.6261947,-16.3064443],[-71.6262162,-16.306423],[-71.626216,-16.306402],[-71.6262375,-16.3063807],[-71.6262372,-16.3063597],[-71.6262589,-16.3063594],[-71.6262587,-16.3063384],[-71.6262802,-16.3063171],[-71.6262799,-16.306296],[-71.6263014,-16.3062747],[-71.6263011,-16.3062537],[-71.6263229,-16.3062534],[-71.6263226,-16.3062324],[-71.6263223,-16.3062114],[-71.6263441,-16.3062111],[-71.6263438,-16.3061901],[-71.6263653,-16.3061688],[-71.626365,-16.3061478],[-71.6263647,-16.3061267],[-71.6263865,-16.3061265],[-71.6263862,-16.3061054],[-71.6263859,-16.3060844],[-71.6264077,-16.3060841],[-71.6264074,-16.3060631],[-71.6264072,-16.3060421],[-71.6264286,-16.3060208],[-71.6264284,-16.3059997],[-71.6264281,-16.3059787],[-71.6264496,-16.3059574],[-71.6264493,-16.3059364],[-71.6277926,-16.302155],[-71.6277923,-16.302134],[-71.6278138,-16.3021127],[-71.6278135,-16.3020916],[-71.6278132,-16.3020706],[-71.6278129,-16.3020496],[-71.6278347,-16.3020493],[-71.6278344,-16.3020283],[-71.6278341,-16.3020072],[-71.6278339,-16.3019862],[-71.6278554,-16.3019649],[-71.6278551,-16.3019439],[-71.6278548,-16.3019229],[-71.6278763,-16.3019016],[-71.627876,-16.3018805],[-71.6278757,-16.3018595],[-71.6278754,-16.3018385],[-71.6278972,-16.3018382],[-71.6278969,-16.3018172],[-71.6278967,-16.3017962],[-71.6278964,-16.3017751],[-71.6279179,-16.3017538],[-71.6279176,-16.3017328],[-71.6279173,-16.3017118],[-71.627917,-16.3016907],[-71.6279385,-16.3016694],[-71.6279382,-16.3016484],[-71.627938,-16.3016274],[-71.6279377,-16.3016064],[-71.6279594,-16.3016061],[-71.6279592,-16.3015851],[-71.6279589,-16.301564],[-71.6279586,-16.301543],[-71.6279583,-16.301522],[-71.6279801,-16.3015217],[-71.6279798,-16.3015007],[-71.6279795,-16.3014796],[-71.6279793,-16.3014586],[-71.627979,-16.3014376],[-71.6280007,-16.3014373],[-71.6280005,-16.3014163],[-71.6280002,-16.3013953],[-71.6279999,-16.3013742],[-71.6279996,-16.3013532],[-71.6280214,-16.3013529],[-71.6280211,-16.3013319],[-71.6280208,-16.3013109],[-71.6280206,-16.3012898],[-71.6280203,-16.3012688],[-71.6280418,-16.3012475],[-71.6280415,-16.3012265],[-71.6280412,-16.3012055],[-71.6280409,-16.3011844],[-71.6280406,-16.3011634],[-71.6280621,-16.3011421],[-71.6280619,-16.3011211],[-71.6280616,-16.3011],[-71.6280613,-16.301079],[-71.628061,-16.301058],[-71.6280828,-16.3010577],[-71.6280825,-16.3010367],[-71.6280822,-16.3010157],[-71.6280819,-16.3009946],[-71.6280817,-16.3009736],[-71.6280814,-16.3009526],[-71.6280811,-16.3009316],[-71.6281029,-16.3009313],[-71.6281026,-16.3009103],[-71.6281023,-16.3008892],[-71.628102,-16.3008682],[-71.6281018,-16.3008472],[-71.6281015,-16.3008261],[-71.628123,-16.3008048],[-71.6281227,-16.3007838],[-71.6281224,-16.3007628],[-71.6281221,-16.3007418],[-71.6281218,-16.3007207],[-71.6281216,-16.3006997],[-71.6281213,-16.3006787],[-71.6281431,-16.3006784],[-71.6281428,-16.3006574],[-71.6281425,-16.3006363],[-71.6281422,-16.3006153],[-71.6281419,-16.3005943],[-71.6281417,-16.3005733],[-71.6281414,-16.3005522],[-71.6281411,-16.3005312],[-71.6281629,-16.3005309],[-71.6281626,-16.3005099],[-71.6281623,-16.3004889],[-71.628162,-16.3004678],[-71.6281617,-16.3004468],[-71.6281615,-16.3004258],[-71.6281612,-16.3004048],[-71.6281609,-16.3003837],[-71.6281606,-16.3003627],[-71.6281824,-16.3003624],[-71.6281821,-16.3003414],[-71.6281818,-16.3003204],[-71.6281816,-16.3002993],[-71.6281813,-16.3002783],[-71.628181,-16.3002573],[-71.6281807,-16.3002363],[-71.6281804,-16.3002152],[-71.6281802,-16.3001942],[-71.6281799,-16.3001732],[-71.6282016,-16.3001729],[-71.6282014,-16.3001519],[-71.6282011,-16.3001309],[-71.6282008,-16.3001098],[-71.6282005,-16.3000888],[-71.6282002,-16.3000678],[-71.6282,-16.3000467],[-71.6281997,-16.3000257],[-71.6281994,-16.3000047],[-71.6281991,-16.2999837],[-71.6282883,-16.2985103],[-71.6283098,-16.298489],[-71.6283096,-16.298468],[-71.6283093,-16.298447],[-71.628309,-16.2984259],[-71.6283087,-16.2984049],[-71.6283084,-16.2983839],[-71.6283082,-16.2983628],[-71.6283079,-16.2983418],[-71.6283076,-16.2983208],[-71.6283073,-16.2982998],[-71.6283291,-16.2982995],[-71.6283288,-16.2982785],[-71.6283285,-16.2982574],[-71.6283282,-16.2982364],[-71.628328,-16.2982154],[-71.6283277,-16.2981943],[-71.6283274,-16.2981733],[-71.6283492,-16.2981731],[-71.6283489,-16.298152],[-71.6283486,-16.298131],[-71.6283483,-16.29811],[-71.6283481,-16.2980889],[-71.6283695,-16.2980676],[-71.6283693,-16.2980466],[-71.628369,-16.2980256],[-71.6283687,-16.2980046],[-71.6283902,-16.2979833],[-71.6283899,-16.2979622],[-71.6283896,-16.2979412],[-71.6283894,-16.2979202],[-71.6284111,-16.2979199],[-71.6284108,-16.2978989],[-71.6284106,-16.2978778],[-71.6284103,-16.2978568],[-71.6284321,-16.2978565],[-71.6284318,-16.2978355],[-71.6284315,-16.2978145],[-71.6284312,-16.2977935],[-71.628453,-16.2977932],[-71.6284527,-16.2977722],[-71.6284524,-16.2977511],[-71.6284739,-16.2977298],[-71.6284736,-16.2977088],[-71.6284734,-16.2976878],[-71.6284951,-16.2976875],[-71.6284948,-16.2976665],[-71.6284946,-16.2976454],[-71.6285161,-16.2976241],[-71.6285158,-16.2976031],[-71.6285376,-16.2976028],[-71.6285373,-16.2975818],[-71.628537,-16.2975608],[-71.6285585,-16.2975395],[-71.6285582,-16.2975185],[-71.62858,-16.2975182],[-71.6285797,-16.2974972],[-71.6285794,-16.2974761],[-71.6286012,-16.2974759],[-71.6286009,-16.2974548],[-71.6286006,-16.2974338],[-71.6286224,-16.2974335],[-71.6286221,-16.2974125],[-71.6286436,-16.2973912],[-71.6286433,-16.2973702],[-71.6286648,-16.2973489],[-71.6286645,-16.2973279],[-71.6286863,-16.2973276],[-71.628686,-16.2973066],[-71.6286857,-16.2972855],[-71.6287075,-16.2972853],[-71.6287072,-16.2972642],[-71.628729,-16.297264],[-71.6287287,-16.2972429],[-71.6287502,-16.2972216],[-71.6287499,-16.2972006],[-71.6287717,-16.2972003],[-71.6287714,-16.2971793],[-71.6287932,-16.297179],[-71.6287929,-16.297158],[-71.6287926,-16.297137],[-71.6288144,-16.2971367],[-71.6288141,-16.2971157],[-71.6288359,-16.2971154],[-71.6288356,-16.2970944],[-71.6288574,-16.2970941],[-71.6288571,-16.2970731],[-71.6288789,-16.2970728],[-71.6288786,-16.2970518],[-71.6289001,-16.2970305],[-71.6289216,-16.2970092],[-71.6289213,-16.2969882],[-71.6289431,-16.2969879],[-71.6289428,-16.2969669],[-71.6289646,-16.2969666],[-71.6289643,-16.2969456],[-71.6289861,-16.2969453],[-71.6289858,-16.2969243],[-71.6290076,-16.296924],[-71.6290073,-16.296903],[-71.6290291,-16.2969027],[-71.6290288,-16.2968817],[-71.6290505,-16.2968814],[-71.6290503,-16.2968604],[-71.629072,-16.2968601],[-71.6290718,-16.2968391],[-71.6290935,-16.2968388],[-71.629115,-16.2968175],[-71.6310521,-16.2951108],[-71.6310518,-16.2950898],[-71.6310735,-16.2950895],[-71.6310733,-16.2950685],[-71.631095,-16.2950682],[-71.6311168,-16.295068],[-71.6311165,-16.2950469],[-71.6311383,-16.2950467],[-71.631138,-16.2950256],[-71.6311598,-16.2950254],[-71.6311813,-16.2950041],[-71.6312031,-16.2950038],[-71.6312028,-16.2949828],[-71.6312245,-16.2949825],[-71.6312463,-16.2949822],[-71.631246,-16.2949612],[-71.6312678,-16.2949609],[-71.6312893,-16.2949396],[-71.6313111,-16.2949393],[-71.6313108,-16.2949183],[-71.6313326,-16.2949181],[-71.6313543,-16.2949178],[-71.6313541,-16.2948968],[-71.6313758,-16.2948965],[-71.6313976,-16.2948962],[-71.6314191,-16.2948749],[-71.6314409,-16.2948746],[-71.6314623,-16.2948533],[-71.6314841,-16.2948531],[-71.6315059,-16.2948528],[-71.6315056,-16.2948318],[-71.6315274,-16.2948315],[-71.6315492,-16.2948312],[-71.6315489,-16.2948102],[-71.6315706,-16.2948099],[-71.6315924,-16.2948097],[-71.6316139,-16.2947884],[-71.6316357,-16.2947881],[-71.6316575,-16.2947878],[-71.6316789,-16.2947665],[-71.6317007,-16.2947662],[-71.6317225,-16.294766],[-71.631744,-16.2947447],[-71.6317658,-16.2947444],[-71.6317875,-16.2947441],[-71.6318093,-16.2947439],[-71.631809,-16.2947228],[-71.6318308,-16.2947226],[-71.6318526,-16.2947223],[-71.6318743,-16.294722],[-71.6318961,-16.2947217],[-71.6319176,-16.2947004],[-71.6319394,-16.2947002],[-71.6319611,-16.2946999],[-71.6319829,-16.2946996],[-71.6320047,-16.2946994],[-71.6320262,-16.2946781],[-71.6320479,-16.2946778],[-71.6320697,-16.2946775],[-71.6320915,-16.2946772],[-71.6321133,-16.294677],[-71.632135,-16.2946767],[-71.6321568,-16.2946764],[-71.6321786,-16.2946762],[-71.6322001,-16.2946549],[-71.6322218,-16.2946546],[-71.6322436,-16.2946543],[-71.6322654,-16.294654],[-71.6322872,-16.2946538],[-71.6323089,-16.2946535],[-71.6323307,-16.2946532],[-71.6323525,-16.294653],[-71.6323742,-16.2946527],[-71.632396,-16.2946524],[-71.6324178,-16.2946522],[-71.6324396,-16.2946519],[-71.6324613,-16.2946516],[-71.6324831,-16.2946513],[-71.6325049,-16.2946511],[-71.6325266,-16.2946508],[-71.6325484,-16.2946505],[-71.6325487,-16.2946716],[-71.6325705,-16.2946713],[-71.6325922,-16.294671],[-71.632614,-16.2946707],[-71.6326358,-16.2946705],[-71.6326576,-16.2946702],[-71.6326793,-16.2946699],[-71.6327011,-16.2946697],[-71.6327229,-16.2946694],[-71.6327449,-16.2946901],[-71.6327667,-16.2946899],[-71.6327885,-16.2946896],[-71.6328102,-16.2946893],[-71.632832,-16.2946891],[-71.6328541,-16.2947098],[-71.6328758,-16.2947095],[-71.6328976,-16.2947093],[-71.6329194,-16.294709],[-71.6329414,-16.2947298],[-71.6329632,-16.2947295],[-71.632985,-16.2947292],[-71.6346458,-16.2951712],[-71.6346461,-16.2951922],[-71.6346679,-16.295192],[-71.6346896,-16.2951917],[-71.6347117,-16.2952124],[-71.6347335,-16.2952122],[-71.6347552,-16.2952119],[-71.6347773,-16.2952327],[-71.6347991,-16.2952324],[-71.6348208,-16.2952321],[-71.6348426,-16.2952318],[-71.6348647,-16.2952526],[-71.6348864,-16.2952523],[-71.6349082,-16.2952521],[-71.63493,-16.2952518],[-71.6349303,-16.2952728],[-71.634952,-16.2952725],[-71.6349738,-16.2952723],[-71.6349956,-16.295272],[-71.6350173,-16.2952717],[-71.6350391,-16.2952715],[-71.6350609,-16.2952712],[-71.6350612,-16.2952922],[-71.6350829,-16.2952919],[-71.6351047,-16.2952917],[-71.6351265,-16.2952914],[-71.6351483,-16.2952911],[-71.63517,-16.2952909],[-71.6351918,-16.2952906],[-71.6352136,-16.2952903],[-71.6352353,-16.29529],[-71.6352571,-16.2952898],[-71.6352789,-16.2952895],[-71.6352792,-16.2953105],[-71.6353009,-16.2953103],[-71.6353227,-16.29531],[-71.6353445,-16.2953097],[-71.6353663,-16.2953094],[-71.635388,-16.2953092],[-71.6354098,-16.2953089],[-71.6354316,-16.2953086],[-71.6354533,-16.2953084],[-71.6354531,-16.2952873],[-71.6354748,-16.2952871],[-71.6354966,-16.2952868],[-71.6355184,-16.2952865],[-71.6355402,-16.2952862],[-71.6355619,-16.295286],[-71.6355837,-16.2952857],[-71.6356055,-16.2952854],[-71.6356272,-16.2952852],[-71.635649,-16.2952849],[-71.6356708,-16.2952846],[-71.6356923,-16.2952633],[-71.635714,-16.295263],[-71.6357358,-16.2952628],[-71.6357576,-16.2952625],[-71.6357794,-16.2952622],[-71.6358011,-16.295262],[-71.6358009,-16.2952409],[-71.6358226,-16.2952407],[-71.6358444,-16.2952404],[-71.6358662,-16.2952401],[-71.6358879,-16.2952398],[-71.6358877,-16.2952188],[-71.6359094,-16.2952185],[-71.6359312,-16.2952183],[-71.635953,-16.295218],[-71.6359745,-16.2951967],[-71.6359962,-16.2951964],[-71.636018,-16.2951962],[-71.6378605,-16.2945632],[-71.6378819,-16.2945419],[-71.6379037,-16.2945417],[-71.6379255,-16.2945414],[-71.637947,-16.2945201],[-71.6379688,-16.2945198],[-71.6379905,-16.2945196],[-71.638012,-16.2944983],[-71.6380338,-16.294498],[-71.6380556,-16.2944977],[-71.638077,-16.2944764],[-71.6381206,-16.2944759],[-71.6381424,-16.2944756],[-71.6381639,-16.2944543],[-71.6381856,-16.294454],[-71.6382074,-16.2944537],[-71.6382292,-16.2944535],[-71.6382507,-16.2944322],[-71.6382724,-16.2944319],[-71.6382942,-16.2944316],[-71.638316,-16.2944314],[-71.6383375,-16.2944101],[-71.6383592,-16.2944098],[-71.638381,-16.2944095],[-71.6384028,-16.2944092],[-71.6384243,-16.2943879],[-71.638446,-16.2943877],[-71.6384678,-16.2943874],[-71.6384896,-16.2943871],[-71.6385111,-16.2943658],[-71.6385328,-16.2943656],[-71.6385546,-16.2943653],[-71.6385764,-16.294365],[-71.6385982,-16.2943647],[-71.6386196,-16.2943434],[-71.6386632,-16.2943429],[-71.638685,-16.2943426],[-71.6387067,-16.2943424],[-71.6387285,-16.2943421],[-71.6387503,-16.2943418],[-71.6387718,-16.2943205],[-71.6387935,-16.2943202],[-71.6388153,-16.29432],[-71.6388371,-16.2943197],[-71.6388589,-16.2943194],[-71.6388806,-16.2943192],[-71.6389024,-16.2943189],[-71.6389239,-16.2942976],[-71.6389457,-16.2942973],[-71.6389674,-16.294297],[-71.6389892,-16.2942968],[-71.639011,-16.2942965],[-71.6390545,-16.2942959],[-71.6390763,-16.2942957],[-71.6390981,-16.2942954],[-71.6391198,-16.2942951],[-71.6391413,-16.2942738],[-71.6391631,-16.2942736],[-71.6391849,-16.2942733],[-71.6392066,-16.294273],[-71.6392284,-16.2942727],[-71.6392502,-16.2942725],[-71.639272,-16.2942722],[-71.6392937,-16.2942719],[-71.6393155,-16.2942717],[-71.6393373,-16.2942714],[-71.639359,-16.2942711],[-71.6394026,-16.2942706],[-71.6394244,-16.2942703],[-71.6394461,-16.29427],[-71.6394679,-16.2942698],[-71.6394897,-16.2942695],[-71.6395114,-16.2942692],[-71.6395332,-16.2942689],[-71.639555,-16.2942687],[-71.6395768,-16.2942684],[-71.6395985,-16.2942681],[-71.6396203,-16.2942678],[-71.6396421,-16.2942676],[-71.6396638,-16.2942673],[-71.6396856,-16.294267],[-71.6397292,-16.2942665],[-71.6397509,-16.2942662],[-71.6397727,-16.2942659],[-71.6397945,-16.2942657],[-71.6398162,-16.2942654],[-71.639838,-16.2942651],[-71.6398598,-16.2942649],[-71.6398816,-16.2942646],[-71.6399033,-16.2942643],[-71.6399254,-16.2942851],[-71.6399472,-16.2942848],[-71.6399689,-16.2942845],[-71.6399907,-16.2942843],[-71.6400125,-16.294284],[-71.6400342,-16.2942837],[-71.6400778,-16.2942832],[-71.6400996,-16.2942829],[-71.6401213,-16.2942826],[-71.6401431,-16.2942823]]}},{"type":"Feature","properties":{"nivel":"Ferrocarril","ancho":0.72,"color":["#000000"]},"geometry":{"type":"LineString","coordinates":[[-71.6401431,-16.2942823],[-71.6401652,-16.2943031],[-71.6401869,-16.2943028],[-71.6402087,-16.2943026],[-71.6402305,-16.2943023],[-71.6402522,-16.294302],[-71.640274,-16.2943017],[-71.6402958,-16.2943015],[-71.6403178,-16.2943222],[-71.6403396,-16.294322],[-71.6403614,-16.2943217],[-71.6403832,-16.2943214],[-71.6404049,-16.2943211],[-71.640427,-16.2943419],[-71.6404705,-16.2943414],[-71.6404923,-16.2943411],[-71.6405141,-16.2943408],[-71.6405358,-16.2943405],[-71.6405579,-16.2943613],[-71.6405797,-16.294361],[-71.6406014,-16.2943607],[-71.6406232,-16.2943605],[-71.640645,-16.2943602],[-71.640667,-16.294381],[-71.6406888,-16.2943807],[-71.6407106,-16.2943804],[-71.6407323,-16.2943801],[-71.6407544,-16.2944009],[-71.6407762,-16.2944006],[-71.6407979,-16.2944004],[-71.6408197,-16.2944001],[-71.6408418,-16.2944208],[-71.6408635,-16.2944206],[-71.6408853,-16.2944203],[-71.6409074,-16.2944411],[-71.6409291,-16.2944408],[-71.6409509,-16.2944405],[-71.6409727,-16.2944402],[-71.6409947,-16.294461],[-71.6410383,-16.2944604],[-71.6410601,-16.2944602],[-71.6410821,-16.2944809],[-71.6411039,-16.2944807],[-71.6411256,-16.2944804],[-71.6411477,-16.2945011],[-71.6411695,-16.2945009],[-71.6411912,-16.2945006],[-71.6412133,-16.2945214],[-71.6412351,-16.2945211],[-71.6412568,-16.2945208],[-71.6412789,-16.2945416],[-71.6413007,-16.2945413],[-71.6413224,-16.294541],[-71.6413445,-16.2945618],[-71.6413663,-16.2945615],[-71.6413883,-16.2945823],[-71.6414101,-16.294582],[-71.6414319,-16.2945817],[-71.6414539,-16.2946025],[-71.6414757,-16.2946022],[-71.6414977,-16.294623],[-71.6415195,-16.2946227],[-71.6415413,-16.2946224],[-71.6415633,-16.2946432],[-71.6415851,-16.2946429],[-71.6416072,-16.2946637],[-71.6416289,-16.2946634],[-71.641651,-16.2946841],[-71.6416728,-16.2946839],[-71.6416948,-16.2947046],[-71.6417166,-16.2947043],[-71.6417386,-16.2947251],[-71.6417604,-16.2947248],[-71.6417825,-16.2947456],[-71.6418042,-16.2947453],[-71.6418263,-16.2947661],[-71.6418481,-16.2947658],[-71.6418701,-16.2947866],[-71.6418919,-16.2947863],[-71.6419139,-16.294807],[-71.6419357,-16.2948068],[-71.6419578,-16.2948275],[-71.6419795,-16.2948272],[-71.6420013,-16.294827],[-71.6420016,-16.294848],[-71.6420234,-16.2948477],[-71.6420454,-16.2948685],[-71.6420672,-16.2948682],[-71.642089,-16.2948679],[-71.642111,-16.2948887],[-71.6421328,-16.2948884],[-71.6421331,-16.2949095],[-71.6421548,-16.2949092],[-71.6421766,-16.2949089],[-71.6421987,-16.2949297],[-71.6422204,-16.2949294],[-71.6422425,-16.2949502],[-71.6422643,-16.2949499],[-71.642286,-16.2949496],[-71.6422863,-16.2949706],[-71.6423081,-16.2949704],[-71.6423299,-16.2949701],[-71.6423519,-16.2949908],[-71.6423737,-16.2949906],[-71.6423955,-16.2949903],[-71.6424175,-16.2950111],[-71.6424393,-16.2950108],[-71.6424611,-16.2950105],[-71.6424831,-16.2950313],[-71.6425049,-16.295031],[-71.6425266,-16.2950307],[-71.6425487,-16.2950515],[-71.6425705,-16.2950512],[-71.6425922,-16.2950509],[-71.642614,-16.2950507],[-71.6426361,-16.2950714],[-71.6426578,-16.2950711],[-71.6426796,-16.2950709],[-71.6427014,-16.2950706],[-71.6427017,-16.2950916],[-71.6427234,-16.2950914],[-71.6427452,-16.2950911],[-71.642767,-16.2950908],[-71.642789,-16.2951116],[-71.6428108,-16.2951113],[-71.6428326,-16.295111],[-71.6428544,-16.2951108],[-71.6428761,-16.2951105],[-71.6428982,-16.2951312],[-71.6429199,-16.295131],[-71.6429417,-16.2951307],[-71.6429635,-16.2951304],[-71.6429853,-16.2951301],[-71.643007,-16.2951299],[-71.6430291,-16.2951506],[-71.6430509,-16.2951504],[-71.6430726,-16.2951501],[-71.6430944,-16.2951498],[-71.6431162,-16.2951495],[-71.6431379,-16.2951493],[-71.6431597,-16.295149],[-71.6431815,-16.2951487],[-71.6432035,-16.2951695],[-71.6432253,-16.2951692],[-71.6432471,-16.2951689],[-71.6432689,-16.2951687],[-71.6432906,-16.2951684],[-71.6433124,-16.2951681],[-71.6433342,-16.2951678],[-71.6433559,-16.2951676],[-71.6433777,-16.2951673],[-71.6433995,-16.295167],[-71.6434213,-16.2951668],[-71.643443,-16.2951665],[-71.6434648,-16.2951662],[-71.6434866,-16.2951659],[-71.6435083,-16.2951657],[-71.6435301,-16.2951654],[-71.6435519,-16.2951651],[-71.6435737,-16.2951648],[-71.6435954,-16.2951646],[-71.6436172,-16.2951643],[-71.643639,-16.295164],[-71.6436608,-16.2951638],[-71.6436825,-16.2951635],[-71.6437043,-16.2951632],[-71.6437261,-16.2951629],[-71.6437478,-16.2951627],[-71.6437696,-16.2951624],[-71.6437914,-16.2951621],[-71.6438132,-16.2951618],[-71.6438349,-16.2951616],[-71.6438567,-16.2951613],[-71.6438785,-16.295161],[-71.6439002,-16.2951608],[-71.6439217,-16.2951395],[-71.6439435,-16.2951392],[-71.6439653,-16.2951389],[-71.643987,-16.2951386],[-71.6440088,-16.2951384],[-71.6440306,-16.2951381],[-71.6440524,-16.2951378],[-71.6440741,-16.2951376],[-71.6440956,-16.2951163],[-71.6441174,-16.295116],[-71.6441392,-16.2951157],[-71.6441609,-16.2951154],[-71.6441827,-16.2951152],[-71.6442042,-16.2950939],[-71.644226,-16.2950936],[-71.6442477,-16.2950933],[-71.6442695,-16.295093],[-71.6442913,-16.2950928],[-71.6443128,-16.2950715],[-71.6443345,-16.2950712],[-71.6443563,-16.2950709],[-71.6443781,-16.2950707],[-71.6443999,-16.2950704],[-71.6444214,-16.2950491],[-71.6444431,-16.2950488],[-71.6444649,-16.2950485],[-71.6444864,-16.2950272],[-71.6445082,-16.295027],[-71.6445299,-16.2950267],[-71.6445517,-16.2950264],[-71.6445732,-16.2950051],[-71.644595,-16.2950048],[-71.6446167,-16.2950046],[-71.6446382,-16.2949833],[-71.64466,-16.294983],[-71.6446815,-16.2949617],[-71.6447033,-16.2949614],[-71.644725,-16.2949612],[-71.6447468,-16.2949609],[-71.6447683,-16.2949396],[-71.6447901,-16.2949393],[-71.6448118,-16.294939],[-71.6448333,-16.2949177],[-71.6448548,-16.2948964],[-71.6448766,-16.2948962],[-71.6448984,-16.2948959],[-71.6449198,-16.2948746],[-71.6449416,-16.2948743],[-71.6449634,-16.294874],[-71.6449849,-16.2948527],[-71.6450064,-16.2948314],[-71.6450281,-16.2948312],[-71.6450499,-16.2948309],[-71.6450714,-16.2948096],[-71.6450932,-16.2948093],[-71.6451147,-16.294788],[-71.6451361,-16.2947667],[-71.6451579,-16.2947664],[-71.6451797,-16.2947662],[-71.6452012,-16.2947449],[-71.645223,-16.2947446],[-71.6452227,-16.2947236],[-71.6452444,-16.2947233],[-71.6452659,-16.294702],[-71.6452877,-16.2947017],[-71.6453092,-16.2946804],[-71.6453307,-16.2946591],[-71.6453525,-16.2946589],[-71.6453739,-16.2946376],[-71.6453957,-16.2946373],[-71.6454172,-16.294616],[-71.6454387,-16.2945947],[-71.6454605,-16.2945944],[-71.645482,-16.2945731],[-71.646387,-16.2938677],[-71.6464088,-16.2938675],[-71.6464085,-16.2938464],[-71.6464303,-16.2938462],[-71.6464518,-16.2938249],[-71.6464736,-16.2938246],[-71.6464733,-16.2938036],[-71.6464951,-16.2938033],[-71.6465165,-16.293782],[-71.6465383,-16.2937817],[-71.646538,-16.2937607],[-71.6465598,-16.2937604],[-71.6465813,-16.2937391],[-71.6466031,-16.2937388],[-71.6466028,-16.2937178],[-71.6466246,-16.2937175],[-71.6466463,-16.2937173],[-71.646646,-16.2936962],[-71.6466678,-16.293696],[-71.6466893,-16.2936747],[-71.6467111,-16.2936744],[-71.6467108,-16.2936534],[-71.6467326,-16.2936531],[-71.6467543,-16.2936528],[-71.6467758,-16.2936315],[-71.6467976,-16.2936312],[-71.6468191,-16.2936099],[-71.6468409,-16.2936097],[-71.6468626,-16.2936094],[-71.6468623,-16.2935884],[-71.6468841,-16.2935881],[-71.6469059,-16.2935878],[-71.6469056,-16.2935668],[-71.6469274,-16.2935665],[-71.6469491,-16.2935663],[-71.6469709,-16.293566],[-71.6469706,-16.293545],[-71.6469924,-16.2935447],[-71.6470142,-16.2935444],[-71.647036,-16.2935441],[-71.6470357,-16.2935231],[-71.6470574,-16.2935228],[-71.6470792,-16.2935226],[-71.647101,-16.2935223],[-71.6471007,-16.2935013],[-71.6471225,-16.293501],[-71.6471442,-16.2935007],[-71.647166,-16.2935004],[-71.6471878,-16.2935002],[-71.6471875,-16.2934791],[-71.6472093,-16.2934789],[-71.647231,-16.2934786],[-71.6472528,-16.2934783],[-71.6472746,-16.293478],[-71.6472961,-16.2934567],[-71.6473179,-16.2934565],[-71.6473396,-16.2934562],[-71.6473614,-16.2934559],[-71.6473832,-16.2934557],[-71.6474049,-16.2934554],[-71.6474267,-16.2934551],[-71.6474482,-16.2934338],[-71.64747,-16.2934335],[-71.6474917,-16.2934333],[-71.6475135,-16.293433],[-71.6475353,-16.2934327],[-71.6475571,-16.2934324],[-71.6475788,-16.2934322],[-71.6476006,-16.2934319],[-71.6476224,-16.2934316],[-71.6476441,-16.2934314],[-71.6476659,-16.2934311],[-71.6476877,-16.2934308],[-71.6477095,-16.2934305],[-71.6477312,-16.2934303],[-71.647753,-16.29343],[-71.6477748,-16.2934297],[-71.6477965,-16.2934294],[-71.6478183,-16.2934292],[-71.6478401,-16.2934289],[-71.6478619,-16.2934286],[-71.6478836,-16.2934284],[-71.6479054,-16.2934281],[-71.6479057,-16.2934491],[-71.6479275,-16.2934488],[-71.6479492,-16.2934486],[-71.647971,-16.2934483],[-71.6479928,-16.293448],[-71.6480145,-16.2934477],[-71.6480363,-16.2934475],[-71.6480584,-16.2934682],[-71.6480801,-16.293468],[-71.6481019,-16.2934677],[-71.6481237,-16.2934674],[-71.6481454,-16.2934671],[-71.6481675,-16.2934879],[-71.6481893,-16.2934876],[-71.648211,-16.2934873],[-71.6482328,-16.2934871],[-71.6482549,-16.2935078],[-71.6482766,-16.2935076],[-71.6482984,-16.2935073],[-71.6483202,-16.293507],[-71.648342,-16.2935067],[-71.6483637,-16.2935065],[-71.6483858,-16.2935272],[-71.6484076,-16.2935269],[-71.6484293,-16.2935267],[-71.6484511,-16.2935264],[-71.6484946,-16.2935259],[-71.6485164,-16.2935256],[-71.6485382,-16.2935253],[-71.64856,-16.293525],[-71.6485817,-16.2935248],[-71.6486035,-16.2935245],[-71.6486253,-16.2935242],[-71.648647,-16.2935239],[-71.6486688,-16.2935237],[-71.6486906,-16.2935234],[-71.6487124,-16.2935231],[-71.6487341,-16.2935229],[-71.6487559,-16.2935226],[-71.6487777,-16.2935223],[-71.6487992,-16.293501],[-71.6488209,-16.2935007],[-71.6488427,-16.2935005],[-71.6488645,-16.2935002],[-71.6488862,-16.2934999],[-71.648908,-16.2934996],[-71.6489295,-16.2934783],[-71.6489513,-16.2934781],[-71.648973,-16.2934778],[-71.6489948,-16.2934775],[-71.6490163,-16.2934562],[-71.6490381,-16.2934559],[-71.6490598,-16.2934557],[-71.6490816,-16.2934554],[-71.6491031,-16.2934341],[-71.6491249,-16.2934338],[-71.6491464,-16.2934125],[-71.6491681,-16.2934123],[-71.6491899,-16.293412],[-71.6492114,-16.2933907],[-71.6492332,-16.2933904],[-71.6492547,-16.2933691],[-71.6492764,-16.2933688],[-71.6492979,-16.2933475],[-71.6493197,-16.2933473],[-71.6493415,-16.293347],[-71.649363,-16.2933257],[-71.6493847,-16.2933254],[-71.6493844,-16.2933044],[-71.6494062,-16.2933041],[-71.6494277,-16.2932828],[-71.6494495,-16.2932825],[-71.649471,-16.2932612],[-71.6494925,-16.2932399],[-71.6495142,-16.2932397],[-71.6495139,-16.2932186],[-71.6495357,-16.2932184],[-71.6495572,-16.2931971],[-71.649579,-16.2931968],[-71.6496005,-16.2931755],[-71.6496002,-16.2931545],[-71.6496219,-16.2931542],[-71.6496434,-16.2931329],[-71.6496649,-16.2931116],[-71.6496867,-16.2931113],[-71.6496864,-16.2930903],[-71.6497079,-16.293069],[-71.6497297,-16.2930687],[-71.6497512,-16.2930474],[-71.6497509,-16.2930264],[-71.6497724,-16.2930051],[-71.6497941,-16.2930048],[-71.6497939,-16.2929838],[-71.6498153,-16.2929625],[-71.6498368,-16.2929412],[-71.6498583,-16.2929199],[-71.6498798,-16.2928986],[-71.6498795,-16.2928775],[-71.649901,-16.2928562],[-71.6499225,-16.2928349],[-71.649944,-16.2928136],[-71.6499437,-16.2927926],[-71.6499652,-16.2927713],[-71.6499649,-16.2927503],[-71.6499867,-16.29275],[-71.6499864,-16.292729],[-71.6500079,-16.2927077],[-71.6500076,-16.2926867],[-71.6500291,-16.2926654],[-71.6500288,-16.2926443],[-71.6500503,-16.292623],[-71.65005,-16.292602],[-71.6500715,-16.2925807],[-71.6500712,-16.2925597],[-71.6500927,-16.2925384],[-71.6500924,-16.2925173],[-71.6501139,-16.292496],[-71.6501136,-16.292475],[-71.6501134,-16.292454],[-71.6501348,-16.2924327],[-71.6501346,-16.2924117],[-71.6501343,-16.2923906],[-71.6501558,-16.2923693],[-71.6501555,-16.2923483],[-71.6501552,-16.2923273],[-71.6501549,-16.2923062],[-71.6501764,-16.2922849],[-71.6501761,-16.2922639],[-71.6501758,-16.2922429],[-71.6501756,-16.2922219],[-71.6501971,-16.2922006],[-71.6501968,-16.2921795],[-71.6501965,-16.2921585],[-71.6501962,-16.2921375],[-71.6501959,-16.2921164],[-71.6501956,-16.2920954],[-71.6501954,-16.2920744],[-71.6502168,-16.2920531],[-71.6502166,-16.2920321],[-71.6502163,-16.292011],[-71.650216,-16.29199],[-71.6502157,-16.291969],[-71.6502154,-16.2919479],[-71.6502151,-16.2919269],[-71.6502149,-16.2919059],[-71.6502146,-16.2918849],[-71.6502143,-16.2918638],[-71.650214,-16.2918428],[-71.6502137,-16.2918218],[-71.6502135,-16.2918008],[-71.6502132,-16.2917797],[-71.6502129,-16.2917587],[-71.6501908,-16.2917379],[-71.6501906,-16.2917169],[-71.6501903,-16.2916959],[-71.65019,-16.2916749],[-71.6501897,-16.2916538],[-71.6501894,-16.2916328],[-71.6501891,-16.2916118],[-71.6501671,-16.291591],[-71.6501668,-16.29157],[-71.6501665,-16.291549],[-71.6501662,-16.2915279],[-71.6501442,-16.2915072],[-71.6501439,-16.2914861],[-71.6501436,-16.2914651],[-71.6501433,-16.2914441],[-71.6501213,-16.2914233],[-71.650121,-16.2914023],[-71.6501207,-16.2913813],[-71.6500987,-16.2913605],[-71.6500984,-16.2913395],[-71.6500981,-16.2913185],[-71.650076,-16.2912977],[-71.6500758,-16.2912767],[-71.6500537,-16.2912559],[-71.6500534,-16.2912349],[-71.6500314,-16.2912142],[-71.6500311,-16.2911931],[-71.650009,-16.2911724],[-71.6500087,-16.2911513],[-71.6499867,-16.2911306],[-71.6499864,-16.2911096],[-71.6499644,-16.2910888],[-71.6499423,-16.291068],[-71.649942,-16.291047],[-71.64992,-16.2910263],[-71.6499197,-16.2910052],[-71.6498979,-16.2910055],[-71.6498976,-16.2909845],[-71.6498756,-16.2909637],[-71.6498753,-16.2909427],[-71.6498532,-16.2909219],[-71.649853,-16.2909009],[-71.6498312,-16.2909012],[-71.6498309,-16.2908802],[-71.6498306,-16.2908591],[-71.6498089,-16.2908594],[-71.6498086,-16.2908384],[-71.6498083,-16.2908174],[-71.6497865,-16.2908176],[-71.6497862,-16.2907966],[-71.6497859,-16.2907756],[-71.6497642,-16.2907758],[-71.6497639,-16.2907548],[-71.6497636,-16.2907338],[-71.6497416,-16.290713],[-71.6497413,-16.290692],[-71.649741,-16.290671],[-71.6497192,-16.2906712],[-71.6497189,-16.2906502],[-71.6497187,-16.2906292],[-71.6497184,-16.2906082],[-71.6496966,-16.2906084],[-71.6496963,-16.2905874],[-71.649696,-16.2905664],[-71.6496958,-16.2905454],[-71.6496737,-16.2905246],[-71.6496734,-16.2905036],[-71.6496731,-16.2904825],[-71.6496729,-16.2904615],[-71.6496508,-16.2904408],[-71.6496505,-16.2904197],[-71.6496502,-16.2903987],[-71.64965,-16.2903777],[-71.6496497,-16.2903566],[-71.6496494,-16.2903356],[-71.6496276,-16.2903359],[-71.6496273,-16.2903149],[-71.6496271,-16.2902938],[-71.6496268,-16.2902728],[-71.6496265,-16.2902518],[-71.6496262,-16.2902308],[-71.6496259,-16.2902097],[-71.6496256,-16.2901887],[-71.6496254,-16.2901677],[-71.6496251,-16.2901466],[-71.6496248,-16.2901256],[-71.6496245,-16.2901046],[-71.6496242,-16.2900836],[-71.6496239,-16.2900625],[-71.6496237,-16.2900415],[-71.6496234,-16.2900205],[-71.6496231,-16.2899994],[-71.6496228,-16.2899784],[-71.6496225,-16.2899574],[-71.6496222,-16.2899364],[-71.649622,-16.2899153],[-71.6496217,-16.2898943],[-71.6496214,-16.2898733],[-71.6496211,-16.2898522],[-71.6496208,-16.2898312],[-71.6496426,-16.2898309],[-71.6496423,-16.2898099],[-71.649642,-16.2897889],[-71.6496418,-16.2897679],[-71.6496415,-16.2897468],[-71.6496412,-16.2897258],[-71.649663,-16.2897255],[-71.6496627,-16.2897045],[-71.6496624,-16.2896835],[-71.6496621,-16.2896624],[-71.6496618,-16.2896414],[-71.6496833,-16.2896201],[-71.649683,-16.2895991],[-71.6496828,-16.2895781],[-71.6496825,-16.289557],[-71.6497042,-16.2895568],[-71.649704,-16.2895357],[-71.6497037,-16.2895147],[-71.6497252,-16.2894934],[-71.6497249,-16.2894724],[-71.6497246,-16.2894514],[-71.6497461,-16.2894301],[-71.6497458,-16.289409],[-71.6497673,-16.2893877],[-71.649767,-16.2893667],[-71.6497667,-16.2893457],[-71.6497885,-16.2893454],[-71.6497882,-16.2893244],[-71.6498097,-16.2893031],[-71.6498094,-16.289282],[-71.6498309,-16.2892607],[-71.6498306,-16.2892397],[-71.6498521,-16.2892184],[-71.6498518,-16.2891974],[-71.6498736,-16.2891971],[-71.6498733,-16.2891761],[-71.6498948,-16.2891548],[-71.6498945,-16.2891337],[-71.649916,-16.2891124],[-71.6499157,-16.2890914],[-71.6499375,-16.2890911],[-71.6499372,-16.2890701],[-71.649959,-16.2890698],[-71.6499587,-16.2890488],[-71.6499584,-16.2890278],[-71.6499802,-16.2890275],[-71.6499799,-16.2890065],[-71.6500014,-16.2889852],[-71.6500011,-16.2889642],[-71.6500229,-16.2889639],[-71.6500226,-16.2889429],[-71.6500223,-16.2889218],[-71.6500441,-16.2889216],[-71.6500438,-16.2889005],[-71.6500435,-16.2888795],[-71.6500653,-16.2888792],[-71.650065,-16.2888582],[-71.6500647,-16.2888372],[-71.6500865,-16.2888369],[-71.6500862,-16.2888159],[-71.6500859,-16.2887948],[-71.6501074,-16.2887735],[-71.6501072,-16.2887525],[-71.6501069,-16.2887315],[-71.6501286,-16.2887312],[-71.6501284,-16.2887102],[-71.6501281,-16.2886892],[-71.6501496,-16.2886679],[-71.6501493,-16.2886468],[-71.650149,-16.2886258],[-71.6501708,-16.2886255],[-71.6501705,-16.2886045],[-71.6501702,-16.2885835],[-71.6501699,-16.2885624],[-71.6501917,-16.2885622],[-71.6501914,-16.2885411],[-71.6501911,-16.2885201],[-71.6501908,-16.2884991],[-71.6502123,-16.2884778],[-71.650212,-16.2884568],[-71.6502118,-16.2884357],[-71.6502115,-16.2884147],[-71.6502112,-16.2883937],[-71.650233,-16.2883934],[-71.6502327,-16.2883724],[-71.6502324,-16.2883513],[-71.6502321,-16.2883303],[-71.6502318,-16.2883093],[-71.6502316,-16.2882883],[-71.6502533,-16.288288],[-71.650253,-16.288267],[-71.6502528,-16.2882459],[-71.6502525,-16.2882249],[-71.6502522,-16.2882039],[-71.6502519,-16.2881828],[-71.6502516,-16.2881618],[-71.6502513,-16.2881408],[-71.6502511,-16.2881198],[-71.6502508,-16.2880987],[-71.6502723,-16.2880774],[-71.650272,-16.2880564],[-71.6502717,-16.2880354],[-71.6502714,-16.2880144],[-71.6502711,-16.2879933],[-71.6502709,-16.2879723],[-71.6502706,-16.2879513],[-71.6502703,-16.2879302],[-71.65027,-16.2879092],[-71.6502697,-16.2878882],[-71.6502694,-16.2878672],[-71.6502477,-16.2878674],[-71.6502474,-16.2878464],[-71.6502471,-16.2878254],[-71.6502468,-16.2878043],[-71.6502465,-16.2877833],[-71.6502463,-16.2877623],[-71.650246,-16.2877413],[-71.6502457,-16.2877202],[-71.6502454,-16.2876992],[-71.6502451,-16.2876782],[-71.6502231,-16.2876574],[-71.6502228,-16.2876364],[-71.6502225,-16.2876154],[-71.6502222,-16.2875943],[-71.6502219,-16.2875733],[-71.6502217,-16.2875523],[-71.6501999,-16.2875526],[-71.6501996,-16.2875315],[-71.6501993,-16.2875105],[-71.650199,-16.2874895],[-71.6501988,-16.2874684],[-71.650177,-16.2874687],[-71.6501767,-16.2874477],[-71.6501764,-16.2874267],[-71.6501761,-16.2874056],[-71.6501541,-16.2873849],[-71.6501538,-16.2873639],[-71.6501535,-16.2873428],[-71.6501532,-16.2873218],[-71.6501315,-16.2873221],[-71.6501312,-16.287301],[-71.6501309,-16.28728],[-71.6501306,-16.287259],[-71.6501089,-16.2872593],[-71.6501086,-16.2872382],[-71.6501083,-16.2872172],[-71.6500862,-16.2871964],[-71.650086,-16.2871754],[-71.6500639,-16.2871547],[-71.6500636,-16.2871336],[-71.6500633,-16.2871126],[-71.6500416,-16.2871129],[-71.6500413,-16.2870919],[-71.650041,-16.2870708],[-71.6500407,-16.2870498],[-71.6500189,-16.2870501],[-71.6500187,-16.287029],[-71.6500184,-16.287008],[-71.6500181,-16.286987],[-71.6499963,-16.2869873],[-71.649996,-16.2869662],[-71.6499958,-16.2869452],[-71.6499955,-16.2869242],[-71.6499952,-16.2869031],[-71.6499734,-16.2869034],[-71.6499731,-16.2868824],[-71.6499729,-16.2868614],[-71.6499726,-16.2868403],[-71.6499723,-16.2868193],[-71.6499502,-16.2867986],[-71.64995,-16.2867775],[-71.6499497,-16.2867565],[-71.6499494,-16.2867355],[-71.6499491,-16.2867144],[-71.6499488,-16.2866934],[-71.6499485,-16.2866724],[-71.6499483,-16.2866514],[-71.649948,-16.2866303],[-71.6499259,-16.2866096],[-71.6499256,-16.2865885],[-71.6499254,-16.2865675],[-71.6499251,-16.2865465],[-71.6499248,-16.2865255],[-71.6499245,-16.2865044],[-71.6499242,-16.2864834],[-71.6499239,-16.2864624],[-71.6499454,-16.2864411],[-71.6499452,-16.28642],[-71.6499449,-16.286399],[-71.6499446,-16.286378],[-71.6499443,-16.286357],[-71.649944,-16.2863359],[-71.6499437,-16.2863149],[-71.6499435,-16.2862939],[-71.6499432,-16.2862729],[-71.6499647,-16.2862516],[-71.6499644,-16.2862305],[-71.6499641,-16.2862095],[-71.6499638,-16.2861885],[-71.6499635,-16.2861674],[-71.649985,-16.2861461],[-71.6499847,-16.2861251],[-71.6499845,-16.2861041],[-71.6499842,-16.2860831],[-71.6500057,-16.2860618],[-71.6500054,-16.2860407],[-71.6500051,-16.2860197],[-71.6500266,-16.2859984],[-71.6500263,-16.2859774],[-71.650026,-16.2859563],[-71.6500478,-16.2859561],[-71.6500475,-16.285935],[-71.6500472,-16.285914],[-71.6500687,-16.2858927],[-71.6500684,-16.2858717],[-71.6500681,-16.2858507],[-71.6500899,-16.2858504],[-71.6500896,-16.2858294],[-71.6501111,-16.2858081],[-71.6501108,-16.285787],[-71.6501106,-16.285766],[-71.6501323,-16.2857657],[-71.650132,-16.2857447],[-71.6501535,-16.2857234],[-71.6501533,-16.2857024],[-71.6501747,-16.2856811],[-71.6501745,-16.28566],[-71.6501962,-16.2856598],[-71.6501959,-16.2856387],[-71.6502174,-16.2856174],[-71.6502172,-16.2855964],[-71.6502389,-16.2855961],[-71.6502386,-16.2855751],[-71.6502604,-16.2855748],[-71.6502601,-16.2855538],[-71.6502816,-16.2855325],[-71.6503031,-16.2855112],[-71.6503028,-16.2854902],[-71.6503246,-16.2854899],[-71.6503243,-16.2854689],[-71.6503461,-16.2854686],[-71.6503458,-16.2854476],[-71.6503676,-16.2854473],[-71.6503673,-16.2854263],[-71.6503888,-16.285405],[-71.6504103,-16.2853837],[-71.6504317,-16.2853624],[-71.6504532,-16.2853411],[-71.6504747,-16.2853198],[-71.6504965,-16.2853195],[-71.6504962,-16.2852985],[-71.650518,-16.2852982],[-71.6505177,-16.2852772],[-71.6505395,-16.2852769],[-71.6505392,-16.2852559],[-71.650561,-16.2852556],[-71.6505824,-16.2852343],[-71.6506039,-16.285213],[-71.6506257,-16.2852127],[-71.6506472,-16.2851914],[-71.650669,-16.2851911],[-71.6506687,-16.2851701],[-71.6506904,-16.2851698],[-71.6506902,-16.2851488],[-71.6507119,-16.2851485],[-71.6507334,-16.2851272],[-71.6507552,-16.285127],[-71.6507767,-16.2851057],[-71.6507985,-16.2851054],[-71.6508202,-16.2851051],[-71.6508199,-16.2850841],[-71.6508417,-16.2850838],[-71.6508632,-16.2850625],[-71.650885,-16.2850622],[-71.6509065,-16.2850409],[-71.6554743,-16.2830698],[-71.6555175,-16.2830482],[-71.655539,-16.2830269],[-71.6555823,-16.2830053],[-71.6556255,-16.2829837],[-71.6556691,-16.2829832],[-71.6556905,-16.2829619],[-71.6557338,-16.2829403],[-71.6557771,-16.2829187],[-71.6557985,-16.2828974],[-71.6558418,-16.2828759],[-71.6558851,-16.2828543],[-71.6559065,-16.282833],[-71.6559498,-16.2828114],[-71.6559931,-16.2827898],[-71.6560145,-16.2827685],[-71.6560578,-16.282747],[-71.6561011,-16.2827254],[-71.6561225,-16.2827041],[-71.6561658,-16.2826825],[-71.6561873,-16.2826612],[-71.6562305,-16.2826396],[-71.6562517,-16.2825973],[-71.656295,-16.2825757],[-71.6563383,-16.2825541],[-71.6563597,-16.2825328],[-71.656403,-16.2825113],[-71.6564245,-16.28249],[-71.6564675,-16.2824474],[-71.656489,-16.2824261],[-71.6565104,-16.2824048],[-71.6565534,-16.2823622],[-71.6565749,-16.2823409],[-71.6566182,-16.2823193],[-71.6566396,-16.282298],[-71.6566826,-16.2822554],[-71.6567041,-16.2822341],[-71.6567253,-16.2821918],[-71.6567686,-16.2821702],[-71.6567901,-16.2821489],[-71.6568113,-16.2821065],[-71.6568545,-16.282085],[-71.6568757,-16.2820426],[-71.6568972,-16.2820213],[-71.6569184,-16.281979],[-71.6569617,-16.2819574],[-71.6569831,-16.2819361],[-71.6570044,-16.2818938],[-71.6570258,-16.2818725],[-71.657047,-16.2818302],[-71.65709,-16.2817876],[-71.6571115,-16.2817663],[-71.6571327,-16.2817239],[-71.6571542,-16.2817026],[-71.6571754,-16.2816603],[-71.6571969,-16.281639],[-71.6572181,-16.2815967],[-71.6572393,-16.2815544],[-71.6572608,-16.281533],[-71.657282,-16.2814907],[-71.6573032,-16.2814484],[-71.6573247,-16.2814271],[-71.6573459,-16.2813848],[-71.6573671,-16.2813424],[-71.6573886,-16.2813211],[-71.6574098,-16.2812788],[-71.657431,-16.2812365],[-71.6574525,-16.2812152],[-71.6574737,-16.2811728],[-71.6574731,-16.2811308],[-71.6574943,-16.2810885],[-71.6575158,-16.2810672],[-71.657537,-16.2810248],[-71.6575582,-16.2809825],[-71.6575576,-16.2809404],[-71.6575788,-16.2808981],[-71.6576003,-16.2808768],[-71.6575997,-16.2808348],[-71.657621,-16.2807924],[-71.6576422,-16.2807501],[-71.6576416,-16.280708],[-71.6576631,-16.2806867],[-71.6576843,-16.2806444],[-71.6576837,-16.2806024],[-71.6577049,-16.28056],[-71.6577043,-16.280518],[-71.6577255,-16.2804756],[-71.6577253,-16.2804546],[-71.6577465,-16.2804123],[-71.6577459,-16.2803702],[-71.6577671,-16.2803279],[-71.6577665,-16.2802858],[-71.657766,-16.2802438],[-71.6577872,-16.2802015],[-71.6577866,-16.2801594],[-71.657786,-16.2801173],[-71.6578075,-16.280096],[-71.657807,-16.280054],[-71.6578064,-16.2800119],[-71.6578276,-16.2799696],[-71.657827,-16.2799275],[-71.6578265,-16.2798855],[-71.6578259,-16.2798434],[-71.6578253,-16.2798014],[-71.6578465,-16.279759],[-71.657846,-16.279717],[-71.6578454,-16.2796749],[-71.6578448,-16.2796329],[-71.6578446,-16.2796119],[-71.657844,-16.2795698],[-71.6578434,-16.2795277],[-71.6578429,-16.2794857],[-71.6578423,-16.2794436],[-71.6578417,-16.2794016],[-71.6578412,-16.2793595],[-71.6578406,-16.2793175],[-71.65784,-16.2792754],[-71.6578395,-16.2792334],[-71.6578389,-16.2791913],[-71.6578383,-16.2791492],[-71.657816,-16.2791075],[-71.6578157,-16.2790864],[-71.6578151,-16.2790444],[-71.6578146,-16.2790023],[-71.657814,-16.2789603],[-71.6577917,-16.2789185],[-71.6577911,-16.2788764],[-71.6577905,-16.2788344],[-71.6577682,-16.2787926],[-71.6577676,-16.2787505],[-71.6577671,-16.2787085],[-71.6577447,-16.2786667],[-71.6577444,-16.2786457],[-71.6577439,-16.2786036],[-71.6577215,-16.2785618],[-71.657721,-16.2785198],[-71.6576986,-16.278478],[-71.6576981,-16.2784359],[-71.6576757,-16.2783942],[-71.6576755,-16.2783731],[-71.6576531,-16.2783313],[-71.6576308,-16.2782896],[-71.6576302,-16.2782475],[-71.6576079,-16.2782057],[-71.6576073,-16.2781637],[-71.6575853,-16.2781429],[-71.6575629,-16.2781011],[-71.6575624,-16.2780591],[-71.65754,-16.2780173],[-71.6575177,-16.2779755],[-71.6574956,-16.2779548],[-71.6574951,-16.2779127],[-71.6574727,-16.2778709],[-71.6574504,-16.2778291],[-71.6574283,-16.2778084],[-71.657406,-16.2777666],[-71.6574054,-16.2777245],[-71.6573831,-16.2776828],[-71.657361,-16.277662],[-71.6573387,-16.2776202],[-71.6573164,-16.2775784],[-71.6572943,-16.2775577],[-71.657272,-16.2775159],[-71.6572497,-16.2774741],[-71.6572276,-16.2774534]]}},{"type":"Feature","properties":{"nivel":"Ferrocarril","ancho":0.72,"color":["#000000"]},"geometry":{"type":"LineString","coordinates":[[-71.555485,-16.4219613],[-71.5554635,-16.4219826],[-71.5554638,-16.4220036],[-71.555442,-16.4220039],[-71.5554422,-16.4220249],[-71.5554205,-16.4220252],[-71.5554207,-16.4220462],[-71.5553992,-16.4220675],[-71.5553995,-16.4220886],[-71.5553777,-16.4220888],[-71.555378,-16.4221099],[-71.5553565,-16.4221312],[-71.5553567,-16.4221522],[-71.555335,-16.4221524],[-71.5553352,-16.4221735],[-71.5553355,-16.4221945],[-71.5553137,-16.4221948],[-71.555314,-16.4222158],[-71.5553143,-16.4222368],[-71.5552925,-16.4222371],[-71.5552928,-16.4222581],[-71.555293,-16.4222792],[-71.5552712,-16.4222794],[-71.5552715,-16.4223004],[-71.5552718,-16.4223215],[-71.55525,-16.4223217],[-71.5552503,-16.4223428],[-71.5552506,-16.4223638],[-71.5552288,-16.4223641],[-71.555229,-16.4223851],[-71.5552293,-16.4224061],[-71.5552078,-16.4224274],[-71.5552081,-16.4224484],[-71.5552084,-16.4224695],[-71.5551866,-16.4224697],[-71.5551868,-16.4224908],[-71.5551871,-16.4225118],[-71.5551874,-16.4225328],[-71.5551656,-16.4225331],[-71.5551659,-16.4225541],[-71.5551662,-16.4225752],[-71.5551664,-16.4225962],[-71.5551446,-16.4225964],[-71.5551449,-16.4226175],[-71.5551452,-16.4226385],[-71.5551455,-16.4226595],[-71.5551457,-16.4226806],[-71.555124,-16.4226808],[-71.5551242,-16.4227019],[-71.5551245,-16.4227229],[-71.5551248,-16.4227439],[-71.5551251,-16.4227649],[-71.5551253,-16.422786],[-71.5551035,-16.4227862],[-71.5551038,-16.4228073],[-71.5551041,-16.4228283],[-71.5551044,-16.4228493],[-71.5551046,-16.4228704],[-71.5551049,-16.4228914],[-71.5551052,-16.4229124],[-71.5551055,-16.4229334],[-71.555084,-16.4229547],[-71.5550842,-16.4229758],[-71.5550845,-16.4229968],[-71.5550848,-16.4230178],[-71.5550851,-16.4230389],[-71.5550853,-16.4230599],[-71.5550856,-16.4230809],[-71.5550859,-16.4231019],[-71.5550862,-16.423123],[-71.5550864,-16.423144],[-71.5550867,-16.423165],[-71.555087,-16.4231861],[-71.5550873,-16.4232071],[-71.5550875,-16.4232281],[-71.5550878,-16.4232492],[-71.5550881,-16.4232702],[-71.5551099,-16.4232699],[-71.5551101,-16.4232909],[-71.5551104,-16.423312],[-71.5551107,-16.423333],[-71.555111,-16.423354],[-71.5551112,-16.4233751],[-71.555133,-16.4233748],[-71.5551333,-16.4233958],[-71.5551336,-16.4234169],[-71.5551339,-16.4234379],[-71.5551556,-16.4234376],[-71.5551559,-16.4234586],[-71.5551562,-16.4234797],[-71.555178,-16.4234794],[-71.5551783,-16.4235004],[-71.5551785,-16.4235215],[-71.5552003,-16.4235212],[-71.5552006,-16.4235422],[-71.5552224,-16.423542],[-71.5552227,-16.423563],[-71.5552229,-16.423584],[-71.5552447,-16.4235838],[-71.5612472,-16.4309982],[-71.5612693,-16.4310189],[-71.5612696,-16.43104],[-71.5612914,-16.4310397],[-71.5612916,-16.4310607],[-71.5613137,-16.4310815],[-71.561314,-16.4311025],[-71.5613358,-16.4311022],[-71.561336,-16.4311233],[-71.5613363,-16.4311443],[-71.5613581,-16.431144],[-71.5613584,-16.4311651],[-71.5613802,-16.4311648],[-71.5613804,-16.4311858],[-71.5613807,-16.4312069],[-71.5614025,-16.4312066],[-71.5614028,-16.4312276],[-71.5614031,-16.4312487],[-71.5614249,-16.4312484],[-71.5614251,-16.4312694],[-71.5614254,-16.4312904],[-71.5614472,-16.4312902],[-71.5614475,-16.4313112],[-71.5614477,-16.4313322],[-71.5614695,-16.431332],[-71.5614698,-16.431353],[-71.5614701,-16.431374],[-71.5614704,-16.4313951],[-71.5614921,-16.4313948],[-71.5614924,-16.4314158],[-71.5614927,-16.4314369],[-71.5615145,-16.4314366],[-71.5615148,-16.4314576],[-71.561515,-16.4314786],[-71.5615153,-16.4314997],[-71.5615371,-16.4314994],[-71.5615374,-16.4315204],[-71.5615377,-16.4315415],[-71.5615379,-16.4315625],[-71.56156,-16.4315833],[-71.5615603,-16.4316043],[-71.5615605,-16.4316253],[-71.5615608,-16.4316463],[-71.5615829,-16.4316671],[-71.5615832,-16.4316881],[-71.5615834,-16.4317092],[-71.5617696,-16.4326113],[-71.5617699,-16.4326323],[-71.5617917,-16.4326321],[-71.5617919,-16.4326531],[-71.5617922,-16.4326741],[-71.5617925,-16.4326951],[-71.5618143,-16.4326949],[-71.5618146,-16.4327159],[-71.5618148,-16.4327369],[-71.5618151,-16.432758],[-71.5618369,-16.4327577],[-71.5618372,-16.4327787],[-71.5618374,-16.4327998],[-71.5618592,-16.4327995],[-71.5618595,-16.4328205],[-71.5618598,-16.4328415],[-71.5618816,-16.4328413],[-71.5618819,-16.4328623],[-71.5618821,-16.4328833],[-71.5619039,-16.4328831],[-71.5619042,-16.4329041],[-71.5619263,-16.4329249],[-71.5619265,-16.4329459],[-71.5619483,-16.4329456],[-71.5619486,-16.4329667],[-71.5619704,-16.4329664],[-71.5619707,-16.4329874],[-71.5619709,-16.4330084],[-71.5619927,-16.4330082],[-71.561993,-16.4330292],[-71.5620148,-16.4330289],[-71.5620151,-16.43305],[-71.5620369,-16.4330497],[-71.5620371,-16.4330707],[-71.5620589,-16.4330705],[-71.5620592,-16.4330915],[-71.562081,-16.4330912],[-71.5620813,-16.4331123],[-71.562103,-16.433112],[-71.5621251,-16.4331328],[-71.5621469,-16.4331325],[-71.5621472,-16.4331535],[-71.562169,-16.4331533],[-71.5621692,-16.4331743],[-71.562191,-16.433174],[-71.5643001,-16.4344733],[-71.5643004,-16.4344943],[-71.5643222,-16.4344941],[-71.5643224,-16.4345151],[-71.5643442,-16.4345148],[-71.5643663,-16.4345356],[-71.5643881,-16.4345353],[-71.5643884,-16.4345563],[-71.5644102,-16.4345561],[-71.5644104,-16.4345771],[-71.5644325,-16.4345979],[-71.5644328,-16.4346189],[-71.5644546,-16.4346186],[-71.5644548,-16.4346397],[-71.5644766,-16.4346394],[-71.5644769,-16.4346604],[-71.5644772,-16.4346814],[-71.564499,-16.4346812],[-71.5644992,-16.4347022],[-71.5644995,-16.4347232],[-71.5645213,-16.434723],[-71.5645216,-16.434744],[-71.5645219,-16.434765],[-71.5645436,-16.4347648],[-71.5645439,-16.4347858],[-71.5645442,-16.4348068],[-71.5645445,-16.4348279],[-71.5645448,-16.4348489],[-71.5645665,-16.4348486],[-71.5645668,-16.4348696],[-71.5645671,-16.4348907],[-71.5645674,-16.4349117],[-71.5645676,-16.4349327],[-71.5646675,-16.435899],[-71.5646678,-16.43592],[-71.5646681,-16.4359411],[-71.5646683,-16.4359621],[-71.5646686,-16.4359831],[-71.5646689,-16.4360042],[-71.5646692,-16.4360252],[-71.5646694,-16.4360462],[-71.5646697,-16.4360672],[-71.56467,-16.4360883],[-71.5646703,-16.4361093],[-71.5646705,-16.4361303],[-71.5646708,-16.4361514],[-71.5646711,-16.4361724],[-71.5646714,-16.4361934],[-71.5646716,-16.4362144],[-71.5646934,-16.4362142],[-71.5646937,-16.4362352],[-71.564694,-16.4362562],[-71.5646943,-16.4362773],[-71.5646945,-16.4362983],[-71.5646948,-16.4363193],[-71.5646951,-16.4363403],[-71.5646954,-16.4363614],[-71.5646956,-16.4363824],[-71.5646959,-16.4364034],[-71.5647177,-16.4364032],[-71.564718,-16.4364242],[-71.5647183,-16.4364452],[-71.5647185,-16.4364663],[-71.5647188,-16.4364873],[-71.5647191,-16.4365083],[-71.5647194,-16.4365293],[-71.5647412,-16.4365291],[-71.5647414,-16.4365501],[-71.5647417,-16.4365711],[-71.564742,-16.4365922],[-71.5647423,-16.4366132],[-71.5647643,-16.436634],[-71.5647646,-16.436655],[-71.5647649,-16.436676],[-71.5647652,-16.436697],[-71.5647654,-16.4367181],[-71.5647875,-16.4367388],[-71.5647878,-16.4367599],[-71.564788,-16.4367809],[-71.5647883,-16.4368019],[-71.5648101,-16.4368017],[-71.5648104,-16.4368227],[-71.5648107,-16.4368437],[-71.5648109,-16.4368647],[-71.5648112,-16.4368858],[-71.564833,-16.4368855],[-71.5648333,-16.4369065],[-71.5648336,-16.4369276],[-71.5648338,-16.4369486],[-71.5648559,-16.4369694],[-71.5648562,-16.4369904],[-71.5648565,-16.4370114],[-71.5648782,-16.4370111],[-71.5648785,-16.4370322],[-71.5648788,-16.4370532],[-71.5648791,-16.4370742],[-71.5649011,-16.437095],[-71.5649014,-16.437116],[-71.5649017,-16.4371371],[-71.5649235,-16.4371368],[-71.5649238,-16.4371578],[-71.564924,-16.4371788],[-71.5649243,-16.4371999],[-71.5649461,-16.4371996],[-71.5649464,-16.4372206],[-71.5649466,-16.4372417],[-71.5649684,-16.4372414],[-71.5649687,-16.4372624],[-71.564969,-16.4372835],[-71.5649693,-16.4373045],[-71.5649911,-16.4373042],[-71.5649913,-16.4373253],[-71.5649916,-16.4373463],[-71.5650134,-16.437346],[-71.5650137,-16.437367],[-71.5650139,-16.4373881],[-71.5650357,-16.4373878],[-71.565036,-16.4374088],[-71.5650363,-16.4374299],[-71.5650584,-16.4374506],[-71.5650586,-16.4374717],[-71.5650807,-16.4374924],[-71.565081,-16.4375134],[-71.565103,-16.4375342],[-71.5651033,-16.4375552],[-71.5651254,-16.437576],[-71.5651257,-16.437597],[-71.5651477,-16.4376178],[-71.565148,-16.4376388],[-71.5651698,-16.4376386],[-71.5651701,-16.4376596],[-71.5651703,-16.4376806],[-71.5651921,-16.4376803],[-71.5651924,-16.4377014],[-71.5651927,-16.4377224],[-71.5652145,-16.4377221],[-71.5652147,-16.4377432],[-71.565215,-16.4377642],[-71.5652368,-16.4377639],[-71.5652371,-16.437785],[-71.5652374,-16.437806],[-71.5652594,-16.4378268],[-71.5652597,-16.4378478],[-71.56526,-16.4378688],[-71.5652818,-16.4378685],[-71.565282,-16.4378896],[-71.5652823,-16.4379106],[-71.5652826,-16.4379316],[-71.5653044,-16.4379314],[-71.5653047,-16.4379524],[-71.5653049,-16.4379734],[-71.5653052,-16.4379945],[-71.5653055,-16.4380155],[-71.5653273,-16.4380152],[-71.5653276,-16.4380362],[-71.5653278,-16.4380573],[-71.5653281,-16.4380783],[-71.5653284,-16.4380993],[-71.5653287,-16.4381204],[-71.5653504,-16.4381201],[-71.5653507,-16.4381411],[-71.565351,-16.4381622],[-71.5653513,-16.4381832],[-71.5653516,-16.4382042],[-71.5653518,-16.4382252],[-71.5653521,-16.4382463],[-71.5653524,-16.4382673],[-71.5653527,-16.4382883],[-71.5653744,-16.4382881],[-71.5653747,-16.4383091],[-71.565375,-16.4383301],[-71.5653753,-16.4383511],[-71.5653756,-16.4383722],[-71.5653758,-16.4383932],[-71.5653761,-16.4384142],[-71.5653764,-16.4384353],[-71.5653767,-16.4384563],[-71.5653769,-16.4384773],[-71.5653772,-16.4384983],[-71.5653775,-16.4385194],[-71.5653778,-16.4385404],[-71.565378,-16.4385614],[-71.5653783,-16.4385825],[-71.5653786,-16.4386035],[-71.5654004,-16.4386032],[-71.5654007,-16.4386243],[-71.5654009,-16.4386453],[-71.5654012,-16.4386663],[-71.5654015,-16.4386873],[-71.5654018,-16.4387084],[-71.565402,-16.4387294],[-71.5654238,-16.4387291],[-71.5654241,-16.4387502],[-71.5654244,-16.4387712],[-71.5654247,-16.4387922],[-71.5654467,-16.438813],[-71.565447,-16.438834],[-71.5654473,-16.438855],[-71.5654475,-16.4388761],[-71.5654693,-16.4388758],[-71.5654696,-16.4388968],[-71.5654699,-16.4389179],[-71.5654702,-16.4389389],[-71.565492,-16.4389386],[-71.5654922,-16.4389597],[-71.5654925,-16.4389807],[-71.5655146,-16.4390014],[-71.5655149,-16.4390225],[-71.5655151,-16.4390435],[-71.5655369,-16.4390432],[-71.5655372,-16.4390643],[-71.5655375,-16.4390853],[-71.5655593,-16.439085],[-71.5655595,-16.4391061],[-71.5655598,-16.4391271],[-71.5655816,-16.4391268],[-71.5655819,-16.4391479],[-71.5655822,-16.4391689],[-71.5656039,-16.4391686],[-71.5656042,-16.4391896],[-71.5656045,-16.4392107],[-71.5656263,-16.4392104],[-71.5656266,-16.4392314],[-71.5656486,-16.4392522],[-71.5656489,-16.4392732],[-71.5656707,-16.439273],[-71.565671,-16.439294],[-71.565693,-16.4393148],[-71.5656933,-16.4393358],[-71.5657151,-16.4393355],[-71.5657154,-16.4393565],[-71.5657372,-16.4393563],[-71.5657374,-16.4393773],[-71.5657595,-16.4393981],[-71.5657598,-16.4394191],[-71.5657816,-16.4394188],[-71.5657818,-16.4394399],[-71.5658036,-16.4394396],[-71.5658039,-16.4394606],[-71.5658257,-16.4394604],[-71.565826,-16.4394814],[-71.5658478,-16.4394811],[-71.565848,-16.4395021],[-71.5658698,-16.4395019],[-71.5658701,-16.4395229],[-71.5658919,-16.4395226],[-71.5658922,-16.4395437],[-71.5658924,-16.4395647],[-71.5659142,-16.4395644],[-71.5659145,-16.4395855],[-71.5659363,-16.4395852],[-71.5659366,-16.4396062],[-71.5659584,-16.439606],[-71.5659586,-16.439627],[-71.5659589,-16.439648],[-71.5659807,-16.4396478],[-71.565981,-16.4396688],[-71.5660031,-16.4396895],[-71.5660033,-16.4397106],[-71.5660251,-16.4397103],[-71.5660254,-16.4397313],[-71.5660257,-16.4397524],[-71.5660259,-16.4397734],[-71.5660477,-16.4397731],[-71.566048,-16.4397942],[-71.5660483,-16.4398152],[-71.5660701,-16.4398149],[-71.5660704,-16.4398359],[-71.5660706,-16.439857],[-71.5660709,-16.439878],[-71.5660712,-16.439899],[-71.566093,-16.4398988],[-71.5660932,-16.4399198],[-71.5660935,-16.4399408],[-71.5660938,-16.4399619],[-71.5660941,-16.4399829],[-71.5660944,-16.4400039],[-71.5660946,-16.4400249],[-71.5661164,-16.4400247],[-71.5661167,-16.4400457],[-71.566117,-16.4400667],[-71.5661172,-16.4400878],[-71.5661175,-16.4401088],[-71.5661178,-16.4401298],[-71.5661181,-16.4401508],[-71.5661184,-16.4401719],[-71.5660966,-16.4401721],[-71.5660968,-16.4401932],[-71.5660971,-16.4402142],[-71.5660974,-16.4402352],[-71.5660977,-16.4402563],[-71.5660979,-16.4402773],[-71.5660982,-16.4402983],[-71.5660764,-16.4402986],[-71.5658911,-16.4411211],[-71.5658914,-16.4411421],[-71.5658696,-16.4411424],[-71.5658699,-16.4411634],[-71.5658702,-16.4411845],[-71.5658704,-16.4412055],[-71.5658707,-16.4412265],[-71.5658489,-16.4412268],[-71.5658492,-16.4412478],[-71.5658495,-16.4412689],[-71.5658497,-16.4412899],[-71.56585,-16.4413109],[-71.5658285,-16.4413322],[-71.5658288,-16.4413532],[-71.5658291,-16.4413743],[-71.5658293,-16.4413953],[-71.5658296,-16.4414163],[-71.5658299,-16.4414374],[-71.5658302,-16.4414584],[-71.5658304,-16.4414794],[-71.5658307,-16.4415004],[-71.565831,-16.4415215],[-71.5658313,-16.4415425],[-71.5658315,-16.4415635],[-71.5658318,-16.4415846],[-71.5658321,-16.4416056],[-71.5658324,-16.4416266],[-71.5658327,-16.4416476],[-71.5658329,-16.4416687],[-71.5658332,-16.4416897],[-71.5658335,-16.4417107],[-71.5658338,-16.4417318],[-71.565834,-16.4417528],[-71.5658343,-16.4417738],[-71.5658561,-16.4417736],[-71.5658564,-16.4417946],[-71.5658567,-16.4418156],[-71.5658569,-16.4418366],[-71.5658572,-16.4418577],[-71.5658575,-16.4418787],[-71.5658793,-16.4418784],[-71.5658795,-16.4418995],[-71.5658798,-16.4419205],[-71.5658801,-16.4419415],[-71.5659022,-16.4419623],[-71.5659024,-16.4419833],[-71.5659027,-16.4420043],[-71.5669859,-16.4448305],[-71.5669862,-16.4448515],[-71.5669865,-16.4448725],[-71.5669868,-16.4448935],[-71.5670086,-16.4448933],[-71.5670088,-16.4449143],[-71.5670091,-16.4449353],[-71.5670094,-16.4449564],[-71.5670312,-16.4449561],[-71.5670315,-16.4449771],[-71.5670317,-16.4449982],[-71.567032,-16.4450192],[-71.5670538,-16.4450189],[-71.5670541,-16.4450399],[-71.5670544,-16.445061],[-71.5670546,-16.445082],[-71.5670764,-16.4450817],[-71.5670767,-16.4451028],[-71.567077,-16.4451238],[-71.5670772,-16.4451448],[-71.567099,-16.4451446],[-71.5670993,-16.4451656],[-71.5670996,-16.4451866],[-71.5670999,-16.4452076],[-71.5671001,-16.4452287],[-71.5671219,-16.4452284],[-71.5671222,-16.4452494],[-71.5671225,-16.4452705],[-71.5671228,-16.4452915],[-71.5671448,-16.4453123],[-71.5671451,-16.4453333],[-71.5671454,-16.4453543],[-71.5671457,-16.4453753],[-71.5671677,-16.4453961],[-71.567168,-16.4454171],[-71.5671683,-16.4454382],[-71.5671686,-16.4454592],[-71.5671688,-16.4454802],[-71.5671906,-16.44548],[-71.5671909,-16.445501],[-71.5671912,-16.445522],[-71.5671915,-16.445543],[-71.5671917,-16.4455641],[-71.5672138,-16.4455848],[-71.5672141,-16.4456059],[-71.5672143,-16.4456269],[-71.5672146,-16.4456479],[-71.5672149,-16.4456689],[-71.5672152,-16.44569],[-71.567237,-16.4456897],[-71.5672372,-16.4457107],[-71.5672375,-16.4457318],[-71.5672378,-16.4457528],[-71.5672381,-16.4457738],[-71.5672384,-16.4457949],[-71.5672386,-16.4458159],[-71.5672604,-16.4458156],[-71.5672607,-16.4458366],[-71.567261,-16.4458577],[-71.5672612,-16.4458787],[-71.5672615,-16.4458997],[-71.5672618,-16.4459208],[-71.5672621,-16.4459418],[-71.5672624,-16.4459628],[-71.5672844,-16.4459836],[-71.5675035,-16.4477266],[-71.5675038,-16.4477476],[-71.567504,-16.4477687],[-71.5675043,-16.4477897],[-71.5675046,-16.4478107],[-71.5675049,-16.4478317],[-71.5675051,-16.4478528],[-71.5675269,-16.4478525],[-71.5675272,-16.4478735],[-71.5675275,-16.4478946],[-71.5675278,-16.4479156],[-71.567528,-16.4479366],[-71.5675283,-16.4479576],[-71.5675286,-16.4479787],[-71.5675504,-16.4479784],[-71.5675507,-16.4479994],[-71.5675509,-16.4480205],[-71.5675512,-16.4480415],[-71.5675515,-16.4480625],[-71.5675736,-16.4480833],[-71.5675738,-16.4481043],[-71.5675741,-16.4481253],[-71.5675744,-16.4481464],[-71.5675747,-16.4481674],[-71.5675967,-16.4481882],[-71.567597,-16.4482092],[-71.5675973,-16.4482302],[-71.5675976,-16.4482513],[-71.5676196,-16.448272],[-71.5676199,-16.448293],[-71.5676202,-16.4483141],[-71.5676423,-16.4483348],[-71.5676425,-16.4483559],[-71.5676428,-16.4483769],[-71.5676649,-16.4483977],[-71.5676652,-16.4484187],[-71.5676654,-16.4484397],[-71.5676875,-16.4484605],[-71.5676878,-16.4484815],[-71.567688,-16.4485025],[-71.5677101,-16.4485233],[-71.5677104,-16.4485443],[-71.5677107,-16.4485654],[-71.5677325,-16.4485651],[-71.5677327,-16.4485861],[-71.567733,-16.4486071],[-71.5677551,-16.4486279],[-71.5677554,-16.4486489],[-71.5677556,-16.44867],[-71.5677774,-16.4486697],[-71.5677777,-16.4486907],[-71.567778,-16.4487118],[-71.5677998,-16.4487115],[-71.5678,-16.4487325],[-71.5678003,-16.4487535],[-71.5678224,-16.4487743],[-71.5678227,-16.4487953],[-71.5678447,-16.4488161],[-71.567845,-16.4488371],[-71.5678671,-16.4488579],[-71.5678673,-16.4488789],[-71.5678891,-16.4488787],[-71.5678894,-16.4488997],[-71.5678897,-16.4489207],[-71.5679115,-16.4489204],[-71.5679118,-16.4489415],[-71.567912,-16.4489625],[-71.5679338,-16.4489622],[-71.5679341,-16.4489833],[-71.5679562,-16.449004],[-71.5679564,-16.4490251],[-71.5679782,-16.4490248],[-71.5679785,-16.4490458],[-71.5679788,-16.4490668],[-71.5680006,-16.4490666],[-71.5680009,-16.4490876],[-71.5680229,-16.4491084],[-71.5680232,-16.4491294],[-71.568045,-16.4491291],[-71.5680453,-16.4491502],[-71.5680673,-16.4491709],[-71.5680676,-16.4491919],[-71.5680894,-16.4491917],[-71.5680897,-16.4492127],[-71.5681117,-16.4492335],[-71.568112,-16.4492545],[-71.5681338,-16.4492542],[-71.5681341,-16.4492753],[-71.5681562,-16.449296],[-71.5681564,-16.4493171],[-71.5681782,-16.4493168],[-71.5681785,-16.4493378],[-71.5682003,-16.4493376],[-71.5682006,-16.4493586],[-71.5682226,-16.4493793],[-71.5682447,-16.4494001],[-71.568245,-16.4494211],[-71.5682668,-16.4494209],[-71.568267,-16.4494419],[-71.5682888,-16.4494416],[-71.5682891,-16.4494627],[-71.5683109,-16.4494624],[-71.5683112,-16.4494834],[-71.5683332,-16.4495042],[-71.5683553,-16.4495249],[-71.5683774,-16.4495457],[-71.5683777,-16.4495667],[-71.5683994,-16.4495665],[-71.5684215,-16.4495872],[-71.5684218,-16.4496083],[-71.5684436,-16.449608],[-71.5684439,-16.449629],[-71.5684656,-16.4496288],[-71.5684659,-16.4496498],[-71.5684877,-16.4496495],[-71.568488,-16.4496705],[-71.5685098,-16.4496703],[-71.5698335,-16.450895],[-71.5698338,-16.450916],[-71.5698556,-16.4509157],[-71.5698774,-16.4509154],[-71.5698777,-16.4509365],[-71.5698995,-16.4509362],[-71.5698997,-16.4509572],[-71.5699215,-16.450957],[-71.5699218,-16.450978],[-71.5699436,-16.4509777],[-71.5699439,-16.4509988],[-71.5699657,-16.4509985],[-71.5699877,-16.4510193],[-71.5700098,-16.45104],[-71.5700319,-16.4510608],[-71.5700537,-16.4510605],[-71.5700539,-16.4510815],[-71.5700757,-16.4510813],[-71.570076,-16.4511023],[-71.5700978,-16.451102],[-71.5700981,-16.4511231],[-71.5701199,-16.4511228],[-71.5701201,-16.4511438],[-71.5701419,-16.4511436],[-71.5701422,-16.4511646],[-71.570164,-16.4511643],[-71.5701643,-16.4511854],[-71.5701861,-16.4511851],[-71.5701863,-16.4512061],[-71.5702081,-16.4512058],[-71.5702084,-16.4512269],[-71.5702302,-16.4512266],[-71.5702305,-16.4512476],[-71.5702525,-16.4512684],[-71.5702746,-16.4512892],[-71.5702749,-16.4513102],[-71.5702967,-16.4513099],[-71.5702969,-16.4513309],[-71.5703187,-16.4513307],[-71.570319,-16.4513517],[-71.5703408,-16.4513514],[-71.5703411,-16.4513725],[-71.5703631,-16.4513932],[-71.5703852,-16.451414],[-71.5703855,-16.451435],[-71.5704073,-16.4514348],[-71.5704076,-16.4514558],[-71.5704293,-16.4514555],[-71.5704296,-16.4514765],[-71.5704299,-16.4514976],[-71.5704517,-16.4514973],[-71.570452,-16.4515183],[-71.5704738,-16.4515181],[-71.570474,-16.4515391],[-71.5704961,-16.4515599],[-71.5704964,-16.4515809],[-71.5705182,-16.4515806],[-71.5705185,-16.4516017],[-71.5705405,-16.4516224],[-71.5705408,-16.4516434],[-71.5705626,-16.4516432],[-71.5705629,-16.4516642],[-71.5705631,-16.4516852],[-71.5705849,-16.451685],[-71.5732111,-16.4558171],[-71.5732329,-16.4558169],[-71.5732332,-16.4558379],[-71.573255,-16.4558376],[-71.5732552,-16.4558587],[-71.573277,-16.4558584],[-71.5732773,-16.4558794],[-71.5732991,-16.4558791],[-71.5732994,-16.4559002],[-71.5732997,-16.4559212],[-71.5733215,-16.4559209],[-71.5733217,-16.455942],[-71.5733435,-16.4559417],[-71.5733438,-16.4559627],[-71.5733659,-16.4559835],[-71.5733661,-16.4560045],[-71.5733879,-16.4560042],[-71.5733882,-16.4560253],[-71.5733885,-16.4560463],[-71.5734103,-16.456046],[-71.5734106,-16.4560671],[-71.5734324,-16.4560668],[-71.5734326,-16.4560878],[-71.5734329,-16.4561089],[-71.5734547,-16.4561086],[-71.573455,-16.4561296],[-71.5734553,-16.4561506],[-71.573477,-16.4561504],[-71.5734773,-16.4561714],[-71.5734776,-16.4561924],[-71.5734994,-16.4561922],[-71.5734997,-16.4562132],[-71.5734999,-16.4562342],[-71.5735217,-16.456234],[-71.573522,-16.456255],[-71.5735223,-16.456276],[-71.5735226,-16.456297],[-71.5735444,-16.4562968],[-71.5735446,-16.4563178],[-71.5735449,-16.4563388],[-71.573567,-16.4563596],[-71.5735673,-16.4563806],[-71.5735675,-16.4564017],[-71.5740206,-16.4577001],[-71.5740208,-16.4577211],[-71.5740211,-16.4577422],[-71.5740214,-16.4577632],[-71.5740217,-16.4577842],[-71.5740435,-16.4577839],[-71.5740437,-16.457805],[-71.574044,-16.457826],[-71.5740443,-16.457847],[-71.5740664,-16.4578678],[-71.5740666,-16.4578888],[-71.5740669,-16.4579098],[-71.5740887,-16.4579096],[-71.574089,-16.4579306],[-71.5740893,-16.4579516],[-71.5741111,-16.4579514],[-71.5741113,-16.4579724],[-71.5741116,-16.4579934],[-71.5741334,-16.4579932],[-71.5741337,-16.4580142],[-71.574134,-16.4580352],[-71.5741557,-16.4580349],[-71.574156,-16.458056],[-71.5741563,-16.458077],[-71.5741781,-16.4580767],[-71.5741784,-16.4580978],[-71.5742002,-16.4580975],[-71.5742004,-16.4581185],[-71.5742222,-16.4581183],[-71.5742225,-16.4581393],[-71.5742446,-16.4581601],[-71.5742666,-16.4581808],[-71.5742669,-16.4582018],[-71.5742887,-16.4582016],[-71.574289,-16.4582226],[-71.5743108,-16.4582223],[-71.5743329,-16.4582431],[-71.5743546,-16.4582428],[-71.5743549,-16.4582639],[-71.5743767,-16.4582636],[-71.574377,-16.4582846],[-71.5743988,-16.4582843],[-71.5743991,-16.4583054],[-71.5744208,-16.4583051],[-71.5744426,-16.4583048],[-71.5744429,-16.4583259],[-71.5744647,-16.4583256],[-71.5744865,-16.4583253],[-71.5744868,-16.4583464],[-71.5745086,-16.4583461],[-71.5745306,-16.4583669],[-71.5745524,-16.4583666],[-71.5745527,-16.4583876],[-71.5745745,-16.4583874],[-71.5745963,-16.4583871],[-71.5745966,-16.4584081],[-71.5746184,-16.4584078],[-71.5746401,-16.4584076],[-71.5746404,-16.4584286],[-71.5746622,-16.4584283],[-71.574684,-16.4584281],[-71.5746843,-16.4584491],[-71.5747061,-16.4584488],[-71.5747064,-16.4584699],[-71.5747281,-16.4584696],[-71.5747499,-16.4584693],[-71.5747502,-16.4584904],[-71.574772,-16.4584901],[-71.5747723,-16.4585111],[-71.5747941,-16.4585108],[-71.5748161,-16.4585316],[-71.5748379,-16.4585313],[-71.5748382,-16.4585524],[-71.57486,-16.4585521],[-71.5748603,-16.4585731],[-71.5748821,-16.4585729],[-71.5748823,-16.4585939],[-71.5749041,-16.4585936],[-71.5749044,-16.4586147],[-71.5749262,-16.4586144],[-71.5749483,-16.4586351],[-71.5749701,-16.4586349],[-71.5749703,-16.4586559],[-71.5749921,-16.4586556],[-71.5749924,-16.4586767],[-71.5750142,-16.4586764],[-71.5750145,-16.4586974],[-71.5750363,-16.4586972],[-71.5750365,-16.4587182],[-71.5750586,-16.4587389],[-71.5757433,-16.4594246],[-71.5757654,-16.4594454],[-71.5757874,-16.4594661],[-71.5758095,-16.4594869],[-71.5758313,-16.4594866],[-71.5758316,-16.4595076],[-71.5758534,-16.4595074],[-71.5758537,-16.4595284],[-71.5758754,-16.4595281],[-71.5758975,-16.4595489],[-71.5759193,-16.4595486],[-71.5759196,-16.4595697],[-71.5759414,-16.4595694],[-71.5759632,-16.4595691],[-71.5759634,-16.4595901],[-71.5759852,-16.4595899],[-71.576007,-16.4595896],[-71.5760073,-16.4596106],[-71.5760291,-16.4596104],[-71.5760509,-16.4596101],[-71.5760512,-16.4596311],[-71.576073,-16.4596309],[-71.5760947,-16.4596306],[-71.5761165,-16.4596303],[-71.5761168,-16.4596514],[-71.5761386,-16.4596511],[-71.5761604,-16.4596508],[-71.5761822,-16.4596506],[-71.5762043,-16.4596713],[-71.576226,-16.459671],[-71.5762478,-16.4596708],[-71.5762696,-16.4596705],[-71.5762914,-16.4596702],[-71.5763132,-16.45967],[-71.576335,-16.4596697],[-71.5763571,-16.4596905],[-71.5763789,-16.4596902],[-71.5764007,-16.4596899],[-71.5764224,-16.4596897],[-71.5764442,-16.4596894],[-71.576466,-16.4596891],[-71.5764657,-16.4596681],[-71.5764875,-16.4596678],[-71.5765093,-16.4596676],[-71.5765311,-16.4596673],[-71.5765529,-16.459667],[-71.5765747,-16.4596668],[-71.5765965,-16.4596665],[-71.5766183,-16.4596662],[-71.576618,-16.4596452],[-71.5766398,-16.4596449],[-71.5766616,-16.4596447],[-71.5766834,-16.4596444],[-71.5767049,-16.4596231],[-71.5767267,-16.4596228],[-71.5767485,-16.4596226],[-71.5767482,-16.4596015],[-71.57677,-16.4596013],[-71.5767918,-16.459601],[-71.5768133,-16.4595797],[-71.5768351,-16.4595794],[-71.5768566,-16.4595581],[-71.5768784,-16.4595579],[-71.5768781,-16.4595368],[-71.5768999,-16.4595366],[-71.5769214,-16.4595153],[-71.5769432,-16.459515],[-71.5769429,-16.459494],[-71.5769647,-16.4594937],[-71.5769862,-16.4594724],[-71.577008,-16.4594721],[-71.5770077,-16.4594511],[-71.5770295,-16.4594508],[-71.5770293,-16.4594298],[-71.5770511,-16.4594295],[-71.5770508,-16.4594085],[-71.5770726,-16.4594082],[-71.5770723,-16.4593872],[-71.5770941,-16.4593869],[-71.5770938,-16.4593659],[-71.5771156,-16.4593656],[-71.5771374,-16.4593654],[-71.5771371,-16.4593443],[-71.5771589,-16.4593441],[-71.5771586,-16.4593231],[-71.5771804,-16.4593228],[-71.5772022,-16.4593225],[-71.5772019,-16.4593015],[-71.5772237,-16.4593012],[-71.5772455,-16.459301],[-71.5772452,-16.4592799],[-71.577267,-16.4592797],[-71.5772888,-16.4592794],[-71.5772885,-16.4592584],[-71.5773103,-16.4592581],[-71.5773321,-16.4592578],[-71.5773318,-16.4592368],[-71.5773536,-16.4592365],[-71.5773754,-16.4592363],[-71.5773972,-16.459236],[-71.5773969,-16.459215],[-71.5774187,-16.4592147],[-71.5774405,-16.4592144],[-71.5774623,-16.4592142],[-71.5787444,-16.458925],[-71.5787662,-16.4589247],[-71.5787879,-16.4589244],[-71.5788097,-16.4589241],[-71.5788315,-16.4589239],[-71.5788312,-16.4589028],[-71.578853,-16.4589026],[-71.5788748,-16.4589023],[-71.5788966,-16.458902],[-71.5789184,-16.4589018]]}},{"type":"Feature","properties":{"nivel":"Ferrocarril","ancho":0.72,"color":["#000000"]},"geometry":{"type":"LineString","coordinates":[[-71.5789184,-16.4589018],[-71.5789402,-16.4589015],[-71.578962,-16.4589012],[-71.5789838,-16.458901],[-71.5790056,-16.4589007],[-71.5790274,-16.4589004],[-71.5790492,-16.4589002],[-71.579071,-16.4588999],[-71.5790927,-16.4588996],[-71.5791145,-16.4588994],[-71.5791363,-16.4588991],[-71.5791581,-16.4588988],[-71.5791799,-16.4588986],[-71.5792017,-16.4588983],[-71.5792235,-16.458898],[-71.5792238,-16.458919],[-71.5792456,-16.4589188],[-71.5792673,-16.4589185],[-71.5792891,-16.4589182],[-71.5793109,-16.458918],[-71.5793327,-16.4589177],[-71.5793545,-16.4589174],[-71.5793763,-16.4589172],[-71.5793766,-16.4589382],[-71.5793984,-16.4589379],[-71.5794202,-16.4589377],[-71.579442,-16.4589374],[-71.5794637,-16.4589371],[-71.5794858,-16.4589579],[-71.5795076,-16.4589576],[-71.5795294,-16.4589573],[-71.5795512,-16.4589571],[-71.5795515,-16.4589781],[-71.5795733,-16.4589778],[-71.579595,-16.4589776],[-71.5796168,-16.4589773],[-71.5796171,-16.4589983],[-71.5796389,-16.4589981],[-71.5796607,-16.4589978],[-71.5796825,-16.4589975],[-71.5796828,-16.4590186],[-71.5797046,-16.4590183],[-71.5797263,-16.459018],[-71.5797484,-16.4590388],[-71.5797702,-16.4590385],[-71.579792,-16.4590382],[-71.5797923,-16.4590593],[-71.5798141,-16.459059],[-71.5798359,-16.4590587],[-71.5798361,-16.4590798],[-71.5798579,-16.4590795],[-71.5798797,-16.4590792],[-71.57988,-16.4591003],[-71.5799018,-16.4591],[-71.5799236,-16.4590997],[-71.5799239,-16.4591207],[-71.5799457,-16.4591205],[-71.5799677,-16.4591412],[-71.5799895,-16.459141],[-71.5799898,-16.459162],[-71.5800116,-16.4591617],[-71.5800336,-16.4591825],[-71.5800554,-16.4591822],[-71.5800557,-16.4592033],[-71.5800775,-16.459203],[-71.5800993,-16.4592027],[-71.5800996,-16.4592237],[-71.5801214,-16.4592235],[-71.5801216,-16.4592445],[-71.5801434,-16.4592442],[-71.5801652,-16.459244],[-71.5801655,-16.459265],[-71.5801873,-16.4592647],[-71.5801876,-16.4592858],[-71.5802094,-16.4592855],[-71.5802096,-16.4593065],[-71.5802314,-16.4593062],[-71.5802317,-16.4593273],[-71.5802535,-16.459327],[-71.5802538,-16.459348],[-71.5802756,-16.4593478],[-71.5802759,-16.4593688],[-71.5802976,-16.4593685],[-71.5803197,-16.4593893],[-71.5803418,-16.45941],[-71.5803639,-16.4594308],[-71.5803859,-16.4594516],[-71.5818662,-16.4609687],[-71.581888,-16.4609684],[-71.5818883,-16.4609894],[-71.5819101,-16.4609892],[-71.5819104,-16.4610102],[-71.5819325,-16.461031],[-71.5819545,-16.4610517],[-71.5819763,-16.4610514],[-71.5819766,-16.4610725],[-71.5819984,-16.4610722],[-71.5819987,-16.4610932],[-71.5820205,-16.461093],[-71.5820207,-16.461114],[-71.5820425,-16.4611137],[-71.5820428,-16.4611348],[-71.5820646,-16.4611345],[-71.5820867,-16.4611552],[-71.5821087,-16.461176],[-71.5821308,-16.4611968],[-71.5821529,-16.4612175],[-71.5821747,-16.4612173],[-71.5821749,-16.4612383],[-71.5821967,-16.461238],[-71.5822188,-16.4612588],[-71.5822409,-16.4612795],[-71.5822627,-16.4612793],[-71.5822847,-16.4613],[-71.5823068,-16.4613208],[-71.5823286,-16.4613205],[-71.5823507,-16.4613413],[-71.5823725,-16.461341],[-71.5823727,-16.461362],[-71.5823945,-16.4613618],[-71.5824163,-16.4613615],[-71.5824166,-16.4613825],[-71.5824384,-16.4613823],[-71.5824602,-16.461382],[-71.5824605,-16.461403],[-71.5824823,-16.4614028],[-71.582504,-16.4614025],[-71.5825043,-16.4614235],[-71.5825261,-16.4614232],[-71.5825479,-16.461423],[-71.58257,-16.4614437],[-71.5825918,-16.4614435],[-71.5826136,-16.4614432],[-71.5826138,-16.4614642],[-71.5826356,-16.461464],[-71.5826574,-16.4614637],[-71.5826792,-16.4614634],[-71.5826795,-16.4614845],[-71.5827013,-16.4614842],[-71.5827231,-16.4614839],[-71.5827449,-16.4614836],[-71.5827669,-16.4615044],[-71.5827887,-16.4615041],[-71.5828105,-16.4615039],[-71.5828323,-16.4615036],[-71.5828544,-16.4615244],[-71.5828762,-16.4615241],[-71.582898,-16.4615238],[-71.5829197,-16.4615236],[-71.5829415,-16.4615233],[-71.5829636,-16.461544],[-71.5829854,-16.4615438],[-71.5830072,-16.4615435],[-71.583029,-16.4615432],[-71.5830508,-16.461543],[-71.5830726,-16.4615427],[-71.5830944,-16.4615424],[-71.5831161,-16.4615422],[-71.5831379,-16.4615419],[-71.5831597,-16.4615416],[-71.5831815,-16.4615414],[-71.5832033,-16.4615411],[-71.5832036,-16.4615621],[-71.5832254,-16.4615618],[-71.5832469,-16.4615405],[-71.5832687,-16.4615403],[-71.5832905,-16.46154],[-71.5833123,-16.4615397],[-71.5833341,-16.4615395],[-71.5833559,-16.4615392],[-71.5833776,-16.4615389],[-71.5833994,-16.4615387],[-71.5834212,-16.4615384],[-71.583443,-16.4615381],[-71.5834648,-16.4615379],[-71.5834866,-16.4615376],[-71.5835081,-16.4615163],[-71.5835299,-16.461516],[-71.5835517,-16.4615158],[-71.5835735,-16.4615155],[-71.5835953,-16.4615152],[-71.5836171,-16.4615149],[-71.5836168,-16.4614939],[-71.5836386,-16.4614937],[-71.5836604,-16.4614934],[-71.5836822,-16.4614931],[-71.5837037,-16.4614718],[-71.5837255,-16.4614715],[-71.5837473,-16.4614713],[-71.5837688,-16.46145],[-71.5837906,-16.4614497],[-71.5838124,-16.4614494],[-71.5838339,-16.4614281],[-71.5838557,-16.4614279],[-71.5838774,-16.4614276],[-71.583899,-16.4614063],[-71.5839208,-16.461406],[-71.5839423,-16.4613847],[-71.5839641,-16.4613845],[-71.5839856,-16.4613632],[-71.5840074,-16.4613629],[-71.5840289,-16.4613416],[-71.5840507,-16.4613413],[-71.5840722,-16.46132],[-71.584094,-16.4613198],[-71.5841155,-16.4612985],[-71.5841373,-16.4612982],[-71.584137,-16.4612772],[-71.5841588,-16.4612769],[-71.5841806,-16.4612766],[-71.5841803,-16.4612556],[-71.5842021,-16.4612553],[-71.5842018,-16.4612343],[-71.5842236,-16.461234],[-71.5842451,-16.4612127],[-71.5842669,-16.4612125],[-71.5842884,-16.4611912],[-71.5843099,-16.4611699],[-71.5843314,-16.4611486],[-71.5843532,-16.4611483],[-71.584353,-16.4611273],[-71.5843747,-16.461127],[-71.5843745,-16.461106],[-71.5843963,-16.4611057],[-71.584396,-16.4610847],[-71.5844178,-16.4610844],[-71.5844393,-16.4610631],[-71.5844608,-16.4610418],[-71.5844605,-16.4610208],[-71.5844823,-16.4610205],[-71.584482,-16.4609995],[-71.5845038,-16.4609992],[-71.5845035,-16.4609782],[-71.5845253,-16.4609779],[-71.5845251,-16.4609569],[-71.5845468,-16.4609566],[-71.5845466,-16.4609356],[-71.5845684,-16.4609353],[-71.5845681,-16.4609143],[-71.5845896,-16.460893],[-71.5846111,-16.4608717],[-71.5846108,-16.4608507],[-71.5846326,-16.4608504],[-71.5846541,-16.4608291],[-71.5846538,-16.4608081],[-71.5846756,-16.4608078],[-71.5846754,-16.4607868],[-71.5846972,-16.4607865],[-71.5846969,-16.4607655],[-71.5847187,-16.4607652],[-71.5847184,-16.4607442],[-71.5847402,-16.4607439],[-71.5847399,-16.4607229],[-71.5847617,-16.4607226],[-71.5847614,-16.4607016],[-71.5847832,-16.4607013],[-71.5847829,-16.4606803],[-71.5848047,-16.46068],[-71.5848044,-16.460659],[-71.5848262,-16.4606587],[-71.5848259,-16.4606377],[-71.5848477,-16.4606374],[-71.5848475,-16.4606164],[-71.5848693,-16.4606161],[-71.584869,-16.4605951],[-71.5848908,-16.4605948],[-71.5848905,-16.4605738],[-71.5849123,-16.4605735],[-71.584912,-16.4605525],[-71.5849338,-16.4605523],[-71.5849335,-16.4605312],[-71.5849553,-16.460531],[-71.584955,-16.4605099],[-71.5849768,-16.4605097],[-71.5849765,-16.4604886],[-71.5849983,-16.4604884],[-71.584998,-16.4604673],[-71.5850198,-16.4604671],[-71.5850413,-16.4604458],[-71.5850629,-16.4604245],[-71.5850844,-16.4604032],[-71.5851059,-16.4603819],[-71.5851277,-16.4603816],[-71.5851274,-16.4603606],[-71.5851492,-16.4603603],[-71.5851489,-16.4603393],[-71.5851707,-16.460339],[-71.5851704,-16.460318],[-71.5851922,-16.4603177],[-71.5851919,-16.4602967],[-71.5852137,-16.4602964],[-71.5852134,-16.4602754],[-71.5852352,-16.4602751],[-71.5852568,-16.4602538],[-71.5852785,-16.4602535],[-71.5852783,-16.4602325],[-71.5853001,-16.4602322],[-71.5852998,-16.4602112],[-71.5853216,-16.4602109],[-71.5853213,-16.4601899],[-71.5853431,-16.4601897],[-71.5853428,-16.4601686],[-71.5853646,-16.4601684],[-71.5853643,-16.4601473],[-71.5853861,-16.4601471],[-71.5854079,-16.4601468],[-71.5854076,-16.4601258],[-71.5854294,-16.4601255],[-71.5854291,-16.4601045],[-71.5854509,-16.4601042],[-71.5854724,-16.4600829],[-71.5854942,-16.4600826],[-71.5854939,-16.4600616],[-71.5855157,-16.4600613],[-71.5855372,-16.46004],[-71.585559,-16.4600398],[-71.5855805,-16.4600185],[-71.5856023,-16.4600182],[-71.5856021,-16.4599972],[-71.5856239,-16.4599969],[-71.5856456,-16.4599966],[-71.5856454,-16.4599756],[-71.5856672,-16.4599753],[-71.5856889,-16.4599751],[-71.5857105,-16.4599538],[-71.5857323,-16.4599535],[-71.585754,-16.4599532],[-71.5857538,-16.4599322],[-71.5857756,-16.4599319],[-71.5857973,-16.4599317],[-71.5858191,-16.4599314],[-71.5858189,-16.4599104],[-71.5858406,-16.4599101],[-71.5858624,-16.4599098],[-71.5858842,-16.4599096],[-71.585906,-16.4599093],[-71.5859057,-16.4598883],[-71.5859275,-16.459888],[-71.5859493,-16.4598877],[-71.5859711,-16.4598874],[-71.5859929,-16.4598872],[-71.5860147,-16.4598869],[-71.5860365,-16.4598866],[-71.5860362,-16.4598656],[-71.586058,-16.4598653],[-71.5860798,-16.4598651],[-71.5861016,-16.4598648],[-71.5861234,-16.4598645],[-71.5861452,-16.4598643],[-71.586167,-16.459864],[-71.5861887,-16.4598637],[-71.5862105,-16.4598635],[-71.5862323,-16.4598632],[-71.5862541,-16.4598629],[-71.5862759,-16.4598627],[-71.5862977,-16.4598624],[-71.5863195,-16.4598621],[-71.5863416,-16.4598829],[-71.5863634,-16.4598826],[-71.5863851,-16.4598823],[-71.5864069,-16.4598821],[-71.5864287,-16.4598818],[-71.5864505,-16.4598815],[-71.5864723,-16.4598813],[-71.5864726,-16.4599023],[-71.5864944,-16.459902],[-71.5865162,-16.4599017],[-71.586538,-16.4599015],[-71.58656,-16.4599222],[-71.5865818,-16.459922],[-71.5866036,-16.4599217],[-71.5866254,-16.4599214],[-71.5866257,-16.4599425],[-71.5866475,-16.4599422],[-71.5866693,-16.4599419],[-71.5866695,-16.4599629],[-71.5866913,-16.4599627],[-71.5867131,-16.4599624],[-71.5867352,-16.4599832],[-71.586757,-16.4599829],[-71.5867788,-16.4599826],[-71.5867791,-16.4600037],[-71.5868008,-16.4600034],[-71.5868226,-16.4600031],[-71.5868444,-16.4600029],[-71.5868447,-16.4600239],[-71.5868665,-16.4600236],[-71.5868883,-16.4600233],[-71.5869101,-16.4600231],[-71.5869319,-16.4600228],[-71.5869322,-16.4600438],[-71.5869539,-16.4600436],[-71.5869757,-16.4600433],[-71.5869975,-16.460043],[-71.5870193,-16.4600428],[-71.5870411,-16.4600425],[-71.5870629,-16.4600422],[-71.5870847,-16.460042],[-71.5871065,-16.4600417],[-71.5871283,-16.4600414],[-71.5871501,-16.4600411],[-71.5871719,-16.4600409],[-71.5871936,-16.4600406],[-71.5872154,-16.4600403],[-71.5872372,-16.4600401],[-71.587259,-16.4600398],[-71.5872587,-16.4600188],[-71.5872805,-16.4600185],[-71.5873023,-16.4600182],[-71.5873241,-16.460018],[-71.5873459,-16.4600177],[-71.5873456,-16.4599967],[-71.5873674,-16.4599964],[-71.5887785,-16.4595793],[-71.5888003,-16.4595791],[-71.5888,-16.459558],[-71.5888218,-16.4595578],[-71.5888436,-16.4595575],[-71.5888654,-16.4595572],[-71.5888651,-16.4595362],[-71.5888869,-16.4595359],[-71.5889087,-16.4595357],[-71.5889084,-16.4595146],[-71.5889302,-16.4595144],[-71.5889299,-16.4594933],[-71.5889517,-16.4594931],[-71.5889732,-16.4594718],[-71.588995,-16.4594715],[-71.5889948,-16.4594505],[-71.5890165,-16.4594502],[-71.5890163,-16.4594292],[-71.5890381,-16.4594289],[-71.5890378,-16.4594079],[-71.5890375,-16.4593869],[-71.5890593,-16.4593866],[-71.589059,-16.4593656],[-71.5890808,-16.4593653],[-71.5890805,-16.4593443],[-71.5890802,-16.4593232],[-71.589102,-16.459323],[-71.5891018,-16.4593019],[-71.5891233,-16.4592806],[-71.589123,-16.4592596],[-71.5891448,-16.4592593],[-71.5891445,-16.4592383],[-71.5891442,-16.4592173],[-71.589166,-16.459217],[-71.5891657,-16.459196],[-71.5891655,-16.4591749],[-71.5891872,-16.4591747],[-71.589187,-16.4591537],[-71.5892088,-16.4591534],[-71.5892085,-16.4591324],[-71.5892303,-16.4591321],[-71.58923,-16.4591111],[-71.5892297,-16.45909],[-71.5892515,-16.4590898],[-71.5892512,-16.4590687],[-71.589273,-16.4590685],[-71.5892727,-16.4590474],[-71.5892945,-16.4590472],[-71.5892942,-16.4590261],[-71.589316,-16.4590259],[-71.5893158,-16.4590048],[-71.5893375,-16.4590046],[-71.5893373,-16.4589835],[-71.5893591,-16.4589833],[-71.5893588,-16.4589622],[-71.5893806,-16.458962],[-71.5893803,-16.4589409],[-71.5894021,-16.4589407],[-71.5894018,-16.4589196],[-71.5894236,-16.4589194],[-71.5894233,-16.4588983],[-71.5894451,-16.4588981],[-71.5894669,-16.4588978],[-71.5894666,-16.4588768],[-71.5894884,-16.4588765],[-71.5894881,-16.4588555],[-71.5895099,-16.4588552],[-71.5895314,-16.4588339],[-71.5895532,-16.4588336],[-71.5895529,-16.4588126],[-71.5895747,-16.4588123],[-71.5895965,-16.4588121],[-71.5895962,-16.458791],[-71.589618,-16.4587908],[-71.5896398,-16.4587905],[-71.5896395,-16.4587695],[-71.5896613,-16.4587692],[-71.5896831,-16.4587689],[-71.5896828,-16.4587479],[-71.5897046,-16.4587476],[-71.5897264,-16.4587474],[-71.5897262,-16.4587263],[-71.5897479,-16.4587261],[-71.5897697,-16.4587258],[-71.5897915,-16.4587255],[-71.5897912,-16.4587045],[-71.589813,-16.4587042],[-71.5898348,-16.458704],[-71.5898566,-16.4587037],[-71.5898781,-16.4586824],[-71.5898999,-16.4586821],[-71.5899217,-16.4586819],[-71.5899435,-16.4586816],[-71.5899653,-16.4586813],[-71.589965,-16.4586603],[-71.5917482,-16.4583648],[-71.5917697,-16.4583435],[-71.5917915,-16.4583432],[-71.5918133,-16.458343],[-71.5918351,-16.4583427],[-71.5918569,-16.4583424],[-71.5918566,-16.4583214],[-71.5918784,-16.4583211],[-71.5919002,-16.4583209],[-71.591922,-16.4583206],[-71.5919438,-16.4583203],[-71.5919656,-16.4583201],[-71.5919874,-16.4583198],[-71.5920092,-16.4583195],[-71.5920089,-16.4582985],[-71.5920307,-16.4582982],[-71.5920525,-16.458298],[-71.5920742,-16.4582977],[-71.592096,-16.4582974],[-71.5921178,-16.4582971],[-71.5921396,-16.4582969],[-71.5921614,-16.4582966],[-71.5921832,-16.4582963],[-71.592205,-16.4582961],[-71.5922268,-16.4582958],[-71.5922486,-16.4582955],[-71.5922704,-16.4582953],[-71.5922922,-16.458295],[-71.5923139,-16.4582947],[-71.5923357,-16.4582944],[-71.5923575,-16.4582942],[-71.5923793,-16.4582939],[-71.5924011,-16.4582936],[-71.5924014,-16.4583147],[-71.5924232,-16.4583144],[-71.5945835,-16.458519],[-71.5946053,-16.4585187],[-71.5946271,-16.4585185],[-71.5946489,-16.4585182],[-71.5946707,-16.4585179],[-71.5946925,-16.4585176],[-71.5947143,-16.4585174],[-71.5947361,-16.4585171],[-71.5947576,-16.4584958],[-71.5947794,-16.4584955],[-71.5948012,-16.4584953],[-71.594823,-16.458495],[-71.5948447,-16.4584947],[-71.5948445,-16.4584737],[-71.5948663,-16.4584734],[-71.594888,-16.4584732],[-71.5949098,-16.4584729],[-71.5949096,-16.4584519],[-71.5949313,-16.4584516],[-71.5949531,-16.4584513],[-71.5949749,-16.458451],[-71.5949746,-16.45843],[-71.5949964,-16.4584298],[-71.595018,-16.4584085],[-71.5950397,-16.4584082],[-71.5950395,-16.4583872],[-71.5950613,-16.4583869],[-71.5950828,-16.4583656],[-71.5951046,-16.4583653],[-71.5951043,-16.4583443],[-71.5951261,-16.458344],[-71.5951258,-16.458323],[-71.5951476,-16.4583227],[-71.5951473,-16.4583017],[-71.5951691,-16.4583014],[-71.5951688,-16.4582804],[-71.5951906,-16.4582801],[-71.5951903,-16.4582591],[-71.5952121,-16.4582588],[-71.5952118,-16.4582378],[-71.5952336,-16.4582375],[-71.5952333,-16.4582165],[-71.5952331,-16.4581955],[-71.5952549,-16.4581952],[-71.5952546,-16.4581742],[-71.5952764,-16.4581739],[-71.5952761,-16.4581529],[-71.5952758,-16.4581318],[-71.5952976,-16.4581316],[-71.5952973,-16.4581105],[-71.595297,-16.4580895],[-71.5953188,-16.4580892],[-71.5953185,-16.4580682],[-71.5953403,-16.4580679],[-71.5953401,-16.4580469],[-71.5953398,-16.4580259],[-71.5953616,-16.4580256],[-71.5953613,-16.4580046],[-71.5953831,-16.4580043],[-71.5953828,-16.4579833],[-71.5954046,-16.457983],[-71.5954043,-16.457962],[-71.5954261,-16.4579617],[-71.5954258,-16.4579407],[-71.5954476,-16.4579404],[-71.5954473,-16.4579194],[-71.5954691,-16.4579191],[-71.5954688,-16.4578981],[-71.5954906,-16.4578978],[-71.5954903,-16.4578768],[-71.5955121,-16.4578765],[-71.5955339,-16.4578763],[-71.5955337,-16.4578552],[-71.5955554,-16.457855],[-71.5955552,-16.4578339],[-71.595577,-16.4578337],[-71.5955985,-16.4578124],[-71.5956203,-16.4578121],[-71.59562,-16.4577911],[-71.5956418,-16.4577908],[-71.5956636,-16.4577905],[-71.5956633,-16.4577695],[-71.5956851,-16.4577692],[-71.5957069,-16.457769],[-71.5957286,-16.4577687],[-71.5957284,-16.4577477],[-71.5957502,-16.4577474],[-71.5957719,-16.4577471],[-71.5957935,-16.4577258],[-71.5958152,-16.4577255],[-71.595837,-16.4577253],[-71.5958588,-16.457725],[-71.5958806,-16.4577247],[-71.5958803,-16.4577037],[-71.5959021,-16.4577034],[-71.5959239,-16.4577032],[-71.5959457,-16.4577029],[-71.5959675,-16.4577026],[-71.5959893,-16.4577024],[-71.5960111,-16.4577021],[-71.5960329,-16.4577018],[-71.5960326,-16.4576808],[-71.5960544,-16.4576805],[-71.5960762,-16.4576802],[-71.596098,-16.45768],[-71.5961198,-16.4576797],[-71.5961195,-16.4576587],[-71.5961413,-16.4576584],[-71.5961631,-16.4576581],[-71.5961848,-16.4576579],[-71.5962064,-16.4576366],[-71.5962282,-16.4576363],[-71.5962499,-16.457636],[-71.5962497,-16.457615],[-71.5962715,-16.4576147],[-71.5962932,-16.4576145],[-71.596293,-16.4575934],[-71.5963148,-16.4575932],[-71.5963365,-16.4575929],[-71.5963581,-16.4575716],[-71.5963798,-16.4575713],[-71.5963796,-16.4575503],[-71.5964014,-16.45755],[-71.5964231,-16.4575498],[-71.5964229,-16.4575287],[-71.5964447,-16.4575285],[-71.5964444,-16.4575074],[-71.5964662,-16.4575072],[-71.596488,-16.4575069],[-71.5964877,-16.4574859],[-71.5965095,-16.4574856],[-71.5965092,-16.4574646],[-71.596531,-16.4574643],[-71.5965307,-16.4574433],[-71.5965525,-16.457443],[-71.596574,-16.4574217],[-71.5965958,-16.4574214],[-71.5965955,-16.4574004],[-71.5966173,-16.4574001],[-71.596617,-16.4573791],[-71.5966388,-16.4573788],[-71.5966385,-16.4573578],[-71.59666,-16.4573365],[-71.5966598,-16.4573155],[-71.5966816,-16.4573152],[-71.5967031,-16.4572939],[-71.5967028,-16.4572729],[-71.5967246,-16.4572726],[-71.5967461,-16.4572513],[-71.5967676,-16.45723],[-71.5967891,-16.4572087],[-71.5968109,-16.4572084],[-71.5968106,-16.4571874],[-71.5968324,-16.4571871],[-71.5968321,-16.4571661],[-71.5968539,-16.4571658],[-71.5968536,-16.4571448],[-71.5968754,-16.4571445],[-71.5968972,-16.4571443],[-71.5968969,-16.4571232],[-71.5969187,-16.457123],[-71.5969184,-16.4571019],[-71.5969402,-16.4571017],[-71.596962,-16.4571014],[-71.5969618,-16.4570804],[-71.5969835,-16.4570801],[-71.5970053,-16.4570798],[-71.5970051,-16.4570588],[-71.5970268,-16.4570585],[-71.5970486,-16.4570583],[-71.5970484,-16.4570372],[-71.5970701,-16.457037],[-71.5970919,-16.4570367],[-71.5970917,-16.4570157],[-71.5971134,-16.4570154],[-71.5971352,-16.4570151],[-71.597157,-16.4570149],[-71.5971567,-16.4569938],[-71.5971785,-16.4569936],[-71.5972003,-16.4569933],[-71.5972221,-16.456993],[-71.5972218,-16.456972],[-71.5972436,-16.4569717],[-71.5972654,-16.4569714],[-71.5972872,-16.4569712],[-71.597309,-16.4569709],[-71.5973087,-16.4569499],[-71.5973305,-16.4569496],[-71.5973523,-16.4569493],[-71.5973741,-16.4569491],[-71.5973959,-16.4569488],[-71.5974177,-16.4569485],[-71.5974395,-16.4569483],[-71.5974613,-16.456948],[-71.597483,-16.4569477],[-71.5975048,-16.4569474],[-71.5975046,-16.4569264],[-71.5975263,-16.4569261],[-71.5975481,-16.4569259],[-71.5975699,-16.4569256],[-71.5975917,-16.4569253],[-71.597592,-16.4569464],[-71.5976138,-16.4569461],[-71.5976356,-16.4569458],[-71.5976574,-16.4569456],[-71.5976792,-16.4569453],[-71.5977009,-16.456945],[-71.5977227,-16.4569447],[-71.5977445,-16.4569445],[-71.5977663,-16.4569442],[-71.5977666,-16.4569652],[-71.5977884,-16.456965],[-71.5978102,-16.4569647],[-71.597832,-16.4569644],[-71.5978538,-16.4569642],[-71.5978756,-16.4569639],[-71.5978973,-16.4569636],[-71.5978976,-16.4569846],[-71.5979194,-16.4569844],[-71.5979412,-16.4569841],[-71.597963,-16.4569838],[-71.5979848,-16.4569836],[-71.5980066,-16.4569833],[-71.5980284,-16.456983],[-71.5980502,-16.4569827],[-71.5980719,-16.4569825],[-71.5980937,-16.4569822],[-71.5981155,-16.4569819],[-71.5981373,-16.4569817],[-71.5981591,-16.4569814],[-71.5981809,-16.4569811],[-71.5982027,-16.4569809],[-71.5982245,-16.4569806],[-71.5982463,-16.4569803],[-71.5982678,-16.456959],[-71.5982896,-16.4569587],[-71.5983114,-16.4569585],[-71.5983332,-16.4569582],[-71.5983549,-16.4569579],[-71.5983767,-16.4569577],[-71.5983765,-16.4569366],[-71.5983982,-16.4569364],[-71.59842,-16.4569361],[-71.5984418,-16.4569358],[-71.5984636,-16.4569356],[-71.5984633,-16.4569145],[-71.5984851,-16.4569143],[-71.5985069,-16.456914],[-71.5985287,-16.4569137],[-71.5985284,-16.4568927],[-71.5985502,-16.4568924],[-71.598572,-16.4568921],[-71.5985938,-16.4568919],[-71.5985935,-16.4568708],[-71.5986153,-16.4568706],[-71.5986371,-16.4568703],[-71.5986368,-16.4568493],[-71.5986586,-16.456849],[-71.5986804,-16.4568487],[-71.5986801,-16.4568277],[-71.5987019,-16.4568274],[-71.5987237,-16.4568272],[-71.5987234,-16.4568061],[-71.5987452,-16.4568059],[-71.598767,-16.4568056],[-71.5987885,-16.4567843],[-71.5988103,-16.456784],[-71.5988321,-16.4567838],[-71.5988318,-16.4567627],[-71.5988536,-16.4567625],[-71.5988754,-16.4567622],[-71.5988972,-16.4567619],[-71.5989187,-16.4567406],[-71.5989405,-16.4567403],[-71.5989623,-16.4567401],[-71.5989841,-16.4567398],[-71.5990059,-16.4567395],[-71.5990056,-16.4567185],[-71.5990274,-16.4567182],[-71.5990492,-16.456718],[-71.5990709,-16.4567177],[-71.5990927,-16.4567174],[-71.5991145,-16.4567172],[-71.5991363,-16.4567169],[-71.5991581,-16.4567166],[-71.5991799,-16.4567163],[-71.5992017,-16.4567161],[-71.5992235,-16.4567158],[-71.5992453,-16.4567155],[-71.5992671,-16.4567153],[-71.5992888,-16.456715],[-71.5993106,-16.4567147],[-71.5993324,-16.4567145],[-71.5993542,-16.4567142],[-71.599376,-16.4567139],[-71.5993978,-16.4567136],[-71.5994199,-16.4567344],[-71.5994417,-16.4567341],[-71.5994635,-16.4567339],[-71.5994852,-16.4567336],[-71.599507,-16.4567333],[-71.5995073,-16.4567543],[-71.5995291,-16.4567541],[-71.5995509,-16.4567538],[-71.5995727,-16.4567535],[-71.599573,-16.4567746],[-71.5995948,-16.4567743],[-71.5996165,-16.456774],[-71.5996383,-16.4567738],[-71.5996386,-16.4567948],[-71.5996604,-16.4567945],[-71.5996822,-16.4567942],[-71.5996825,-16.4568153],[-71.5997043,-16.456815],[-71.5997261,-16.4568147],[-71.5997263,-16.4568358],[-71.5997481,-16.4568355],[-71.5997699,-16.4568352],[-71.5997702,-16.4568562],[-71.599792,-16.456856],[-71.5998141,-16.4568767],[-71.5998359,-16.4568765],[-71.5998361,-16.4568975],[-71.5998579,-16.4568972],[-71.59988,-16.456918],[-71.5999018,-16.4569177],[-71.5999021,-16.4569387],[-71.5999239,-16.4569385],[-71.5999241,-16.4569595],[-71.5999459,-16.4569592],[-71.599968,-16.45698],[-71.5999901,-16.4570007],[-71.6000119,-16.4570005],[-71.6000121,-16.4570215],[-71.6000342,-16.4570423],[-71.6000563,-16.457063],[-71.6000783,-16.4570838],[-71.6000786,-16.4571048],[-71.6001004,-16.4571045],[-71.6001007,-16.4571256],[-71.6001225,-16.4571253],[-71.6001228,-16.4571463],[-71.6001448,-16.4571671],[-71.6001451,-16.4571881],[-71.6001669,-16.4571878],[-71.6001672,-16.4572089],[-71.6001893,-16.4572296],[-71.6001895,-16.4572506],[-71.6002113,-16.4572504],[-71.6002116,-16.4572714],[-71.6002119,-16.4572924],[-71.6002337,-16.4572922],[-71.600234,-16.4573132],[-71.6002342,-16.4573342],[-71.600256,-16.4573339],[-71.6002563,-16.457355],[-71.6002781,-16.4573547],[-71.6002784,-16.4573757],[-71.6003005,-16.4573965],[-71.6003007,-16.4574175],[-71.6003225,-16.4574172],[-71.6003228,-16.4574383],[-71.6003446,-16.457438],[-71.6003449,-16.457459],[-71.6003667,-16.4574588],[-71.600367,-16.4574798],[-71.6003887,-16.4574795],[-71.600389,-16.4575006],[-71.6004108,-16.4575003],[-71.6004111,-16.4575213],[-71.6004329,-16.457521],[-71.600455,-16.4575418],[-71.6004767,-16.4575415],[-71.600477,-16.4575626],[-71.6004988,-16.4575623],[-71.6004991,-16.4575833],[-71.6005209,-16.457583],[-71.6005427,-16.4575828],[-71.600543,-16.4576038],[-71.6005647,-16.4576035],[-71.6005865,-16.4576033],[-71.6005868,-16.4576243],[-71.6006086,-16.457624],[-71.6006304,-16.4576237],[-71.6006307,-16.4576448],[-71.6006525,-16.4576445],[-71.6006743,-16.4576442],[-71.6006963,-16.457665],[-71.6007181,-16.4576647],[-71.6007399,-16.4576645],[-71.6007402,-16.4576855],[-71.600762,-16.4576852],[-71.6007838,-16.4576849],[-71.6008056,-16.4576847],[-71.6008274,-16.4576844],[-71.6008491,-16.4576841],[-71.6008494,-16.4577052],[-71.6008712,-16.4577049],[-71.600893,-16.4577046],[-71.6009148,-16.4577043],[-71.6009366,-16.4577041],[-71.6009584,-16.4577038],[-71.6009802,-16.4577035],[-71.601002,-16.4577033],[-71.6010238,-16.457703],[-71.6010455,-16.4577027],[-71.6010673,-16.4577024],[-71.6010891,-16.4577022],[-71.6011109,-16.4577019],[-71.6011327,-16.4577016],[-71.6011324,-16.4576806],[-71.6011542,-16.4576803],[-71.6021325,-16.4574999],[-71.6021543,-16.4574997],[-71.6021761,-16.4574994],[-71.6021758,-16.4574784],[-71.6021976,-16.4574781],[-71.6022194,-16.4574778],[-71.6022412,-16.4574775],[-71.6022627,-16.4574562],[-71.6022845,-16.457456],[-71.6023063,-16.4574557],[-71.602306,-16.4574347],[-71.6023278,-16.4574344],[-71.6023496,-16.4574341],[-71.6023711,-16.4574128],[-71.6023929,-16.4574126],[-71.6024147,-16.4574123],[-71.6024144,-16.4573913],[-71.6024362,-16.457391],[-71.6024577,-16.4573697],[-71.6024795,-16.4573694],[-71.6024792,-16.4573484],[-71.602501,-16.4573481],[-71.6025228,-16.4573479],[-71.6025225,-16.4573268],[-71.6025443,-16.4573266],[-71.6025658,-16.4573053],[-71.6025876,-16.457305],[-71.6025873,-16.457284],[-71.6026091,-16.4572837],[-71.6026088,-16.4572627],[-71.6026306,-16.4572624],[-71.6026521,-16.4572411],[-71.6026739,-16.4572408],[-71.6026737,-16.4572198],[-71.6026954,-16.4572195],[-71.6026952,-16.4571985],[-71.602717,-16.4571982],[-71.6027167,-16.4571772],[-71.6027385,-16.4571769],[-71.6027382,-16.4571559],[-71.60276,-16.4571556],[-71.6027597,-16.4571346],[-71.6027815,-16.4571343],[-71.6027812,-16.4571133],[-71.602803,-16.457113],[-71.6028027,-16.457092],[-71.6028242,-16.4570707],[-71.6028239,-16.4570497],[-71.6028457,-16.4570494],[-71.6028455,-16.4570284],[-71.6028672,-16.4570281],[-71.602867,-16.4570071],[-71.6028885,-16.4569858],[-71.6028882,-16.4569647],[-71.60291,-16.4569645],[-71.6029097,-16.4569434],[-71.6029094,-16.4569224],[-71.6029312,-16.4569221],[-71.6029309,-16.4569011],[-71.6029524,-16.4568798],[-71.6029522,-16.4568588],[-71.6029737,-16.4568375],[-71.6029734,-16.4568165],[-71.6029949,-16.4567952],[-71.6029946,-16.4567741],[-71.6029943,-16.4567531],[-71.6030161,-16.4567528],[-71.6030158,-16.4567318],[-71.6030156,-16.4567108]]}},{"type":"Feature","properties":{"nivel":"Ferrocarril","ancho":0.72,"color":["#000000"]},"geometry":{"type":"LineString","coordinates":[[-71.6030156,-16.4567108],[-71.6030153,-16.4566897],[-71.6030371,-16.4566895],[-71.6030368,-16.4566684],[-71.6030365,-16.4566474],[-71.6030362,-16.4566264],[-71.603058,-16.4566261],[-71.6030577,-16.4566051],[-71.6030575,-16.4565841],[-71.6030793,-16.4565838],[-71.603079,-16.4565628],[-71.6030787,-16.4565417],[-71.6030784,-16.4565207],[-71.6031002,-16.4565204],[-71.6030999,-16.4564994],[-71.6030996,-16.4564784],[-71.6031214,-16.4564781],[-71.6031212,-16.4564571],[-71.6031209,-16.4564361],[-71.6031427,-16.4564358],[-71.6031424,-16.4564148],[-71.6031421,-16.4563937],[-71.6031639,-16.4563935],[-71.6031636,-16.4563724],[-71.6031633,-16.4563514],[-71.6031851,-16.4563511],[-71.6031848,-16.4563301],[-71.6032066,-16.4563298],[-71.6032063,-16.4563088],[-71.6032061,-16.4562878],[-71.6032279,-16.4562875],[-71.6032276,-16.4562665],[-71.6032494,-16.4562662],[-71.6032491,-16.4562452],[-71.6032488,-16.4562241],[-71.6032706,-16.4562239],[-71.6032703,-16.4562028],[-71.6032921,-16.4562026],[-71.6032918,-16.4561815],[-71.6033133,-16.4561602],[-71.6033131,-16.4561392],[-71.6033348,-16.4561389],[-71.6033346,-16.4561179],[-71.6033564,-16.4561176],[-71.6033561,-16.4560966],[-71.6033779,-16.4560963],[-71.6033776,-16.4560753],[-71.6033994,-16.456075],[-71.6033991,-16.456054],[-71.6034209,-16.4560537],[-71.6034206,-16.4560327],[-71.6034424,-16.4560324],[-71.6034421,-16.4560114],[-71.6034639,-16.4560111],[-71.6034854,-16.4559898],[-71.6035072,-16.4559896],[-71.6035069,-16.4559686],[-71.6035287,-16.4559683],[-71.6035284,-16.4559473],[-71.6035502,-16.455947],[-71.6035717,-16.4559257],[-71.6035935,-16.4559254],[-71.6035932,-16.4559044],[-71.603615,-16.4559041],[-71.6036368,-16.4559038],[-71.6036365,-16.4558828],[-71.6036583,-16.4558825],[-71.6036801,-16.4558823],[-71.6036798,-16.4558612],[-71.6037016,-16.455861],[-71.6037234,-16.4558607],[-71.6037231,-16.4558397],[-71.6037449,-16.4558394],[-71.6037667,-16.4558391],[-71.6037885,-16.4558389],[-71.6037882,-16.4558178],[-71.60381,-16.4558176],[-71.6038318,-16.4558173],[-71.6038536,-16.455817],[-71.6038751,-16.4557957],[-71.6038969,-16.4557954],[-71.6039187,-16.4557952],[-71.6039405,-16.4557949],[-71.6039623,-16.4557946],[-71.6039841,-16.4557944],[-71.6039838,-16.4557733],[-71.6040056,-16.4557731],[-71.6040274,-16.4557728],[-71.6040491,-16.4557725],[-71.6040709,-16.4557723],[-71.6040927,-16.455772],[-71.6041145,-16.4557717],[-71.6041363,-16.4557714],[-71.6041581,-16.4557712],[-71.6041799,-16.4557709],[-71.6042017,-16.4557706],[-71.6042235,-16.4557704],[-71.6042455,-16.4557911],[-71.6042673,-16.4557908],[-71.6042891,-16.4557906],[-71.6043109,-16.4557903],[-71.6043327,-16.45579],[-71.6043545,-16.4557898],[-71.6043548,-16.4558108],[-71.6043766,-16.4558105],[-71.6043984,-16.4558102],[-71.6044201,-16.45581],[-71.6044419,-16.4558097],[-71.6044422,-16.4558307],[-71.604464,-16.4558305],[-71.6044858,-16.4558302],[-71.6045076,-16.4558299],[-71.6045294,-16.4558296],[-71.6045512,-16.4558294],[-71.604573,-16.4558291],[-71.6045947,-16.4558288],[-71.6046165,-16.4558286],[-71.6046383,-16.4558283],[-71.6046601,-16.455828],[-71.6046819,-16.4558278],[-71.6047037,-16.4558275],[-71.6047255,-16.4558272],[-71.6047473,-16.4558269],[-71.6047691,-16.4558267],[-71.6047909,-16.4558264],[-71.6048127,-16.4558261],[-71.6048344,-16.4558259],[-71.6048562,-16.4558256],[-71.6048777,-16.4558043],[-71.6048995,-16.455804],[-71.6049213,-16.4558037],[-71.6049431,-16.4558035],[-71.6049649,-16.4558032],[-71.6049646,-16.4557822],[-71.6049864,-16.4557819],[-71.6050082,-16.4557816],[-71.60503,-16.4557814],[-71.6050297,-16.4557603],[-71.6050515,-16.4557601],[-71.6050733,-16.4557598],[-71.6050948,-16.4557385],[-71.6051166,-16.4557382],[-71.6051384,-16.4557379],[-71.6051381,-16.4557169],[-71.6051599,-16.4557166],[-71.6051817,-16.4557164],[-71.6051814,-16.4556953],[-71.6052032,-16.4556951],[-71.6052029,-16.455674],[-71.6052247,-16.4556738],[-71.6052465,-16.4556735],[-71.6052462,-16.4556525],[-71.605268,-16.4556522],[-71.6052895,-16.4556309],[-71.6053113,-16.4556306],[-71.6053328,-16.4556093],[-71.6053546,-16.4556091],[-71.6053761,-16.4555878],[-71.6053979,-16.4555875],[-71.6054194,-16.4555662],[-71.6054412,-16.4555659],[-71.6054627,-16.4555446],[-71.6054845,-16.4555444],[-71.6055063,-16.4555441],[-71.605506,-16.4555231],[-71.6055278,-16.4555228],[-71.6055496,-16.4555225],[-71.6055714,-16.4555222],[-71.6055711,-16.4555012],[-71.6055929,-16.4555009],[-71.6056147,-16.4555007],[-71.6056365,-16.4555004],[-71.6056583,-16.4555001],[-71.605658,-16.4554791],[-71.6056798,-16.4554788],[-71.6057016,-16.4554786],[-71.6057233,-16.4554783],[-71.6057451,-16.455478],[-71.6057669,-16.4554777],[-71.6057666,-16.4554567],[-71.6057884,-16.4554564],[-71.6058102,-16.4554562],[-71.605832,-16.4554559],[-71.6058538,-16.4554556],[-71.6058756,-16.4554554],[-71.6058974,-16.4554551],[-71.6059192,-16.4554548],[-71.605941,-16.4554545],[-71.6059628,-16.4554543],[-71.6059845,-16.455454],[-71.6060063,-16.4554537],[-71.6060281,-16.4554535],[-71.6060499,-16.4554532],[-71.6060717,-16.4554529],[-71.6060935,-16.4554527],[-71.6061153,-16.4554524],[-71.6061371,-16.4554521],[-71.6061591,-16.4554729],[-71.6061809,-16.4554726],[-71.6062027,-16.4554723],[-71.6062245,-16.4554721],[-71.6062463,-16.4554718],[-71.6062684,-16.4554925],[-71.6062902,-16.4554923],[-71.606312,-16.455492],[-71.6063338,-16.4554917],[-71.6063558,-16.4555125],[-71.6063776,-16.4555122],[-71.6063994,-16.4555119],[-71.6063997,-16.455533],[-71.6064215,-16.4555327],[-71.6064433,-16.4555324],[-71.6064651,-16.4555322],[-71.6064653,-16.4555532],[-71.6064871,-16.4555529],[-71.6065089,-16.4555526],[-71.6065092,-16.4555737],[-71.606531,-16.4555734],[-71.6065528,-16.4555731],[-71.6065531,-16.4555942],[-71.6065748,-16.4555939],[-71.6065966,-16.4555936],[-71.6065969,-16.4556146],[-71.6066187,-16.4556144],[-71.6066408,-16.4556351],[-71.6066626,-16.4556349],[-71.6066846,-16.4556556],[-71.6067064,-16.4556553],[-71.6067067,-16.4556764],[-71.6067285,-16.4556761],[-71.6067506,-16.4556969],[-71.6067726,-16.4557176],[-71.6067944,-16.4557173],[-71.6067947,-16.4557384],[-71.6068165,-16.4557381],[-71.6068168,-16.4557591],[-71.6068386,-16.4557589],[-71.6068389,-16.4557799],[-71.6068606,-16.4557796],[-71.6068609,-16.4558006],[-71.6068827,-16.4558004],[-71.606883,-16.4558214],[-71.6069048,-16.4558211],[-71.6069051,-16.4558422],[-71.6069269,-16.4558419],[-71.6069271,-16.4558629],[-71.6069489,-16.4558626],[-71.6069492,-16.4558837],[-71.6069713,-16.4559044],[-71.6069931,-16.4559042],[-71.6069934,-16.4559252],[-71.6070154,-16.4559459],[-71.6070157,-16.455967],[-71.6070375,-16.4559667],[-71.6070378,-16.4559877],[-71.6070599,-16.4560085],[-71.6070601,-16.4560295],[-71.6070819,-16.4560292],[-71.6070822,-16.4560503],[-71.6070825,-16.4560713],[-71.6071043,-16.456071],[-71.6071046,-16.4560921],[-71.6071266,-16.4561128],[-71.6071269,-16.4561338],[-71.607149,-16.4561546],[-71.6071493,-16.4561756],[-71.6071713,-16.4561964],[-71.6071716,-16.4562174],[-71.6071937,-16.4562382],[-71.607194,-16.4562592],[-71.607216,-16.45628],[-71.6072163,-16.456301],[-71.6072384,-16.4563217],[-71.6072605,-16.4563425],[-71.6072825,-16.4563633],[-71.6072828,-16.4563843],[-71.6073049,-16.456405],[-71.607327,-16.4564258],[-71.607349,-16.4564466],[-71.6073493,-16.4564676],[-71.6073711,-16.4564673],[-71.6073714,-16.4564883],[-71.6073932,-16.4564881],[-71.6073935,-16.4565091],[-71.6074152,-16.4565088],[-71.6074155,-16.4565299],[-71.6074373,-16.4565296],[-71.6074594,-16.4565503],[-71.6074812,-16.4565501],[-71.6074815,-16.4565711],[-71.6075032,-16.4565708],[-71.6075035,-16.4565919],[-71.6075253,-16.4565916],[-71.6075474,-16.4566123],[-71.6075692,-16.4566121],[-71.6075913,-16.4566328],[-71.6076133,-16.4566536],[-71.6076351,-16.4566533],[-71.6076572,-16.4566741],[-71.607679,-16.4566738],[-71.607701,-16.4566946],[-71.6077228,-16.4566943],[-71.6077446,-16.456694],[-71.6077449,-16.456715],[-71.6077667,-16.4567148],[-71.6077885,-16.4567145],[-71.6078103,-16.4567142],[-71.6078106,-16.4567353],[-71.6078324,-16.456735],[-71.6078541,-16.4567347],[-71.6078759,-16.4567344],[-71.607898,-16.4567552],[-71.6079198,-16.4567549],[-71.6079416,-16.4567547],[-71.6079634,-16.4567544],[-71.6079852,-16.4567541],[-71.608007,-16.4567538],[-71.608029,-16.4567746],[-71.6080508,-16.4567743],[-71.6080726,-16.4567741],[-71.6080944,-16.4567738],[-71.6081162,-16.4567735],[-71.608138,-16.4567732],[-71.6081598,-16.456773],[-71.6081816,-16.4567727],[-71.6082033,-16.4567724],[-71.6082251,-16.4567722],[-71.6082469,-16.4567719],[-71.6082684,-16.4567506],[-71.6082902,-16.4567503],[-71.608312,-16.45675],[-71.6083338,-16.4567498],[-71.6083556,-16.4567495],[-71.6083774,-16.4567492],[-71.6083771,-16.4567282],[-71.6083989,-16.4567279],[-71.6084207,-16.4567277],[-71.6084425,-16.4567274],[-71.608464,-16.4567061],[-71.6084858,-16.4567058],[-71.6085076,-16.4567055],[-71.6085291,-16.4566842],[-71.6085509,-16.456684],[-71.6085727,-16.4566837],[-71.6085724,-16.4566627],[-71.6085942,-16.4566624],[-71.608616,-16.4566621],[-71.6086157,-16.4566411],[-71.6086375,-16.4566408],[-71.6086593,-16.4566406],[-71.608659,-16.4566195],[-71.6086808,-16.4566193],[-71.6087023,-16.456598],[-71.6087241,-16.4565977],[-71.6087238,-16.4565767],[-71.6087456,-16.4565764],[-71.6087671,-16.4565551],[-71.6087889,-16.4565548],[-71.6087886,-16.4565338],[-71.6088104,-16.4565335],[-71.6088319,-16.4565122],[-71.6088534,-16.4564909],[-71.6088749,-16.4564696],[-71.6088964,-16.4564483],[-71.6089179,-16.456427],[-71.6089176,-16.456406],[-71.6089394,-16.4564057],[-71.6089392,-16.4563847],[-71.6089609,-16.4563844],[-71.6089607,-16.4563634],[-71.6089825,-16.4563631],[-71.6089822,-16.4563421],[-71.6089819,-16.4563211],[-71.6090037,-16.4563208],[-71.6090034,-16.4562998],[-71.6090252,-16.4562995],[-71.6090249,-16.4562785],[-71.6090246,-16.4562574],[-71.6090464,-16.4562572],[-71.6090461,-16.4562361],[-71.6090676,-16.4562148],[-71.6090674,-16.4561938],[-71.6090892,-16.4561935],[-71.6090889,-16.4561725],[-71.6090886,-16.4561515],[-71.6091104,-16.4561512],[-71.6091101,-16.4561302],[-71.6091098,-16.4561091],[-71.6091095,-16.4560881],[-71.6091313,-16.4560878],[-71.609131,-16.4560668],[-71.6091308,-16.4560458],[-71.6091523,-16.4560245],[-71.609152,-16.4560035],[-71.6091517,-16.4559824],[-71.6091514,-16.4559614],[-71.6091511,-16.4559404],[-71.6091729,-16.4559401],[-71.6091727,-16.4559191],[-71.6091724,-16.4558981],[-71.6091721,-16.455877],[-71.6091718,-16.455856],[-71.6091715,-16.455835],[-71.6091713,-16.4558139],[-71.609171,-16.4557929],[-71.6091925,-16.4557716],[-71.6091922,-16.4557506],[-71.6091919,-16.4557296],[-71.6091916,-16.4557085],[-71.6091914,-16.4556875],[-71.6091911,-16.4556665],[-71.6091908,-16.4556454],[-71.6091905,-16.4556244],[-71.6091902,-16.4556034],[-71.6091899,-16.4555824],[-71.6091897,-16.4555613],[-71.6091894,-16.4555403],[-71.6091891,-16.4555193],[-71.6091888,-16.4554982],[-71.6091885,-16.4554772],[-71.6092103,-16.4554769],[-71.60921,-16.4554559],[-71.6092098,-16.4554349],[-71.6092095,-16.4554139],[-71.6092092,-16.4553928],[-71.6092089,-16.4553718],[-71.6092307,-16.4553715],[-71.6092304,-16.4553505],[-71.6092302,-16.4553295],[-71.6092299,-16.4553084],[-71.6092296,-16.4552874],[-71.6092514,-16.4552871],[-71.6092511,-16.4552661],[-71.6092508,-16.4552451],[-71.6092505,-16.4552241],[-71.609272,-16.4552028],[-71.6092718,-16.4551817],[-71.6092715,-16.4551607],[-71.6092933,-16.4551604],[-71.609293,-16.4551394],[-71.6092927,-16.4551184],[-71.6092924,-16.4550973],[-71.6093142,-16.4550971],[-71.6093139,-16.455076],[-71.6093137,-16.455055],[-71.6093354,-16.4550547],[-71.6093352,-16.4550337],[-71.6093349,-16.4550127],[-71.6093567,-16.4550124],[-71.6093564,-16.4549914],[-71.6093561,-16.4549704],[-71.6093779,-16.4549701],[-71.6093776,-16.4549491],[-71.6093773,-16.454928],[-71.6093991,-16.4549278],[-71.6093988,-16.4549067],[-71.6093986,-16.4548857],[-71.6094204,-16.4548854],[-71.6094201,-16.4548644],[-71.6094198,-16.4548434],[-71.6094416,-16.4548431],[-71.6094413,-16.4548221],[-71.6094631,-16.4548218],[-71.6094628,-16.4548008],[-71.6094625,-16.4547798],[-71.6094843,-16.4547795],[-71.6101469,-16.4538038],[-71.6101687,-16.4538035],[-71.6101684,-16.4537825],[-71.6101681,-16.4537614],[-71.6101899,-16.4537612],[-71.6101896,-16.4537401],[-71.6102114,-16.4537399],[-71.6102111,-16.4537188],[-71.6102108,-16.4536978],[-71.6102326,-16.4536975],[-71.6102323,-16.4536765],[-71.6102541,-16.4536762],[-71.6102538,-16.4536552],[-71.6102756,-16.4536549],[-71.6102754,-16.4536339],[-71.6102971,-16.4536336],[-71.6102969,-16.4536126],[-71.6103187,-16.4536123],[-71.6103184,-16.4535913],[-71.6133507,-16.450567],[-71.6133725,-16.4505667],[-71.6133722,-16.4505457],[-71.613394,-16.4505454],[-71.6133938,-16.4505244],[-71.6134155,-16.4505241],[-71.6134153,-16.4505031],[-71.6134371,-16.4505028],[-71.6134368,-16.4504818],[-71.6134586,-16.4504815],[-71.6134583,-16.4504605],[-71.6134801,-16.4504602],[-71.6135016,-16.4504389],[-71.6135231,-16.4504176],[-71.6135449,-16.4504173],[-71.6135446,-16.4503963],[-71.6135664,-16.450396],[-71.6135661,-16.450375],[-71.6135879,-16.4503747],[-71.6136094,-16.4503534],[-71.6136312,-16.4503532],[-71.6136309,-16.4503321],[-71.6136527,-16.4503319],[-71.6136524,-16.4503108],[-71.6136742,-16.4503106],[-71.6136957,-16.4502893],[-71.6137172,-16.450268],[-71.613739,-16.4502677],[-71.6137387,-16.4502467],[-71.6137605,-16.4502464],[-71.6137823,-16.4502461],[-71.613782,-16.4502251],[-71.6138038,-16.4502248],[-71.6138035,-16.4502038],[-71.6138253,-16.4502035],[-71.6138471,-16.4502033],[-71.6138468,-16.4501822],[-71.6138686,-16.450182],[-71.6138904,-16.4501817],[-71.6138901,-16.4501607],[-71.6139119,-16.4501604],[-71.6139334,-16.4501391],[-71.6139552,-16.4501388],[-71.6139767,-16.4501175],[-71.6139985,-16.4501172],[-71.6139982,-16.4500962],[-71.61402,-16.4500959],[-71.6140418,-16.4500957],[-71.6140415,-16.4500746],[-71.6140633,-16.4500744],[-71.6140851,-16.4500741],[-71.6141066,-16.4500528],[-71.6141284,-16.4500525],[-71.6141499,-16.4500312],[-71.6141717,-16.4500309],[-71.6141935,-16.4500307],[-71.6141932,-16.4500096],[-71.614215,-16.4500094],[-71.6142368,-16.4500091],[-71.6142583,-16.4499878],[-71.6142801,-16.4499875],[-71.6143019,-16.4499873],[-71.6143016,-16.4499662],[-71.6143234,-16.449966],[-71.6143452,-16.4499657],[-71.614367,-16.4499654],[-71.6143667,-16.4499444],[-71.6143885,-16.4499441],[-71.6144103,-16.4499438],[-71.614432,-16.4499436],[-71.6144536,-16.4499223],[-71.6144753,-16.449922],[-71.6144971,-16.4499217],[-71.6145186,-16.4499004],[-71.6145404,-16.4499002],[-71.6145622,-16.4498999],[-71.614584,-16.4498996],[-71.6145837,-16.4498786],[-71.6146055,-16.4498783],[-71.6146273,-16.449878],[-71.6146491,-16.4498778],[-71.6146709,-16.4498775],[-71.6146927,-16.4498772],[-71.6146924,-16.4498562],[-71.6147142,-16.4498559],[-71.614736,-16.4498557],[-71.6147578,-16.4498554],[-71.6147795,-16.4498551],[-71.6148013,-16.4498548],[-71.6148011,-16.4498338],[-71.6148228,-16.4498335],[-71.6148446,-16.4498333],[-71.6148664,-16.449833],[-71.6148882,-16.4498327],[-71.61491,-16.4498325],[-71.6149318,-16.4498322],[-71.6149536,-16.4498319],[-71.6149751,-16.4498106],[-71.6149969,-16.4498103],[-71.6150187,-16.4498101],[-71.6150405,-16.4498098],[-71.6150622,-16.4498095],[-71.615084,-16.4498092],[-71.6151058,-16.449809],[-71.6151276,-16.4498087],[-71.6151494,-16.4498084],[-71.6151712,-16.4498082],[-71.615193,-16.4498079],[-71.6152148,-16.4498076],[-71.6152366,-16.4498073],[-71.6152584,-16.4498071],[-71.6152801,-16.4498068],[-71.6153019,-16.4498065],[-71.6153237,-16.4498063],[-71.6153455,-16.449806],[-71.6153452,-16.449785],[-71.615367,-16.4497847],[-71.6153888,-16.4497844],[-71.6154106,-16.4497841],[-71.6154324,-16.4497839],[-71.6154321,-16.4497628],[-71.6154539,-16.4497626],[-71.6154757,-16.4497623],[-71.6154754,-16.4497413],[-71.6154972,-16.449741],[-71.615519,-16.4497407],[-71.6155187,-16.4497197],[-71.6155405,-16.4497194],[-71.6155402,-16.4496984],[-71.615562,-16.4496981],[-71.6155835,-16.4496768],[-71.6205598,-16.4453662],[-71.6205816,-16.445366],[-71.6205813,-16.4453449],[-71.6206031,-16.4453447],[-71.6206028,-16.4453236],[-71.6206246,-16.4453234],[-71.6206243,-16.4453023],[-71.6206461,-16.4453021],[-71.6206458,-16.445281],[-71.6206676,-16.4452808],[-71.6206673,-16.4452597],[-71.6206891,-16.4452595],[-71.6206888,-16.4452384],[-71.6207106,-16.4452382],[-71.6207103,-16.4452171],[-71.6207321,-16.4452169],[-71.6207318,-16.4451958],[-71.6207536,-16.4451956],[-71.6207533,-16.4451745],[-71.6207751,-16.4451743],[-71.6207749,-16.4451532],[-71.6207964,-16.4451319],[-71.6207961,-16.4451109],[-71.6208179,-16.4451106],[-71.6208176,-16.4450896],[-71.6208394,-16.4450893],[-71.6208391,-16.4450683],[-71.6208388,-16.4450473],[-71.6208606,-16.445047],[-71.6235704,-16.4407437],[-71.6235922,-16.4407434],[-71.6235919,-16.4407224],[-71.6235916,-16.4407013],[-71.6236134,-16.4407011],[-71.6236131,-16.44068],[-71.6236349,-16.4406798],[-71.6236346,-16.4406587],[-71.6236343,-16.4406377],[-71.6236561,-16.4406374],[-71.6236558,-16.4406164],[-71.6236774,-16.4405951],[-71.6236771,-16.4405741],[-71.6236989,-16.4405738],[-71.6236986,-16.4405528],[-71.6236983,-16.4405318],[-71.6237201,-16.4405315],[-71.6237198,-16.4405105],[-71.6237413,-16.4404892],[-71.623741,-16.4404681],[-71.6237628,-16.4404679],[-71.6237625,-16.4404468],[-71.6237622,-16.4404258],[-71.623784,-16.4404255],[-71.6237838,-16.4404045],[-71.6237835,-16.4403835],[-71.6238053,-16.4403832],[-71.623805,-16.4403622],[-71.6238047,-16.4403411],[-71.6238265,-16.4403409],[-71.6238262,-16.4403198],[-71.6238259,-16.4402988],[-71.6238474,-16.4402775],[-71.6238471,-16.4402565],[-71.6238469,-16.4402355],[-71.6238686,-16.4402352],[-71.6238684,-16.4402142],[-71.6238681,-16.4401931],[-71.6238899,-16.4401929],[-71.6238896,-16.4401718],[-71.6238893,-16.4401508],[-71.623889,-16.4401298],[-71.6239108,-16.4401295],[-71.6239105,-16.4401085],[-71.6239102,-16.4400874],[-71.62391,-16.4400664],[-71.6239317,-16.4400661],[-71.6239315,-16.4400451],[-71.6239312,-16.4400241],[-71.6239309,-16.4400031],[-71.6239527,-16.4400028],[-71.6239524,-16.4399818],[-71.6239521,-16.4399607],[-71.6239518,-16.4399397],[-71.6239736,-16.4399394],[-71.6239733,-16.4399184],[-71.6239731,-16.4398974],[-71.6239728,-16.4398763],[-71.6239725,-16.4398553],[-71.6239943,-16.439855],[-71.623994,-16.439834],[-71.6243039,-16.4385682],[-71.6243036,-16.4385472],[-71.6243033,-16.4385262],[-71.624303,-16.4385051],[-71.6243248,-16.4385049],[-71.6243245,-16.4384838],[-71.6243242,-16.4384628],[-71.624324,-16.4384418],[-71.6243457,-16.4384415],[-71.6243455,-16.4384205],[-71.6243452,-16.4383995],[-71.6243449,-16.4383784],[-71.6243667,-16.4383782],[-71.6243664,-16.4383571],[-71.6243661,-16.4383361],[-71.6243879,-16.4383358],[-71.6243876,-16.4383148],[-71.6243873,-16.4382938],[-71.6244091,-16.4382935],[-71.6244088,-16.4382725],[-71.6244086,-16.4382514],[-71.6244304,-16.4382512],[-71.6244301,-16.4382301],[-71.6244298,-16.4382091],[-71.6244516,-16.4382088],[-71.6244513,-16.4381878],[-71.6244728,-16.4381665],[-71.6247928,-16.4376578],[-71.6247926,-16.4376367],[-71.6248143,-16.4376365],[-71.6248141,-16.4376154],[-71.6248138,-16.4375944],[-71.6248356,-16.4375941],[-71.6248353,-16.4375731],[-71.6248571,-16.4375728],[-71.6248568,-16.4375518],[-71.6248786,-16.4375515],[-71.6248783,-16.4375305],[-71.6248998,-16.4375092],[-71.6249216,-16.4375089],[-71.6249213,-16.4374879],[-71.6249431,-16.4374876],[-71.6249428,-16.4374666],[-71.6249646,-16.4374663],[-71.6249643,-16.4374453],[-71.6249861,-16.437445],[-71.6249858,-16.437424],[-71.6250076,-16.4374237],[-71.6250294,-16.4374234],[-71.6250291,-16.4374024],[-71.6250509,-16.4374021],[-71.6250724,-16.4373808],[-71.6250942,-16.4373806],[-71.6250939,-16.4373595],[-71.6251157,-16.4373593],[-71.6251372,-16.437338],[-71.625159,-16.4373377],[-71.6251587,-16.4373167],[-71.6251805,-16.4373164],[-71.6251802,-16.4372954],[-71.625202,-16.4372951],[-71.6252235,-16.4372738],[-71.6252453,-16.4372735],[-71.625245,-16.4372525],[-71.6252668,-16.4372522],[-71.6252665,-16.4372312],[-71.6252883,-16.4372309],[-71.625288,-16.4372099],[-71.6253098,-16.4372096],[-71.6253095,-16.4371886],[-71.6253313,-16.4371883],[-71.625331,-16.4371673],[-71.6253528,-16.437167],[-71.6253525,-16.437146],[-71.6253743,-16.4371457],[-71.625374,-16.4371247],[-71.6253958,-16.4371244],[-71.6253955,-16.4371034],[-71.6254173,-16.4371031],[-71.625417,-16.4370821],[-71.6254388,-16.4370818],[-71.6254386,-16.4370608],[-71.6254603,-16.4370605],[-71.6254601,-16.4370395],[-71.6254818,-16.4370392],[-71.6254816,-16.4370182],[-71.6255031,-16.4369969],[-71.6255028,-16.4369759],[-71.6255246,-16.4369756],[-71.6255243,-16.4369545],[-71.6255461,-16.4369543],[-71.6255458,-16.4369332],[-71.6255673,-16.4369119],[-71.625567,-16.4368909],[-71.6255888,-16.4368906],[-71.6255885,-16.4368696],[-71.62561,-16.4368483],[-71.6256097,-16.4368273],[-71.6256315,-16.436827],[-71.6256313,-16.436806],[-71.625631,-16.436785],[-71.6256528,-16.4367847],[-71.6256525,-16.4367637],[-71.625674,-16.4367424],[-71.6256737,-16.4367213],[-71.6256955,-16.4367211],[-71.6256952,-16.4367],[-71.6256949,-16.436679],[-71.6257167,-16.4366787],[-71.6257164,-16.4366577],[-71.6257161,-16.4366367],[-71.6257376,-16.4366154],[-71.6257374,-16.4365943],[-71.6257589,-16.436573],[-71.6257586,-16.436552],[-71.6257583,-16.436531],[-71.6257801,-16.4365307],[-71.6257798,-16.4365097],[-71.6257795,-16.4364887],[-71.6258013,-16.4364884],[-71.625801,-16.4364674],[-71.6258007,-16.4364463],[-71.6258225,-16.4364461],[-71.6258223,-16.436425],[-71.6258438,-16.4364037],[-71.6258435,-16.4363827],[-71.6258432,-16.4363617],[-71.625865,-16.4363614],[-71.6258647,-16.4363404],[-71.6258644,-16.4363193],[-71.6258862,-16.4363191],[-71.6258859,-16.436298],[-71.6258856,-16.436277],[-71.6259074,-16.4362767],[-71.6259071,-16.4362557],[-71.6259286,-16.4362344],[-71.6259284,-16.4362134],[-71.6259281,-16.4361924],[-71.6259499,-16.4361921],[-71.6259496,-16.4361711],[-71.6259711,-16.4361498],[-71.6259708,-16.4361287],[-71.6259923,-16.4361074],[-71.625992,-16.4360864],[-71.6260138,-16.4360861],[-71.6260135,-16.4360651],[-71.6260132,-16.4360441],[-71.626035,-16.4360438],[-71.6260348,-16.4360228],[-71.6260563,-16.4360015],[-71.626056,-16.4359804],[-71.6260775,-16.4359591],[-71.6260772,-16.4359381],[-71.626099,-16.4359378],[-71.6260987,-16.4359168],[-71.6260984,-16.4358958],[-71.6261202,-16.4358955],[-71.6261199,-16.4358745],[-71.6261414,-16.4358532],[-71.6261411,-16.4358321],[-71.6261629,-16.4358319],[-71.6261627,-16.4358108],[-71.6261624,-16.4357898],[-71.6261842,-16.4357895],[-71.6261839,-16.4357685],[-71.6262054,-16.4357472],[-71.6262051,-16.4357262],[-71.6262269,-16.4357259],[-71.6262266,-16.4357049],[-71.6262263,-16.4356839],[-71.6262481,-16.4356836],[-71.6262478,-16.4356626],[-71.6262693,-16.4356413],[-71.626269,-16.4356202],[-71.6262908,-16.43562],[-71.6262906,-16.4355989],[-71.6263121,-16.4355776],[-71.6263118,-16.4355566],[-71.6263336,-16.4355563],[-71.6263333,-16.4355353],[-71.626333,-16.4355143],[-71.6263548,-16.435514],[-71.6263545,-16.435493],[-71.6263763,-16.4354927],[-71.626376,-16.4354717],[-71.6263975,-16.4354504],[-71.6263972,-16.4354293],[-71.626419,-16.4354291],[-71.6264187,-16.435408],[-71.6264402,-16.4353867],[-71.62644,-16.4353657],[-71.6264617,-16.4353654],[-71.6264615,-16.4353444],[-71.6303314,-16.4298277],[-71.6303311,-16.4298067],[-71.6303529,-16.4298064],[-71.6303526,-16.4297854],[-71.6303744,-16.4297851],[-71.6303741,-16.4297641],[-71.6303956,-16.4297428],[-71.6303953,-16.4297217],[-71.6304171,-16.4297215],[-71.6304168,-16.4297004],[-71.6304386,-16.4297002],[-71.6304383,-16.4296791],[-71.6304601,-16.4296789],[-71.6304598,-16.4296578],[-71.6304816,-16.4296576],[-71.6304813,-16.4296365],[-71.6305031,-16.4296363],[-71.6305028,-16.4296152],[-71.6305246,-16.429615],[-71.6305243,-16.4295939],[-71.6305458,-16.4295726],[-71.6305674,-16.4295513],[-71.6305889,-16.42953],[-71.6306104,-16.4295087],[-71.6306319,-16.4294874],[-71.6306534,-16.4294661],[-71.6306749,-16.4294448],[-71.6306964,-16.4294235],[-71.6307179,-16.4294022],[-71.6307394,-16.4293809],[-71.6307391,-16.4293599],[-71.6307609,-16.4293596],[-71.6307824,-16.4293383],[-71.6307821,-16.4293173],[-71.6308039,-16.429317],[-71.6308254,-16.4292957],[-71.6308251,-16.4292747],[-71.6308469,-16.4292744],[-71.6308466,-16.4292534],[-71.6308684,-16.4292531],[-71.6308681,-16.4292321],[-71.6308899,-16.4292318],[-71.6308896,-16.4292108],[-71.6309114,-16.4292105],[-71.6309111,-16.4291895],[-71.6309329,-16.4291892],[-71.6309326,-16.4291682],[-71.6309541,-16.4291469],[-71.6309759,-16.4291466],[-71.6309756,-16.4291256],[-71.6309971,-16.4291043],[-71.6309969,-16.4290832],[-71.6310186,-16.429083],[-71.6310184,-16.4290619],[-71.6310402,-16.4290617],[-71.6310399,-16.4290406],[-71.6310617,-16.4290404],[-71.6310614,-16.4290193],[-71.6310832,-16.4290191],[-71.6310829,-16.428998],[-71.6311044,-16.4289767],[-71.6311259,-16.4289554],[-71.6311256,-16.4289344],[-71.6311474,-16.4289341],[-71.6311471,-16.4289131],[-71.6311689,-16.4289128],[-71.6311686,-16.4288918],[-71.6311904,-16.4288915],[-71.6311901,-16.4288705],[-71.6312119,-16.4288702],[-71.6312116,-16.4288492],[-71.6312331,-16.4288279],[-71.6312328,-16.4288069],[-71.6312546,-16.4288066],[-71.6312543,-16.4287856],[-71.6312761,-16.4287853],[-71.6312758,-16.4287643],[-71.6312976,-16.428764],[-71.6312973,-16.428743],[-71.6313188,-16.4287217],[-71.6313186,-16.4287006],[-71.6313404,-16.4287004],[-71.6313401,-16.4286793],[-71.6313619,-16.4286791],[-71.6313616,-16.428658],[-71.6313831,-16.4286367],[-71.6313828,-16.4286157],[-71.6314046,-16.4286154],[-71.6314043,-16.4285944],[-71.6314261,-16.4285941],[-71.6314258,-16.4285731],[-71.6314473,-16.4285518],[-71.6314688,-16.4285305],[-71.6314685,-16.4285095],[-71.6314903,-16.4285092],[-71.63149,-16.4284882],[-71.6315115,-16.4284669],[-71.631533,-16.4284456],[-71.6315327,-16.4284245],[-71.6315545,-16.4284243],[-71.6315543,-16.4284032],[-71.631576,-16.428403],[-71.6315758,-16.4283819],[-71.6315973,-16.4283606],[-71.631597,-16.4283396],[-71.6316188,-16.4283393],[-71.6316185,-16.4283183],[-71.63164,-16.428297],[-71.6316397,-16.428276],[-71.6316615,-16.4282757],[-71.6316612,-16.4282547],[-71.6316827,-16.4282334],[-71.6316824,-16.4282123],[-71.6317042,-16.4282121],[-71.6317039,-16.428191],[-71.6317257,-16.4281908],[-71.6317254,-16.4281697],[-71.6317469,-16.4281484],[-71.6317467,-16.4281274],[-71.6317682,-16.4281061],[-71.6317897,-16.4280848],[-71.6317894,-16.4280638],[-71.6318112,-16.4280635],[-71.6318109,-16.4280425],[-71.6318106,-16.4280215]]}},{"type":"Feature","properties":{"nivel":"Ferrocarril","ancho":0.72,"color":["#000000"]},"geometry":{"type":"LineString","coordinates":[[-71.6318106,-16.4280215],[-71.6318324,-16.4280212],[-71.6318321,-16.4280002],[-71.6318539,-16.4279999],[-71.6318536,-16.4279789],[-71.6318751,-16.4279576],[-71.6318748,-16.4279365],[-71.6327712,-16.4265372],[-71.6327927,-16.4265159],[-71.6327924,-16.4264949],[-71.6328142,-16.4264946],[-71.6328139,-16.4264736],[-71.6328354,-16.4264523],[-71.6328351,-16.4264312],[-71.6328569,-16.426431],[-71.6328566,-16.4264099],[-71.6328784,-16.4264097],[-71.6328781,-16.4263886],[-71.6328996,-16.4263673],[-71.6328993,-16.4263463],[-71.6329211,-16.426346],[-71.6329208,-16.426325],[-71.6329426,-16.4263247],[-71.6329423,-16.4263037],[-71.6329641,-16.4263034],[-71.6329638,-16.4262824],[-71.6329856,-16.4262821],[-71.6329853,-16.4262611],[-71.6330071,-16.4262608],[-71.6330068,-16.4262398],[-71.6330286,-16.4262395],[-71.6330283,-16.4262185],[-71.6330501,-16.4262182],[-71.6330499,-16.4261972],[-71.6330716,-16.4261969],[-71.6330714,-16.4261759],[-71.6330931,-16.4261756],[-71.6330929,-16.4261546],[-71.6331146,-16.4261543],[-71.6331364,-16.426154],[-71.6331361,-16.426133],[-71.6331579,-16.4261327],[-71.6331577,-16.4261117],[-71.6331794,-16.4261114],[-71.6331792,-16.4260904],[-71.6332009,-16.4260901],[-71.6332227,-16.4260899],[-71.6332224,-16.4260688],[-71.6332442,-16.4260686],[-71.6332439,-16.4260475],[-71.6332657,-16.4260473],[-71.6332654,-16.4260262],[-71.6332872,-16.426026],[-71.633287,-16.4260049],[-71.6333087,-16.4260047],[-71.6333085,-16.4259836],[-71.6333302,-16.4259834],[-71.63333,-16.4259623],[-71.6333517,-16.4259621],[-71.6333515,-16.425941],[-71.6333732,-16.4259408],[-71.633373,-16.4259197],[-71.6333948,-16.4259195],[-71.6333945,-16.4258984],[-71.6334163,-16.4258981],[-71.633416,-16.4258771],[-71.6334378,-16.4258768],[-71.6334375,-16.4258558],[-71.633459,-16.4258345],[-71.6334587,-16.4258135],[-71.6334805,-16.4258132],[-71.6334802,-16.4257922],[-71.6335017,-16.4257709],[-71.6335014,-16.4257499],[-71.6335232,-16.4257496],[-71.6335229,-16.4257286],[-71.6335226,-16.4257075],[-71.6335444,-16.4257073],[-71.6335441,-16.4256862],[-71.6335439,-16.4256652],[-71.6335656,-16.4256649],[-71.6335654,-16.4256439],[-71.6335651,-16.4256229],[-71.6335869,-16.4256226],[-71.6335866,-16.4256016],[-71.6335863,-16.4255805],[-71.6336078,-16.4255592],[-71.6336075,-16.4255382],[-71.6336072,-16.4255172],[-71.6336287,-16.4254959],[-71.6336284,-16.4254749],[-71.6336282,-16.4254538],[-71.6336279,-16.4254328],[-71.6336497,-16.4254325],[-71.6336494,-16.4254115],[-71.6336491,-16.4253905],[-71.6336488,-16.4253694],[-71.6336485,-16.4253484],[-71.6336483,-16.4253274],[-71.63367,-16.4253271],[-71.6336698,-16.4253061],[-71.6336695,-16.4252851],[-71.6336692,-16.425264],[-71.6336689,-16.425243],[-71.6336686,-16.425222],[-71.6336683,-16.4252009],[-71.6336681,-16.4251799],[-71.6336678,-16.4251589],[-71.6336675,-16.4251379],[-71.6336672,-16.4251168],[-71.6336669,-16.4250958],[-71.6336666,-16.4250748],[-71.6336664,-16.4250537],[-71.6336661,-16.4250327],[-71.6336876,-16.4250114],[-71.6336873,-16.4249904],[-71.633687,-16.4249694],[-71.6336867,-16.4249483],[-71.6336864,-16.4249273],[-71.6336862,-16.4249063],[-71.6337079,-16.424906],[-71.6337077,-16.424885],[-71.6337074,-16.424864],[-71.6337071,-16.4248429],[-71.6337286,-16.4248216],[-71.6337283,-16.4248006],[-71.633728,-16.4247796],[-71.6337495,-16.4247583],[-71.6337492,-16.4247372],[-71.633749,-16.4247162],[-71.6337708,-16.4247159],[-71.6337705,-16.4246949],[-71.6337702,-16.4246739],[-71.633792,-16.4246736],[-71.6337917,-16.4246526],[-71.6337914,-16.4246315],[-71.6338132,-16.4246313],[-71.6338129,-16.4246102],[-71.6338126,-16.4245892],[-71.6338344,-16.4245889],[-71.6338341,-16.4245679],[-71.6338559,-16.4245676],[-71.6338556,-16.4245466],[-71.6338553,-16.4245256],[-71.6338771,-16.4245253],[-71.6338768,-16.4245043],[-71.6338986,-16.424504],[-71.6338984,-16.424483],[-71.6339201,-16.4244827],[-71.6339199,-16.4244617],[-71.6339414,-16.4244404],[-71.6339411,-16.4244194],[-71.6339629,-16.4244191],[-71.6339626,-16.4243981],[-71.6339844,-16.4243978],[-71.6339841,-16.4243768],[-71.6340059,-16.4243765],[-71.6340056,-16.4243554],[-71.6340274,-16.4243552],[-71.6340271,-16.4243341],[-71.6340489,-16.4243339],[-71.6340486,-16.4243128],[-71.6340704,-16.4243126],[-71.6340701,-16.4242915],[-71.6340919,-16.4242913],[-71.6341134,-16.42427],[-71.6341352,-16.4242697],[-71.6341349,-16.4242487],[-71.6341567,-16.4242484],[-71.6341564,-16.4242274],[-71.6341782,-16.4242271],[-71.6342,-16.4242268],[-71.6341997,-16.4242058],[-71.6342215,-16.4242055],[-71.634243,-16.4241842],[-71.6342648,-16.4241839],[-71.6342645,-16.4241629],[-71.6342863,-16.4241626],[-71.634308,-16.4241624],[-71.6343078,-16.4241413],[-71.6343295,-16.4241411],[-71.6343513,-16.4241408],[-71.634351,-16.4241198],[-71.6343728,-16.4241195],[-71.6343725,-16.4240985],[-71.6343943,-16.4240982],[-71.6344161,-16.4240979],[-71.6344158,-16.4240769],[-71.6344376,-16.4240766],[-71.6344373,-16.4240556],[-71.6344591,-16.4240553],[-71.6344806,-16.424034],[-71.6345024,-16.4240337],[-71.6345021,-16.4240127],[-71.6345239,-16.4240124],[-71.6345236,-16.4239914],[-71.6345454,-16.4239911],[-71.6345451,-16.4239701],[-71.6345669,-16.4239698],[-71.6345887,-16.4239696],[-71.6345884,-16.4239485],[-71.6346102,-16.4239483],[-71.6346099,-16.4239272],[-71.6346317,-16.423927],[-71.6346314,-16.4239059],[-71.6346532,-16.4239057],[-71.6346529,-16.4238846],[-71.6346747,-16.4238844],[-71.6346744,-16.4238633],[-71.6346962,-16.4238631],[-71.6346959,-16.423842],[-71.6347177,-16.4238418],[-71.6347174,-16.4238207],[-71.6347392,-16.4238205],[-71.6347389,-16.4237994],[-71.6347607,-16.4237991],[-71.6347604,-16.4237781],[-71.6347822,-16.4237778],[-71.6347819,-16.4237568],[-71.6348037,-16.4237565],[-71.6348035,-16.4237355],[-71.6348252,-16.4237352],[-71.634825,-16.4237142],[-71.6348247,-16.4236932],[-71.6348465,-16.4236929],[-71.6348462,-16.4236719],[-71.634868,-16.4236716],[-71.6348677,-16.4236506],[-71.6348895,-16.4236503],[-71.6348892,-16.4236293],[-71.6348889,-16.4236083],[-71.6349107,-16.423608],[-71.6349104,-16.423587],[-71.6349101,-16.4235659],[-71.6349319,-16.4235657],[-71.6349316,-16.4235446],[-71.6349313,-16.4235236],[-71.6349528,-16.4235023],[-71.6349526,-16.4234813],[-71.6349523,-16.4234602],[-71.6349741,-16.42346],[-71.6349738,-16.4234389],[-71.6349735,-16.4234179],[-71.6349732,-16.4233969],[-71.6349729,-16.4233759],[-71.6349726,-16.4233548],[-71.6349944,-16.4233546],[-71.6349941,-16.4233335],[-71.6349939,-16.4233125],[-71.6349936,-16.4232915],[-71.6349933,-16.4232704],[-71.634993,-16.4232494],[-71.6349927,-16.4232284],[-71.6349924,-16.4232074],[-71.6349922,-16.4231863],[-71.6350137,-16.423165],[-71.6350134,-16.423144],[-71.6350131,-16.423123],[-71.6350128,-16.4231019],[-71.6350125,-16.4230809],[-71.635034,-16.4230596],[-71.6350337,-16.4230386],[-71.6350335,-16.4230176],[-71.6350332,-16.4229965],[-71.635055,-16.4229963],[-71.6350547,-16.4229752],[-71.6350544,-16.4229542],[-71.6350541,-16.4229332],[-71.6350759,-16.4229329],[-71.6350756,-16.4229119],[-71.6350753,-16.4228908],[-71.6350968,-16.4228695],[-71.6350966,-16.4228485],[-71.6350963,-16.4228275],[-71.6351181,-16.4228272],[-71.6351178,-16.4228062],[-71.6351175,-16.4227852],[-71.6351393,-16.4227849],[-71.635139,-16.4227639],[-71.6351605,-16.4227426],[-71.6351602,-16.4227215],[-71.6351817,-16.4227002],[-71.6351814,-16.4226792],[-71.6352032,-16.4226789],[-71.6352029,-16.4226579],[-71.6352244,-16.4226366],[-71.6352241,-16.4226156],[-71.6352459,-16.4226153],[-71.6352456,-16.4225943],[-71.6352674,-16.422594],[-71.6352672,-16.422573],[-71.6352887,-16.4225517],[-71.6353102,-16.4225304],[-71.6353099,-16.4225093],[-71.6353317,-16.4225091],[-71.6353314,-16.422488],[-71.6353532,-16.4224878],[-71.6353529,-16.4224667],[-71.6353747,-16.4224665],[-71.6353744,-16.4224454],[-71.6353962,-16.4224452],[-71.6353959,-16.4224241],[-71.6354177,-16.4224238],[-71.6354392,-16.4224025],[-71.6354607,-16.4223812],[-71.6354825,-16.422381],[-71.6354822,-16.4223599],[-71.635504,-16.4223597],[-71.6355037,-16.4223386],[-71.6355255,-16.4223384],[-71.6355252,-16.4223173],[-71.635547,-16.4223171],[-71.6355688,-16.4223168],[-71.6355685,-16.4222958],[-71.6355903,-16.4222955],[-71.6356118,-16.4222742],[-71.6356335,-16.4222739],[-71.6356333,-16.4222529],[-71.635655,-16.4222526],[-71.6356768,-16.4222523],[-71.6356765,-16.4222313],[-71.6356983,-16.422231],[-71.6357201,-16.4222308],[-71.6357198,-16.4222097],[-71.6357416,-16.4222095],[-71.6357634,-16.4222092],[-71.6357631,-16.4221882],[-71.6357849,-16.4221879],[-71.6358067,-16.4221876],[-71.6358285,-16.4221873],[-71.6358282,-16.4221663],[-71.63585,-16.422166],[-71.6358718,-16.4221658],[-71.6358936,-16.4221655],[-71.6359153,-16.4221652],[-71.6359371,-16.4221649],[-71.6359589,-16.4221647],[-71.6359807,-16.4221644],[-71.6360025,-16.4221641],[-71.6360243,-16.4221639],[-71.6360461,-16.4221636],[-71.6360463,-16.4221846],[-71.6360681,-16.4221843],[-71.6369653,-16.4224675],[-71.6369871,-16.4224672],[-71.6369874,-16.4224883],[-71.6370092,-16.422488],[-71.637031,-16.4224877],[-71.6370312,-16.4225087],[-71.637053,-16.4225085],[-71.6370533,-16.4225295],[-71.6370751,-16.4225292],[-71.6370754,-16.4225502],[-71.6370972,-16.42255],[-71.6371192,-16.4225707],[-71.6371413,-16.4225915],[-71.6371634,-16.4226122],[-71.6371637,-16.4226333],[-71.6371855,-16.422633],[-71.6371857,-16.422654],[-71.6372075,-16.4226537],[-71.6372078,-16.4226748],[-71.6372296,-16.4226745],[-71.6372299,-16.4226955],[-71.6372302,-16.4227165],[-71.6372519,-16.4227163],[-71.6372522,-16.4227373],[-71.6372525,-16.4227583],[-71.6372743,-16.4227581],[-71.6372746,-16.4227791],[-71.6372749,-16.4228001],[-71.6372967,-16.4227998],[-71.6372969,-16.4228209],[-71.6372972,-16.4228419],[-71.6373193,-16.4228626],[-71.6373196,-16.4228837],[-71.6373199,-16.4229047],[-71.6373201,-16.4229257],[-71.6373419,-16.4229255],[-71.6373422,-16.4229465],[-71.6373425,-16.4229675],[-71.6373428,-16.4229885],[-71.6373431,-16.4230096],[-71.6373433,-16.4230306],[-71.6373436,-16.4230516],[-71.6373654,-16.4230514],[-71.6373657,-16.4230724],[-71.637366,-16.4230934],[-71.6373663,-16.4231144],[-71.6373666,-16.4231355],[-71.6373883,-16.4231352],[-71.6373886,-16.4231562],[-71.6373889,-16.4231772],[-71.6373892,-16.4231983],[-71.637411,-16.423198],[-71.6374113,-16.423219],[-71.6374115,-16.4232401],[-71.6374333,-16.4232398],[-71.6374336,-16.4232608],[-71.6374339,-16.4232818],[-71.6374557,-16.4232816],[-71.637456,-16.4233026],[-71.6374562,-16.4233236],[-71.637478,-16.4233233],[-71.6374783,-16.4233444],[-71.6375004,-16.4233651],[-71.6375007,-16.4233862],[-71.6375225,-16.4233859],[-71.6375227,-16.4234069],[-71.6375448,-16.4234277],[-71.6375669,-16.4234484],[-71.6375672,-16.4234694],[-71.637589,-16.4234692],[-71.6375892,-16.4234902],[-71.637611,-16.4234899],[-71.6376113,-16.423511],[-71.6376331,-16.4235107],[-71.6376334,-16.4235317],[-71.6376552,-16.4235314],[-71.6376554,-16.4235525],[-71.6376772,-16.4235522],[-71.6376775,-16.4235732],[-71.6376993,-16.4235729],[-71.6377214,-16.4235937],[-71.6377432,-16.4235934],[-71.6377434,-16.4236145],[-71.6377652,-16.4236142],[-71.6377873,-16.4236349],[-71.6378091,-16.4236347],[-71.6378094,-16.4236557],[-71.6378312,-16.4236554],[-71.6378529,-16.4236551],[-71.6378532,-16.4236762],[-71.637875,-16.4236759],[-71.6378971,-16.4236966],[-71.6379189,-16.4236964],[-71.6379406,-16.4236961],[-71.6379409,-16.4237171],[-71.6379627,-16.4237169],[-71.6379845,-16.4237166],[-71.6380066,-16.4237373],[-71.6380284,-16.4237371],[-71.6380501,-16.4237368],[-71.6380719,-16.4237365],[-71.6380722,-16.4237575],[-71.638094,-16.4237573],[-71.6381158,-16.423757],[-71.6381376,-16.4237567],[-71.6381594,-16.4237564],[-71.6381814,-16.4237772],[-71.6382032,-16.4237769],[-71.638225,-16.4237766],[-71.6382468,-16.4237764],[-71.6382686,-16.4237761],[-71.6382904,-16.4237758],[-71.6383121,-16.4237756],[-71.6383339,-16.4237753],[-71.6383557,-16.423775],[-71.6383775,-16.4237747],[-71.6383993,-16.4237745],[-71.6384211,-16.4237742],[-71.6384429,-16.4237739],[-71.6384647,-16.4237736],[-71.6384644,-16.4237526],[-71.6384862,-16.4237523],[-71.6385079,-16.4237521],[-71.6385297,-16.4237518],[-71.6385515,-16.4237515],[-71.6385733,-16.4237512],[-71.638573,-16.4237302],[-71.6385948,-16.4237299],[-71.6386166,-16.4237297],[-71.6386384,-16.4237294],[-71.6386381,-16.4237084],[-71.6386599,-16.4237081],[-71.6386817,-16.4237078],[-71.6387034,-16.4237075],[-71.6387032,-16.4236865],[-71.6387249,-16.4236862],[-71.6387464,-16.4236649],[-71.6387682,-16.4236647],[-71.63879,-16.4236644],[-71.6387897,-16.4236434],[-71.6388115,-16.4236431],[-71.6388112,-16.4236221],[-71.638833,-16.4236218],[-71.6388548,-16.4236215],[-71.6388545,-16.4236005],[-71.6388763,-16.4236002],[-71.6388978,-16.4235789],[-71.6389196,-16.4235786],[-71.6389193,-16.4235576],[-71.6389411,-16.4235573],[-71.6389626,-16.423536],[-71.6389844,-16.4235358],[-71.6390059,-16.4235145],[-71.6390277,-16.4235142],[-71.6390492,-16.4234929],[-71.639071,-16.4234926],[-71.6390925,-16.4234713],[-71.6391143,-16.423471],[-71.639136,-16.4234708],[-71.6391358,-16.4234497],[-71.6391575,-16.4234494],[-71.6391793,-16.4234492],[-71.6392008,-16.4234279],[-71.6392226,-16.4234276],[-71.6392444,-16.4234273],[-71.6392441,-16.4234063],[-71.6392659,-16.423406],[-71.6392877,-16.4234057],[-71.6393095,-16.4234055],[-71.6393313,-16.4234052],[-71.639331,-16.4233842],[-71.6393528,-16.4233839],[-71.6393746,-16.4233836],[-71.6393963,-16.4233834],[-71.6394181,-16.4233831],[-71.6394399,-16.4233828],[-71.6394617,-16.4233825],[-71.6394614,-16.4233615],[-71.6394832,-16.4233612],[-71.639505,-16.423361],[-71.6395268,-16.4233607],[-71.6395486,-16.4233604],[-71.6395703,-16.4233601],[-71.6395921,-16.4233599],[-71.6396139,-16.4233596],[-71.6396357,-16.4233593],[-71.6396575,-16.423359],[-71.6396793,-16.4233588],[-71.6397011,-16.4233585],[-71.6397228,-16.4233582],[-71.6397446,-16.4233579],[-71.6397664,-16.4233577],[-71.6397667,-16.4233787],[-71.6397885,-16.4233784],[-71.6398103,-16.4233781],[-71.6398321,-16.4233779],[-71.6398538,-16.4233776],[-71.6398756,-16.4233773],[-71.6398977,-16.4233981],[-71.6399195,-16.4233978],[-71.6399413,-16.4233975],[-71.6399631,-16.4233973],[-71.6399851,-16.423418],[-71.6400069,-16.4234177],[-71.6400287,-16.4234175],[-71.6400508,-16.4234382],[-71.6400726,-16.4234379],[-71.6400943,-16.4234377],[-71.6400946,-16.4234587],[-71.6401164,-16.4234584],[-71.6401382,-16.4234581],[-71.6401603,-16.4234789],[-71.6401821,-16.4234786],[-71.6402041,-16.4234994],[-71.6402259,-16.4234991],[-71.640248,-16.4235199],[-71.6402698,-16.4235196],[-71.6402701,-16.4235406],[-71.6402918,-16.4235403],[-71.6403136,-16.4235401],[-71.6403139,-16.4235611],[-71.6403357,-16.4235608],[-71.640336,-16.4235818],[-71.6403578,-16.4235816],[-71.6403798,-16.4236023],[-71.6404016,-16.423602],[-71.6404019,-16.4236231],[-71.6404237,-16.4236228],[-71.640424,-16.4236438],[-71.6404458,-16.4236436],[-71.6404678,-16.4236643],[-71.6404899,-16.4236851],[-71.640512,-16.4237058],[-71.640534,-16.4237266],[-71.6405343,-16.4237476],[-71.6405561,-16.4237473],[-71.6405782,-16.4237681],[-71.6405785,-16.4237891],[-71.6406003,-16.4237888],[-71.6406005,-16.4238099],[-71.6406223,-16.4238096],[-71.6406226,-16.4238306],[-71.6406447,-16.4238514],[-71.6406667,-16.4238721],[-71.640667,-16.4238931],[-71.6406888,-16.4238929],[-71.6406891,-16.4239139],[-71.6406894,-16.4239349],[-71.6407112,-16.4239347],[-71.6407115,-16.4239557],[-71.6407332,-16.4239554],[-71.6407335,-16.4239764],[-71.6428524,-16.4275882],[-71.6428527,-16.4276092],[-71.6428745,-16.4276089],[-71.6428748,-16.42763],[-71.642875,-16.427651],[-71.6428968,-16.4276507],[-71.6428971,-16.4276718],[-71.6428974,-16.4276928],[-71.6429192,-16.4276925],[-71.6429195,-16.4277135],[-71.6429415,-16.4277343],[-71.6429418,-16.4277553],[-71.6429639,-16.4277761],[-71.6429642,-16.4277971],[-71.642986,-16.4277968],[-71.6429862,-16.4278178],[-71.6430083,-16.4278386],[-71.6430086,-16.4278596],[-71.6430307,-16.4278804],[-71.6430527,-16.4279011],[-71.643053,-16.4279222],[-71.6430748,-16.4279219],[-71.6430751,-16.4279429],[-71.6430972,-16.4279637],[-71.6431192,-16.4279844],[-71.6431195,-16.4280055],[-71.6431413,-16.4280052],[-71.6431416,-16.4280262],[-71.6431634,-16.4280259],[-71.6431637,-16.428047],[-71.6431857,-16.4280677],[-71.6432078,-16.4280885],[-71.6432299,-16.4281092],[-71.6432302,-16.4281302],[-71.6432519,-16.42813],[-71.6432522,-16.428151],[-71.643274,-16.4281507],[-71.6432961,-16.4281715],[-71.6433182,-16.4281922],[-71.6433402,-16.428213],[-71.6433623,-16.4282337],[-71.6433841,-16.4282335],[-71.6433844,-16.4282545],[-71.6434062,-16.4282542],[-71.6434064,-16.4282752],[-71.6434282,-16.428275],[-71.6434285,-16.428296],[-71.6434503,-16.4282957],[-71.6434506,-16.4283168],[-71.6434724,-16.4283165],[-71.6434942,-16.4283162],[-71.6434944,-16.4283372],[-71.6435162,-16.428337],[-71.6435165,-16.428358],[-71.6435383,-16.4283577],[-71.6435604,-16.4283785],[-71.6435822,-16.4283782],[-71.6435824,-16.4283992],[-71.6436042,-16.4283989],[-71.6436263,-16.4284197],[-71.6436481,-16.4284194],[-71.6436484,-16.4284404],[-71.6436702,-16.4284402],[-71.6436919,-16.4284399],[-71.6436922,-16.4284609],[-71.643714,-16.4284606],[-71.6437361,-16.4284814],[-71.6437579,-16.4284811],[-71.6437799,-16.4285019],[-71.6438017,-16.4285016],[-71.643802,-16.4285226],[-71.6438238,-16.4285224],[-71.6438456,-16.4285221],[-71.6438677,-16.4285428],[-71.6438894,-16.4285426],[-71.6439115,-16.4285633],[-71.6439333,-16.428563],[-71.6439551,-16.4285628],[-71.6439554,-16.4285838],[-71.6439772,-16.4285835],[-71.6439989,-16.4285832],[-71.6440207,-16.428583],[-71.644021,-16.428604],[-71.6440428,-16.4286037],[-71.6440646,-16.4286035],[-71.6440867,-16.4286242],[-71.6441084,-16.4286239],[-71.6441302,-16.4286237],[-71.644152,-16.4286234],[-71.6441523,-16.4286444],[-71.6441741,-16.4286441],[-71.6441959,-16.4286439],[-71.6442177,-16.4286436],[-71.6442395,-16.4286433],[-71.6442397,-16.4286643],[-71.6442615,-16.4286641],[-71.6442833,-16.4286638],[-71.6443051,-16.4286635],[-71.6443269,-16.4286632],[-71.644349,-16.428684],[-71.6443707,-16.4286837],[-71.6443925,-16.4286834],[-71.6444143,-16.4286832],[-71.6444361,-16.4286829],[-71.6444582,-16.4287036],[-71.64448,-16.4287034],[-71.6445017,-16.4287031],[-71.6445235,-16.4287028],[-71.6445238,-16.4287238],[-71.6445456,-16.4287236],[-71.6445674,-16.4287233],[-71.6445892,-16.428723],[-71.6446112,-16.4287438],[-71.644633,-16.4287435],[-71.6446548,-16.4287432],[-71.6446551,-16.4287643],[-71.6446769,-16.428764],[-71.6446987,-16.4287637],[-71.6447207,-16.4287845],[-71.6447425,-16.4287842],[-71.6447646,-16.4288049],[-71.6447864,-16.4288047],[-71.6447867,-16.4288257],[-71.6448085,-16.4288254],[-71.6448303,-16.4288251],[-71.6448305,-16.4288462],[-71.6448523,-16.4288459],[-71.6448741,-16.4288456],[-71.6448744,-16.4288666],[-71.6448962,-16.4288664],[-71.6449183,-16.4288871],[-71.64494,-16.4288869],[-71.6449403,-16.4289079],[-71.6449621,-16.4289076],[-71.6449842,-16.4289284],[-71.645006,-16.4289281],[-71.6450063,-16.4289491],[-71.645028,-16.4289488],[-71.6450283,-16.4289699],[-71.6450501,-16.4289696],[-71.6450722,-16.4289903],[-71.645094,-16.4289901],[-71.6450943,-16.4290111],[-71.645116,-16.4290108],[-71.6451163,-16.4290318],[-71.6451381,-16.4290316],[-71.6451384,-16.4290526],[-71.6451602,-16.4290523],[-71.6451605,-16.4290734],[-71.6451823,-16.4290731],[-71.6451825,-16.4290941],[-71.6452043,-16.4290938],[-71.6452046,-16.4291149],[-71.6452264,-16.4291146],[-71.6452267,-16.4291356],[-71.6452485,-16.4291353],[-71.6452487,-16.4291564],[-71.6452705,-16.4291561],[-71.6452708,-16.4291771],[-71.6452929,-16.4291979],[-71.6452932,-16.4292189],[-71.645315,-16.4292186],[-71.6453152,-16.4292397],[-71.645337,-16.4292394],[-71.6453373,-16.4292604],[-71.6453594,-16.4292812],[-71.6453597,-16.4293022],[-71.6453815,-16.4293019],[-71.6453817,-16.4293229],[-71.645382,-16.429344],[-71.6454038,-16.4293437],[-71.6454041,-16.4293647],[-71.6454259,-16.4293644],[-71.6454262,-16.4293855],[-71.6454265,-16.4294065],[-71.6454482,-16.4294062],[-71.6454485,-16.4294273],[-71.6454488,-16.4294483],[-71.6454706,-16.429448],[-71.6454709,-16.429469],[-71.6454712,-16.4294901],[-71.645493,-16.4294898],[-71.6454932,-16.4295108],[-71.6454935,-16.4295318],[-71.6455153,-16.4295316],[-71.6464133,-16.4314762],[-71.6464136,-16.4314972],[-71.6464138,-16.4315182],[-71.6464141,-16.4315392],[-71.6464359,-16.431539],[-71.6464362,-16.43156],[-71.6464365,-16.431581],[-71.6464368,-16.431602],[-71.6464586,-16.4316018],[-71.6464588,-16.4316228],[-71.6464591,-16.4316438],[-71.6464809,-16.4316436],[-71.6464812,-16.4316646],[-71.6464815,-16.4316856],[-71.6465033,-16.4316853],[-71.6465035,-16.4317064],[-71.6465038,-16.4317274],[-71.6465256,-16.4317271],[-71.6465259,-16.4317481],[-71.646548,-16.4317689],[-71.6465483,-16.4317899],[-71.64657,-16.4317896],[-71.6465703,-16.4318107],[-71.6465921,-16.4318104],[-71.6465924,-16.4318314],[-71.6466142,-16.4318312],[-71.6466145,-16.4318522],[-71.6466365,-16.4318729],[-71.6466368,-16.431894],[-71.6466586,-16.4318937],[-71.6466589,-16.4319147],[-71.6466807,-16.4319144],[-71.646681,-16.4319355],[-71.6467028,-16.4319352],[-71.6467248,-16.4319559],[-71.6467466,-16.4319557],[-71.6467469,-16.4319767],[-71.6467687,-16.4319764],[-71.646769,-16.4319975],[-71.6467908,-16.4319972],[-71.6467911,-16.4320182],[-71.6468128,-16.4320179],[-71.6468346,-16.4320177],[-71.6468349,-16.4320387],[-71.6468567,-16.4320384],[-71.6468785,-16.4320381],[-71.6468788,-16.4320592],[-71.6469006,-16.4320589],[-71.6469226,-16.4320796],[-71.6469444,-16.4320794],[-71.6469665,-16.4321001],[-71.6469883,-16.4320998],[-71.6470101,-16.4320996],[-71.6470103,-16.4321206],[-71.6470321,-16.4321203],[-71.6470539,-16.43212],[-71.6470757,-16.4321198],[-71.647076,-16.4321408],[-71.6470978,-16.4321405],[-71.6486718,-16.4325202],[-71.6486936,-16.43252],[-71.6487157,-16.4325407],[-71.6487375,-16.4325404],[-71.6487593,-16.4325402],[-71.6487811,-16.4325399],[-71.6488029,-16.4325396],[-71.6488031,-16.4325606],[-71.6488249,-16.4325604],[-71.6488467,-16.4325601],[-71.6488685,-16.4325598],[-71.6488903,-16.4325595],[-71.6489121,-16.4325593],[-71.6489339,-16.432559],[-71.6489556,-16.4325587],[-71.6489774,-16.4325584],[-71.6489992,-16.4325582],[-71.649021,-16.4325579],[-71.6490428,-16.4325576],[-71.6490646,-16.4325573],[-71.6490864,-16.4325571],[-71.6491082,-16.4325568],[-71.6491297,-16.4325355],[-71.6491514,-16.4325352],[-71.6491732,-16.4325349],[-71.649195,-16.4325347],[-71.6492168,-16.4325344],[-71.6492165,-16.4325134],[-71.6492383,-16.4325131],[-71.6492601,-16.4325128],[-71.6492819,-16.4325125],[-71.6492816,-16.4324915],[-71.6493034,-16.4324912],[-71.6493252,-16.432491],[-71.649347,-16.4324907],[-71.6493467,-16.4324697],[-71.6493685,-16.4324694],[-71.6493902,-16.4324691],[-71.64939,-16.4324481],[-71.6494117,-16.4324478],[-71.6494335,-16.4324475],[-71.6494332,-16.4324265],[-71.649455,-16.4324262],[-71.6494768,-16.4324259],[-71.6494765,-16.4324049],[-71.6494983,-16.4324046],[-71.649498,-16.4323836],[-71.6495198,-16.4323833],[-71.6495416,-16.4323831],[-71.6495413,-16.432362],[-71.6495631,-16.4323618],[-71.6495849,-16.4323615],[-71.6495846,-16.4323405],[-71.6496064,-16.4323402],[-71.6496282,-16.4323399],[-71.6496279,-16.4323189],[-71.6496497,-16.4323186],[-71.6496712,-16.4322973],[-71.649693,-16.432297],[-71.6497148,-16.4322968],[-71.6497145,-16.4322757],[-71.6497363,-16.4322755],[-71.6497581,-16.4322752],[-71.6497578,-16.4322541],[-71.6497796,-16.4322539],[-71.6498013,-16.4322536],[-71.6498231,-16.4322533],[-71.6498228,-16.4322323],[-71.6498446,-16.432232],[-71.6498664,-16.4322317],[-71.6498882,-16.4322315],[-71.6498879,-16.4322104],[-71.6499097,-16.4322102],[-71.6499315,-16.4322099],[-71.6499533,-16.4322096],[-71.6499751,-16.4322093],[-71.6499748,-16.4321883],[-71.6499966,-16.432188],[-71.6500184,-16.4321878],[-71.6500401,-16.4321875],[-71.6500619,-16.4321872],[-71.6500837,-16.4321869],[-71.6501055,-16.4321867],[-71.6501052,-16.4321656],[-71.650127,-16.4321654],[-71.6501488,-16.4321651],[-71.6501706,-16.4321648],[-71.6501924,-16.4321645],[-71.6502141,-16.4321643],[-71.6502359,-16.432164],[-71.6502577,-16.4321637],[-71.6502795,-16.4321634],[-71.6503013,-16.4321632],[-71.6503231,-16.4321629],[-71.6503449,-16.4321626],[-71.6533959,-16.4321871],[-71.6534177,-16.4321868],[-71.6534179,-16.4322079],[-71.6534397,-16.4322076],[-71.6534615,-16.4322073],[-71.6534833,-16.432207],[-71.6535051,-16.4322068],[-71.6535269,-16.4322065],[-71.6535487,-16.4322062],[-71.6535705,-16.4322059],[-71.6535922,-16.4322057],[-71.653614,-16.4322054],[-71.6536358,-16.4322051],[-71.6536576,-16.4322048],[-71.6536794,-16.4322046],[-71.6537012,-16.4322043],[-71.653723,-16.432204],[-71.6537447,-16.4322037],[-71.6537665,-16.4322035],[-71.6537883,-16.4322032],[-71.653788,-16.4321822],[-71.6538098,-16.4321819],[-71.6538316,-16.4321816],[-71.6538534,-16.4321813],[-71.6538752,-16.4321811],[-71.653897,-16.4321808],[-71.6539188,-16.4321805],[-71.6539185,-16.4321595],[-71.6539403,-16.4321592],[-71.653962,-16.4321589],[-71.6539838,-16.4321586],[-71.6540056,-16.4321584],[-71.6540271,-16.4321371],[-71.6540489,-16.4321368],[-71.6540707,-16.4321365],[-71.6540925,-16.4321362],[-71.6540922,-16.4321152],[-71.654114,-16.4321149],[-71.6541358,-16.4321147],[-71.6541576,-16.4321144],[-71.6541573,-16.4320934],[-71.6541791,-16.4320931],[-71.6542008,-16.4320928],[-71.6542006,-16.4320718],[-71.6542223,-16.4320715],[-71.6542441,-16.4320712],[-71.654937,-16.431747],[-71.6549588,-16.4317467],[-71.6549803,-16.4317254],[-71.6550021,-16.4317251],[-71.6550236,-16.4317038],[-71.6550454,-16.4317036],[-71.6550451,-16.4316825],[-71.6550669,-16.4316823],[-71.6550887,-16.431682],[-71.6551102,-16.4316607],[-71.655132,-16.4316604],[-71.6551535,-16.4316391],[-71.6551752,-16.4316388],[-71.655197,-16.4316385],[-71.6551967,-16.4316175],[-71.6552185,-16.4316172],[-71.6552403,-16.431617],[-71.65524,-16.4315959],[-71.6552618,-16.4315957],[-71.6552836,-16.4315954],[-71.6552833,-16.4315744],[-71.6553051,-16.4315741],[-71.6553269,-16.4315738],[-71.6553484,-16.4315525],[-71.6553702,-16.4315522],[-71.655392,-16.4315519],[-71.6553917,-16.4315309],[-71.6554135,-16.4315306],[-71.6554352,-16.4315304],[-71.655435,-16.4315093],[-71.6554568,-16.4315091],[-71.6554785,-16.4315088],[-71.6555003,-16.4315085],[-71.6555,-16.4314875],[-71.6555218,-16.4314872],[-71.6555436,-16.4314869],[-71.6555651,-16.4314656],[-71.6555869,-16.4314654],[-71.6556087,-16.4314651],[-71.6556084,-16.4314441],[-71.6556302,-16.4314438],[-71.655652,-16.4314435],[-71.6556517,-16.4314225],[-71.6556735,-16.4314222]]}},{"type":"Feature","properties":{"nivel":"Interregionales","ancho":6.0,"color":["#000000"]},"geometry":{"type":"LineString","coordinates":[[-71.4405765,-16.4043774],[-71.4439806,-16.4082502],[-71.4443134,-16.4087301],[-71.4443355,-16.4087509],[-71.4444074,-16.4092759],[-71.4442872,-16.4101187],[-71.4442058,-16.4105824],[-71.4443631,-16.4109592],[-71.4443848,-16.4109589],[-71.4447153,-16.4112495],[-71.4451312,-16.4113919],[-71.4451529,-16.4113917],[-71.4465067,-16.4116073],[-71.4472498,-16.4117879],[-71.4495699,-16.4126022],[-71.4499855,-16.4127236],[-71.4502923,-16.4128673],[-71.4502926,-16.4128883],[-71.4509701,-16.4130486],[-71.4511455,-16.4131307],[-71.4515201,-16.4134629],[-71.4515663,-16.4136727],[-71.4515666,-16.4136937],[-71.4514805,-16.4137789],[-71.4514807,-16.4137999],[-71.4512673,-16.41416],[-71.4512718,-16.4145175],[-71.4513231,-16.4151269],[-71.4511737,-16.4153811],[-71.4509353,-16.415489],[-71.4508918,-16.4154895],[-71.450282,-16.4155177],[-71.4502602,-16.4155179],[-71.4500864,-16.415562],[-71.4500867,-16.415583],[-71.4500013,-16.4157313],[-71.450047,-16.415899],[-71.4500473,-16.4159201],[-71.4502452,-16.416065],[-71.450267,-16.4160647],[-71.4504865,-16.4161884],[-71.4504867,-16.4162094],[-71.4507314,-16.4166062],[-71.4508861,-16.4167727],[-71.4510614,-16.4168547],[-71.4510835,-16.4168755],[-71.4512594,-16.4169997],[-71.4512811,-16.4169994],[-71.4513029,-16.4169992],[-71.4515001,-16.417081],[-71.4519584,-16.4171387],[-71.4521338,-16.4172208],[-71.4523535,-16.4173655],[-71.4523756,-16.4173863],[-71.4523974,-16.417386],[-71.4525509,-16.4174684],[-71.4527473,-16.4174871],[-71.4527688,-16.4174658],[-71.4528778,-16.4174646],[-71.4533957,-16.4170589],[-71.4535479,-16.417036],[-71.4538102,-16.4170961],[-71.453832,-16.4170958],[-71.4540507,-16.4171564],[-71.4540724,-16.4171561],[-71.4547232,-16.4169171],[-71.4550726,-16.4169761],[-71.4552921,-16.4170998],[-71.4555331,-16.4172021],[-71.4559484,-16.4173024],[-71.4562125,-16.4175097],[-71.4562343,-16.4175094],[-71.4563666,-16.4176341],[-71.4564978,-16.4176746],[-71.4565196,-16.4176744],[-71.4566278,-16.41761],[-71.4566493,-16.4175887],[-71.4567125,-16.4174197],[-71.4567091,-16.4171463],[-71.4564862,-16.4167493],[-71.456021,-16.4161447],[-71.4559745,-16.4159139],[-71.4561231,-16.4155966],[-71.4563606,-16.4154256],[-71.4568791,-16.4150619],[-71.4573297,-16.4145098],[-71.4573515,-16.4145095],[-71.4574597,-16.4144452],[-71.4574815,-16.4144449],[-71.4576552,-16.4144008],[-71.4576768,-16.4143795],[-71.4576985,-16.4143793],[-71.4578731,-16.4143983],[-71.4578949,-16.414398],[-71.4582451,-16.4145201],[-71.4592099,-16.4149926],[-71.4594732,-16.4151367],[-71.459495,-16.4151365],[-71.4596257,-16.415135],[-71.4597564,-16.4151334],[-71.4597779,-16.4151121],[-71.4599076,-16.4150265],[-71.4602289,-16.414581],[-71.4603955,-16.4139691],[-71.4603952,-16.413948],[-71.4604588,-16.4138001],[-71.4604585,-16.413779],[-71.4605653,-16.4136095],[-71.4606514,-16.4135244],[-71.4607819,-16.4135018],[-71.4609777,-16.4134785]]}},{"type":"Feature","properties":{"nivel":"Interregionales","ancho":6.0,"color":["#000000"]},"geometry":{"type":"LineString","coordinates":[[-71.4662638,-16.4869085],[-71.4656254,-16.4864113],[-71.4655361,-16.486244],[-71.4657277,-16.4858842],[-71.4659411,-16.4855241],[-71.4659757,-16.4848086],[-71.4659488,-16.4844092],[-71.4659421,-16.4838835],[-71.4658286,-16.4835272],[-71.4656949,-16.4832974],[-71.4655174,-16.4830471],[-71.4651878,-16.4828407],[-71.4648611,-16.4828656],[-71.4645339,-16.4828484],[-71.4642963,-16.4830195],[-71.4642745,-16.4830197],[-71.4641023,-16.48319],[-71.4640589,-16.4832116],[-71.4638423,-16.4833193],[-71.463799,-16.4833408],[-71.4637556,-16.4833624],[-71.4634077,-16.4834296],[-71.4631026,-16.4834332],[-71.4628413,-16.4834573],[-71.4627767,-16.4835211],[-71.462887,-16.483625],[-71.463215,-16.4837053],[-71.4635861,-16.483743],[-71.4638694,-16.4837396],[-71.4640866,-16.483674],[-71.4642819,-16.4836086],[-71.4643912,-16.4836283],[-71.464414,-16.4837122],[-71.4642843,-16.4837978],[-71.4639805,-16.4839066],[-71.463959,-16.4839279],[-71.4636985,-16.4840151],[-71.4632631,-16.4840623],[-71.462655,-16.4842377],[-71.4624607,-16.4843872],[-71.4623549,-16.4846409],[-71.4623334,-16.4846622],[-71.4620755,-16.4849597],[-71.4613664,-16.4857673],[-71.4611505,-16.4859381],[-71.4608943,-16.4863618],[-71.4608108,-16.4866573],[-71.4608146,-16.4869517],[-71.4608393,-16.4871828],[-71.4608087,-16.4882138],[-71.460789,-16.4883823],[-71.460725,-16.4884882],[-71.4606612,-16.4886152],[-71.4602928,-16.4887878],[-71.4598584,-16.4889191],[-71.4596833,-16.4888581],[-71.4593329,-16.488736],[-71.4590698,-16.4886129],[-71.4588497,-16.4884472],[-71.4586743,-16.4883651],[-71.4586094,-16.4884079],[-71.4586105,-16.4884921],[-71.4587,-16.4886803],[-71.4587886,-16.4887844],[-71.4589908,-16.4892658],[-71.4589294,-16.4895821],[-71.4588024,-16.489878],[-71.458674,-16.4900689],[-71.4586743,-16.4900899],[-71.4585456,-16.4902597],[-71.458309,-16.4905149],[-71.4581596,-16.490769],[-71.4580315,-16.4909809],[-71.4579465,-16.4911501],[-71.4578835,-16.4913402],[-71.4579534,-16.4916969],[-71.458044,-16.4919693],[-71.4580033,-16.4922012],[-71.4578965,-16.4923707],[-71.4577458,-16.4925197],[-71.4571035,-16.4934527],[-71.4569339,-16.4938333],[-71.4567425,-16.4942142],[-71.4566149,-16.4944681],[-71.456254,-16.4952296],[-71.4560841,-16.4955891],[-71.4560844,-16.4956102],[-71.4559355,-16.4959064],[-71.4557425,-16.4961611],[-71.4555907,-16.496226],[-71.4548953,-16.4964024],[-71.4545482,-16.4965327],[-71.4542449,-16.4966835],[-71.4537672,-16.4968363],[-71.4535285,-16.4969233],[-71.4535067,-16.4969235],[-71.4534849,-16.4969238],[-71.4531582,-16.4969486],[-71.4528312,-16.4969525],[-71.4525476,-16.4969348],[-71.4523945,-16.4968945],[-71.4522427,-16.4969594],[-71.4521353,-16.4970868],[-71.4521371,-16.4972341],[-71.4522475,-16.4973379],[-71.4527509,-16.4975003],[-71.4530797,-16.4976437],[-71.4531252,-16.4977904],[-71.4531034,-16.4977906],[-71.4528647,-16.4978776],[-71.4526709,-16.4980692],[-71.4526491,-16.4980694],[-71.4525863,-16.4982805],[-71.4525241,-16.4985336],[-71.4524396,-16.498745],[-71.4525712,-16.4988065],[-71.4527442,-16.4986993],[-71.4530696,-16.4985693],[-71.4534388,-16.4984598],[-71.4536565,-16.4984362],[-71.4537671,-16.4985611],[-71.4536831,-16.4988145],[-71.4533819,-16.4991335],[-71.4531448,-16.4993467],[-71.452623,-16.499458],[-71.4522309,-16.4994836],[-71.4513808,-16.4994936],[-71.4508813,-16.4996467],[-71.45036,-16.4998],[-71.449839,-16.4999744],[-71.4495351,-16.5000831],[-71.4493839,-16.5001901],[-71.4484984,-16.5008525],[-71.448173,-16.5009825],[-71.4474996,-16.5011797],[-71.4469361,-16.5014387],[-71.4467409,-16.5015251],[-71.4458812,-16.5025028],[-71.4455125,-16.5026543],[-71.4451422,-16.5026797],[-71.4447041,-16.5025165],[-71.4444194,-16.5024147],[-71.4439404,-16.5024624],[-71.4430674,-16.5023884],[-71.4424145,-16.5024802],[-71.4418041,-16.5024873]]}},{"type":"Feature","properties":{"nivel":"Interregionales","ancho":6.0,"color":["#000000"]},"geometry":{"type":"LineString","coordinates":[[-71.5219083,-16.2950536],[-71.5222744,-16.2947337],[-71.5225547,-16.29452],[-71.5229854,-16.2941363],[-71.5232867,-16.2938593],[-71.5233055,-16.2936277],[-71.523237,-16.2933761],[-71.5228663,-16.2933385],[-71.5228007,-16.2933182],[-71.5222768,-16.2932193],[-71.5214056,-16.2932087],[-71.5208169,-16.2931526],[-71.5205102,-16.293009],[-71.5201596,-16.2928449],[-71.5198059,-16.2924285],[-71.5193865,-16.2919918],[-71.5191855,-16.2915945],[-71.5190083,-16.2913653],[-71.5188763,-16.2912617],[-71.518746,-16.2912843],[-71.5187054,-16.2915161],[-71.518728,-16.291579],[-71.5186884,-16.2918949],[-71.5186935,-16.2922945],[-71.5186113,-16.2926741],[-71.5183508,-16.2927403],[-71.5180446,-16.2926388],[-71.517803,-16.2924734],[-71.517256,-16.2922696],[-71.516817,-16.2920014],[-71.5165326,-16.2918996],[-71.5162907,-16.2917132],[-71.516267,-16.2915662],[-71.5163305,-16.2914182],[-71.5164385,-16.2913538],[-71.5167638,-16.2912448],[-71.5170224,-16.2910314],[-71.5172791,-16.2906707],[-71.5174057,-16.2903537],[-71.5176205,-16.2901198],[-71.5177702,-16.2899077],[-71.5177699,-16.2898867],[-71.5177232,-16.2896348],[-71.51757,-16.2895735],[-71.5173958,-16.2895756],[-71.5171791,-16.2896623],[-71.5168966,-16.2897078],[-71.5168315,-16.2897296],[-71.5164614,-16.289734],[-71.5164176,-16.2897135],[-71.5158714,-16.2895727],[-71.5156087,-16.2894707],[-71.5153856,-16.2890527],[-71.5153636,-16.2890319],[-71.5152515,-16.2887808],[-71.5149685,-16.2887842],[-71.5143171,-16.2889392],[-71.5138384,-16.2889659],[-71.5134868,-16.2887177],[-71.5131347,-16.2884274],[-71.5128068,-16.2883262],[-71.5121302,-16.288208],[-71.5114308,-16.288006],[-71.510969,-16.2876539],[-71.5103561,-16.2874088],[-71.5099387,-16.2871193],[-71.5097199,-16.2870377],[-71.5093258,-16.2868741],[-71.5092995,-16.2865169],[-71.5094713,-16.2863255],[-71.5099056,-16.2862362],[-71.5107099,-16.2861215],[-71.5112061,-16.2857581],[-71.5117013,-16.2853105],[-71.5123741,-16.2851342],[-71.5130488,-16.2851052],[-71.5135017,-16.2847632],[-71.5135837,-16.2843626],[-71.5137311,-16.2839612],[-71.5138579,-16.2836653],[-71.5147482,-16.2834654],[-71.5153116,-16.2832483],[-71.5155675,-16.2828246],[-71.5156522,-16.2826343],[-71.5160221,-16.2826089],[-71.5162156,-16.2824173],[-71.516432,-16.2823095],[-71.5165814,-16.2820764],[-71.5163839,-16.2819525],[-71.5163403,-16.2819531],[-71.5158398,-16.2819801],[-71.5155116,-16.2818578],[-71.5152273,-16.281756],[-71.5151834,-16.2817355],[-71.514509,-16.2817856],[-71.5138344,-16.2818146],[-71.5131806,-16.2817803],[-71.5124823,-16.2816624],[-71.5121098,-16.2814775],[-71.5117792,-16.281166],[-71.5115781,-16.2807687],[-71.5114174,-16.2801186],[-71.5112156,-16.2796582],[-71.5110379,-16.2793869],[-71.5104936,-16.2793934],[-71.510059,-16.2794616],[-71.509662,-16.2790667],[-71.5094626,-16.2787956],[-71.5092876,-16.2787346],[-71.5090932,-16.2788631],[-71.5088755,-16.2788657],[-71.5087435,-16.2787621],[-71.5086997,-16.2787416],[-71.5084143,-16.2785557],[-71.5081753,-16.2786006],[-71.5080904,-16.2787699],[-71.5078522,-16.2788778],[-71.50772,-16.2787532],[-71.5076273,-16.2783126],[-71.5075141,-16.2779774],[-71.5074459,-16.2777469],[-71.5073322,-16.2773696],[-71.5073269,-16.276949],[-71.5073656,-16.2765699],[-71.5074498,-16.2763376],[-71.5075557,-16.2761049],[-71.5074861,-16.2757692],[-71.5072445,-16.2756038],[-71.5069612,-16.2755861],[-71.5067883,-16.2756934],[-71.5067482,-16.2759673],[-71.5067536,-16.2763879],[-71.5067565,-16.2766192],[-71.5066272,-16.2767259],[-71.5065425,-16.2769162],[-71.5066113,-16.2771888],[-71.50646,-16.2772748],[-71.5061998,-16.277362],[-71.5061783,-16.2773833],[-71.5061135,-16.2774261],[-71.5060944,-16.2776367],[-71.5060745,-16.2777841],[-71.5059882,-16.2778483],[-71.5058581,-16.2778919],[-71.5055106,-16.2779591],[-71.5052711,-16.2779619],[-71.5051853,-16.2780681],[-71.5051877,-16.2782574],[-71.5051259,-16.2785316],[-71.5049554,-16.278828],[-71.504653,-16.2790209],[-71.5043703,-16.2790453],[-71.50413,-16.2789851],[-71.503866,-16.2787778],[-71.5036889,-16.2785486],[-71.5035121,-16.2783403],[-71.5033365,-16.2782372],[-71.5031409,-16.2782606],[-71.5029032,-16.2784106],[-71.5025538,-16.2783306],[-71.5023573,-16.2782909],[-71.5021388,-16.2782304],[-71.5019198,-16.2781278],[-71.5016999,-16.2779621],[-71.5015682,-16.2778796],[-71.5014153,-16.2778393],[-71.5012873,-16.2780512],[-71.5013332,-16.2782399],[-71.5013144,-16.2784715],[-71.501209,-16.2787462],[-71.5009268,-16.2788126],[-71.5007951,-16.27873],[-71.5006411,-16.2786057],[-71.5004199,-16.2783348],[-71.5001756,-16.2779591],[-71.4999103,-16.2776468],[-71.4997762,-16.2773749],[-71.4995341,-16.2771674],[-71.4993134,-16.2769387],[-71.4992035,-16.2768558],[-71.4990696,-16.276605],[-71.4990455,-16.276416],[-71.4989778,-16.2762275],[-71.4988893,-16.2761234],[-71.4988676,-16.2761236],[-71.4987141,-16.2760413],[-71.4985182,-16.2760436],[-71.4982803,-16.2761726],[-71.4981746,-16.2764263],[-71.4980689,-16.2766799],[-71.4979194,-16.2769131],[-71.4977705,-16.2771883],[-71.4975777,-16.2774429],[-71.4974038,-16.277466],[-71.4972286,-16.277384],[-71.4969219,-16.2772404],[-71.4967682,-16.277137],[-71.4965927,-16.2770339],[-71.496529,-16.2771609],[-71.4964432,-16.277267],[-71.4962488,-16.2773955],[-71.4960526,-16.2773768],[-71.4958325,-16.2771901],[-71.4956753,-16.2768134],[-71.4955202,-16.2766049],[-71.4953222,-16.2764389],[-71.4950171,-16.2764215],[-71.4948026,-16.2766764],[-71.4948065,-16.2769919],[-71.4947466,-16.2774133],[-71.494711,-16.2780447],[-71.4946746,-16.278613],[-71.4947909,-16.2792006],[-71.4949271,-16.2796407],[-71.4949967,-16.2799764],[-71.4948717,-16.2804196],[-71.4946372,-16.280822],[-71.4942544,-16.2815417],[-71.4939357,-16.2821764],[-71.4935914,-16.282496],[-71.4933096,-16.2826045],[-71.4930919,-16.2826071],[-71.4929167,-16.282525],[-71.492653,-16.2823388],[-71.4924329,-16.2821521],[-71.4922797,-16.2820908],[-71.4921506,-16.2822185],[-71.4921092,-16.2823873],[-71.4919626,-16.2828517],[-71.491814,-16.283148],[-71.4916653,-16.2834442],[-71.4914948,-16.2837407],[-71.4912577,-16.2839328],[-71.4910418,-16.2840826],[-71.4906942,-16.2841498],[-71.4904529,-16.2840054],[-71.4901645,-16.2835881],[-71.4896998,-16.2830046],[-71.4892349,-16.2824001],[-71.4888369,-16.281921],[-71.4884187,-16.2815684],[-71.4881338,-16.2814245],[-71.4877201,-16.2814293],[-71.4874631,-16.2817689],[-71.4872708,-16.2820656],[-71.4870361,-16.282447],[-71.4867339,-16.2826609],[-71.4864312,-16.2828327],[-71.4862825,-16.283129],[-71.4861158,-16.2837199],[-71.4860101,-16.2839735],[-71.4857369,-16.284755],[-71.4854772,-16.2848842],[-71.4851075,-16.2849306],[-71.4848224,-16.2847657],[-71.4846238,-16.2845577],[-71.4843612,-16.2844556],[-71.4836445,-16.2846113],[-71.4828819,-16.2845782],[-71.4824018,-16.2844997],[-71.482225,-16.2842914],[-71.4821127,-16.2840193],[-71.4820214,-16.2836838],[-71.4819322,-16.2835166],[-71.4817147,-16.2835402],[-71.4813034,-16.2837343],[-71.4808241,-16.2837189],[-71.4804083,-16.2835555],[-71.4800796,-16.2833911],[-71.4801412,-16.2830959],[-71.4802886,-16.2826945],[-71.4804368,-16.2823563],[-71.4804976,-16.281998],[-71.480342,-16.2817474],[-71.4800783,-16.2815612],[-71.479709,-16.2816286],[-71.4792563,-16.2819915],[-71.4786758,-16.2825872],[-71.4783747,-16.2828853],[-71.478115,-16.2830145],[-71.4779187,-16.2829958],[-71.4778287,-16.2827654],[-71.4777823,-16.2825346],[-71.477627,-16.2823051],[-71.4772956,-16.2819303],[-71.4770569,-16.2819962],[-71.4769085,-16.2823135],[-71.4768872,-16.2823558],[-71.4767603,-16.2826518],[-71.4761705,-16.2825114],[-71.4756191,-16.28195],[-71.4751823,-16.2818499],[-71.4748347,-16.2819171],[-71.4747915,-16.2819386],[-71.4744656,-16.2820055],[-71.473925,-16.2823063],[-71.473514,-16.2825215],[-71.4730588,-16.2826951],[-71.4726908,-16.2828677],[-71.4724072,-16.2828289],[-71.4723852,-16.2828081],[-71.4722084,-16.2825999],[-71.4722918,-16.2823044],[-71.4724184,-16.2819874],[-71.4724182,-16.2819664],[-71.4724572,-16.2816084],[-71.4722993,-16.2811685],[-71.4720577,-16.281003],[-71.4717502,-16.2807963],[-71.4712641,-16.2802341],[-71.4710408,-16.2797949],[-71.4708176,-16.2793558],[-71.4706379,-16.2789162],[-71.47031,-16.2788149],[-71.4699417,-16.2789664],[-71.469773,-16.2794101],[-71.4692015,-16.2807209],[-71.468883,-16.2813767],[-71.4687569,-16.2817357],[-71.46861,-16.2821792],[-71.4684156,-16.2823076],[-71.4680688,-16.2824379],[-71.467785,-16.2823781],[-71.4675861,-16.282149],[-71.467452,-16.2818772],[-71.4672558,-16.2818584],[-71.4669305,-16.2819674],[-71.4667139,-16.282054],[-71.4665397,-16.2820561],[-71.4664287,-16.2818891],[-71.4663164,-16.281617],[-71.466313,-16.2813436],[-71.4662639,-16.2809024],[-71.4662634,-16.2808604],[-71.4661944,-16.2805667],[-71.4660832,-16.2803787],[-71.4656894,-16.280236],[-71.4654056,-16.2801762],[-71.4650575,-16.2802013],[-71.4647747,-16.2802257],[-71.464404,-16.2801879],[-71.4641189,-16.280023],[-71.4639861,-16.2798562],[-71.4639179,-16.2796256],[-71.4639803,-16.2793935],[-71.4640215,-16.2792038],[-71.4641477,-16.2788447],[-71.4641225,-16.2785716],[-71.4641207,-16.2784243],[-71.4641574,-16.277877],[-71.464219,-16.2775818],[-71.4643221,-16.2771179],[-71.4644262,-16.2767381],[-71.4645083,-16.2763374],[-71.4644818,-16.2759591],[-71.4643263,-16.2757085],[-71.4641065,-16.2755428],[-71.4639297,-16.2753346],[-71.4638166,-16.2749993],[-71.4638788,-16.2747462],[-71.4640514,-16.274618],[-71.4642234,-16.2744477],[-71.464309,-16.2743205],[-71.4643284,-16.274131],[-71.4643478,-16.2739414],[-71.464433,-16.2737932],[-71.4645616,-16.2736234],[-71.4646681,-16.2734329],[-71.4647743,-16.2732213],[-71.464858,-16.2729469],[-71.4649826,-16.2724616],[-71.4651242,-16.2715976],[-71.465184,-16.2711552],[-71.4652438,-16.2707128],[-71.4652627,-16.2704812],[-71.465238,-16.2702501],[-71.465105,-16.2700623],[-71.4649067,-16.2698753],[-71.4643349,-16.2694192],[-71.4638732,-16.269067],[-71.4635007,-16.2688821],[-71.4632838,-16.2689477],[-71.4628515,-16.2692051],[-71.4623355,-16.269737],[-71.4618392,-16.2701004],[-71.4616454,-16.2702709],[-71.4614738,-16.2704832],[-71.461127,-16.2706135],[-71.4608235,-16.2707222],[-71.46054,-16.2706834],[-71.4602333,-16.2705397],[-71.4597719,-16.2702085],[-71.4592457,-16.2699202],[-71.4589378,-16.2696713],[-71.4586519,-16.2694433],[-71.4585847,-16.2692968],[-71.4585372,-16.2689819],[-71.4585123,-16.2687297],[-71.4584449,-16.2685623],[-71.458292,-16.268522],[-71.4580979,-16.2686715],[-71.4580373,-16.2690508],[-71.4580645,-16.2694922],[-71.4580454,-16.2697027],[-71.4581579,-16.2699959],[-71.458357,-16.270246],[-71.4586217,-16.2705164],[-71.4588863,-16.2707868],[-71.4589989,-16.2710799],[-71.4588706,-16.2712707],[-71.4585201,-16.2711065],[-71.4582762,-16.2707518],[-71.4579244,-16.2704824],[-71.4575276,-16.2700874],[-71.4571968,-16.2697547],[-71.4570174,-16.2693361],[-71.4569235,-16.2687903],[-71.4567234,-16.268456],[-71.4565258,-16.2683321],[-71.4563968,-16.2684598],[-71.4564644,-16.2686484],[-71.4566441,-16.269088],[-71.4566693,-16.2693611],[-71.4564972,-16.2695314],[-71.4562994,-16.2693865],[-71.4561213,-16.269073],[-71.4557426,-16.2683833],[-71.4554328,-16.2679872],[-71.4553633,-16.2676515],[-71.455491,-16.2674186],[-71.4560343,-16.2673282],[-71.4561804,-16.2668217],[-71.4561951,-16.2662536],[-71.4561217,-16.2656024],[-71.4559633,-16.2651204],[-71.455718,-16.2646605],[-71.4553653,-16.264307],[-71.4546859,-16.2639573],[-71.4540042,-16.2634183]]}},{"type":"Feature","properties":{"nivel":"Cuarto nivel","ancho":1.92,"color":["#000000"]},"geometry":{"type":"LineString","coordinates":[[-71.526733,-16.4649855],[-71.5268662,-16.4651731],[-71.5270863,-16.4653387],[-71.5271081,-16.4653385],[-71.5273067,-16.4655254],[-71.5274611,-16.4656707],[-71.5275943,-16.4658584],[-71.5277278,-16.4660672],[-71.5277951,-16.4662136],[-71.5279054,-16.4663174],[-71.5280806,-16.4663784],[-71.5284086,-16.4664586],[-71.5285845,-16.4665826],[-71.5287829,-16.4667485],[-71.5289825,-16.4670195]]}},{"type":"Feature","properties":{"nivel":"Cuarto nivel","ancho":1.92,"color":["#000000"]},"geometry":{"type":"LineString","coordinates":[[-71.5289825,-16.4670195],[-71.529097,-16.4674388],[-71.5292321,-16.4677737],[-71.5293223,-16.468004],[-71.5292201,-16.468531],[-71.5290507,-16.4689117],[-71.5288123,-16.4690197],[-71.5287268,-16.4691469],[-71.5289047,-16.4694182],[-71.5290384,-16.469648],[-71.5290867,-16.4700049],[-71.5290897,-16.4702363],[-71.5289616,-16.4704481],[-71.528814,-16.4708285],[-71.528753,-16.4711658],[-71.5285664,-16.4719042],[-71.5286176,-16.4724925],[-71.5286438,-16.4728287],[-71.5286288,-16.4733547],[-71.5285038,-16.4737979],[-71.5281606,-16.4742227],[-71.5279666,-16.4743933],[-71.5271823,-16.4744238],[-71.5256548,-16.474295],[-71.5245812,-16.4738663],[-71.524342,-16.4739112],[-71.5237138,-16.4742133],[-71.5232379,-16.4744925]]}},{"type":"Feature","properties":{"nivel":"Quinto nivel","ancho":0.96,"color":["#000000"]},"geometry":{"type":"LineString","coordinates":[[-71.5279666,-16.4743933],[-71.5277514,-16.4746062],[-71.5273191,-16.4748849],[-71.5269306,-16.475184],[-71.5265688,-16.4758615],[-71.5261422,-16.4765817],[-71.5257995,-16.4770486],[-71.5256511,-16.4773659],[-71.5256143,-16.4778922],[-71.5256663,-16.4785435],[-71.5257374,-16.4789844],[-71.5256342,-16.4794273],[-71.5255108,-16.4799967],[-71.5253212,-16.4805038],[-71.5249771,-16.4808655],[-71.5249363,-16.4810763],[-71.5249008,-16.4817077],[-71.5250158,-16.4821691],[-71.5251526,-16.4826301],[-71.525312,-16.483154],[-71.5253806,-16.4834056],[-71.5254398,-16.4846038],[-71.5254493,-16.4853398],[-71.5254812,-16.4861176],[-71.5254226,-16.4866442],[-71.5254499,-16.4870645],[-71.5255422,-16.487463],[-71.5253513,-16.487865],[-71.5249862,-16.48829],[-71.5247486,-16.4884612],[-71.5239033,-16.4888289],[-71.5234025,-16.488877],[-71.5228778,-16.4887572],[-71.522635,-16.4885287],[-71.5215336,-16.4876376],[-71.5210478,-16.4871597],[-71.5205819,-16.4865343],[-71.5202714,-16.4861174],[-71.5199387,-16.4856797]]}},{"type":"Feature","properties":{"nivel":"Quinto nivel","ancho":0.96,"color":["#000000"]},"geometry":{"type":"LineString","coordinates":[[-71.5253122,-16.4831751],[-71.5250303,-16.4832836],[-71.5244437,-16.483438],[-71.523512,-16.4838699],[-71.5230608,-16.4843801],[-71.5226936,-16.4846369],[-71.5212549,-16.4846332],[-71.5209309,-16.4848685],[-71.5204997,-16.4852313],[-71.5200679,-16.485552],[-71.5199387,-16.4856797],[-71.519702,-16.4859139],[-71.519314,-16.4862551],[-71.5185784,-16.4866847],[-71.5177785,-16.4871991],[-71.5169778,-16.4876504],[-71.5162428,-16.488122],[-71.5150459,-16.4882836],[-71.514067,-16.4884426],[-71.5127607,-16.4885635],[-71.5110197,-16.4887947],[-71.5098215,-16.4888512],[-71.5074802,-16.4881642],[-71.5064509,-16.4877979],[-71.5023813,-16.4866267]]}},{"type":"Feature","properties":{"nivel":"Quinto nivel","ancho":0.96,"color":["#000000"]},"geometry":{"type":"LineString","coordinates":[[-71.5286473,-16.4731021],[-71.5288252,-16.4733734],[-71.5289388,-16.4737295],[-71.5289658,-16.4741288],[-71.5291015,-16.4745058],[-71.5292827,-16.4750294],[-71.5293767,-16.4755541],[-71.5293813,-16.4759116],[-71.5292993,-16.4763122],[-71.5290844,-16.4765462],[-71.5287183,-16.4768871],[-71.5286115,-16.4770567],[-71.5289406,-16.477221],[-71.5294435,-16.4773411],[-71.5299232,-16.4773563],[-71.5296865,-16.4775906],[-71.529279,-16.4781003],[-71.5288725,-16.4786941],[-71.5284849,-16.4790564],[-71.5282465,-16.4791644]]}},{"type":"Feature","properties":{"nivel":"Quinto nivel","ancho":0.96,"color":["#000000"]},"geometry":{"type":"LineString","coordinates":[[-71.5299232,-16.4773563],[-71.5303354,-16.4772041],[-71.5307247,-16.4769681],[-71.5310246,-16.4765648],[-71.5311267,-16.4760377],[-71.5312338,-16.4758892],[-71.5315863,-16.4761794],[-71.5331073,-16.4774861],[-71.533264,-16.4777997],[-71.5334457,-16.4783654],[-71.5338686,-16.4790333],[-71.5343113,-16.4795537],[-71.534381,-16.4798894],[-71.5345589,-16.4801607]]}},{"type":"Feature","properties":{"nivel":"Quinto nivel","ancho":0.96,"color":["#000000"]},"geometry":{"type":"LineString","coordinates":[[-71.4960125,-16.4506096],[-71.4962113,-16.4508175],[-71.496303,-16.451174],[-71.4967286,-16.4520734],[-71.4968645,-16.4524714],[-71.4971088,-16.452826],[-71.4973291,-16.4530127],[-71.4975742,-16.4534304],[-71.4979998,-16.4543298],[-71.498663,-16.4550581],[-71.4995299,-16.4563728]]}},{"type":"Feature","properties":{"nivel":"Quinto nivel","ancho":0.96,"color":["#000000"]},"geometry":{"type":"LineString","coordinates":[[-71.5301994,-16.3115496],[-71.5324146,-16.3144467],[-71.5324241,-16.3151827],[-71.532736,-16.3157258],[-71.5338867,-16.3171423],[-71.536301,-16.3202682],[-71.5369863,-16.3210593],[-71.5372822,-16.3220443]]}},{"type":"Feature","properties":{"nivel":"Tercer nivel","ancho":3.6,"color":["#000000"]},"geometry":{"type":"LineString","coordinates":[[-71.5372822,-16.3220443],[-71.5374866,-16.3226938],[-71.5404791,-16.3267382]]}},{"type":"Feature","properties":{"nivel":"Cuarto nivel","ancho":1.92,"color":["#000000"]},"geometry":{"type":"LineString","coordinates":[[-71.5194992,-16.4432403],[-71.5230542,-16.4434499],[-71.5251965,-16.4422673],[-71.5292228,-16.4435228]]}},{"type":"Feature","properties":{"nivel":"Quinto nivel","ancho":0.96,"color":["#000000"]},"geometry":{"type":"LineString","coordinates":[[-71.540814,-16.4550138],[-71.5411976,-16.4560187],[-71.5413804,-16.4566685],[-71.541473,-16.457088],[-71.5414608,-16.4578243],[-71.5414955,-16.4588124],[-71.5415803,-16.4603047],[-71.5416967,-16.4608712],[-71.541724,-16.4612915],[-71.5415788,-16.4618612],[-71.5414342,-16.4624729],[-71.5413556,-16.4631258],[-71.5412532,-16.4636319],[-71.5411301,-16.4642223],[-71.5410917,-16.4646224],[-71.5411825,-16.4648947],[-71.541341,-16.4653555],[-71.5416958,-16.4658139],[-71.5419845,-16.4662311],[-71.5423657,-16.4670467],[-71.5426815,-16.4678631],[-71.542975,-16.4686378],[-71.5432257,-16.4694761],[-71.5434529,-16.4701884],[-71.5437221,-16.470774],[-71.5440779,-16.4713166],[-71.5445915,-16.4722568],[-71.5447479,-16.4725494]]}},{"type":"Feature","properties":{"nivel":"Quinto nivel","ancho":0.96,"color":["#000000"]},"geometry":{"type":"LineString","coordinates":[[-71.5292999,-16.4679622],[-71.5298646,-16.4678081],[-71.5299104,-16.4679758],[-71.529912,-16.468102],[-71.530066,-16.4682053],[-71.5304389,-16.4683901],[-71.5306579,-16.4684716],[-71.530811,-16.4685118],[-71.5312717,-16.4687376],[-71.5315996,-16.4688177],[-71.5320755,-16.4685386],[-71.5324634,-16.4681973],[-71.5328102,-16.4680459],[-71.5332657,-16.4678721],[-71.5336789,-16.467804],[-71.5342878,-16.4676915],[-71.5347647,-16.4674964],[-71.5351099,-16.4672188],[-71.5356067,-16.4668763],[-71.5360393,-16.4666187],[-71.5366489,-16.4665692],[-71.5374335,-16.4665597],[-71.5384365,-16.4665896],[-71.5389371,-16.4665415],[-71.540416,-16.4662922],[-71.5410894,-16.4661157],[-71.5416958,-16.4658139]]}},{"type":"Feature","properties":{"nivel":"Segundo nivel","ancho":5.04,"color":["#000000"]},"geometry":{"type":"LineString","coordinates":[[-71.6285352,-16.2957941],[-71.628478,-16.2964048],[-71.609345,-16.3134466],[-71.5999782,-16.3215123]]}},{"type":"Feature","properties":{"nivel":"Cuarto nivel","ancho":1.92,"color":["#000000"]},"geometry":{"type":"LineString","coordinates":[[-71.5391151,-16.3812721],[-71.5387974,-16.3802874],[-71.5387018,-16.3796365],[-71.538762,-16.3792362],[-71.5387998,-16.378794],[-71.5388074,-16.3777002],[-71.5387919,-16.3765015],[-71.5387649,-16.3761022],[-71.5385444,-16.3758946],[-71.5376034,-16.3755694],[-71.5368149,-16.3752424],[-71.5365282,-16.3749724],[-71.5363713,-16.3746378],[-71.5363879,-16.3742379],[-71.5366414,-16.3736249],[-71.5371272,-16.3724412],[-71.537274,-16.3719977],[-71.5374844,-16.3714273],[-71.5376081,-16.370879],[-71.5378188,-16.3703296],[-71.5383503,-16.3693136],[-71.5384766,-16.3689755],[-71.5384497,-16.3685762],[-71.5384028,-16.3683244],[-71.5383977,-16.3679248],[-71.5385009,-16.3674819],[-71.5387124,-16.3669956],[-71.539138,-16.3662122],[-71.5394753,-16.3653458],[-71.5396011,-16.3649657],[-71.539964,-16.3643934],[-71.5401339,-16.3640549],[-71.5401519,-16.3637602],[-71.5401916,-16.3634652],[-71.5402937,-16.3629382],[-71.5405066,-16.362557],[-71.5406058,-16.3617986],[-71.5406793,-16.3607461],[-71.5407343,-16.3599462],[-71.5408287,-16.3588303],[-71.5409069,-16.3581353],[-71.5410642,-16.3568293],[-71.5411429,-16.3561764],[-71.5411707,-16.3549561]]}},{"type":"Feature","properties":{"nivel":"Cuarto nivel","ancho":1.92,"color":["#000000"]},"geometry":{"type":"LineString","coordinates":[[-71.5440616,-16.3645543],[-71.5434289,-16.3644778],[-71.5425554,-16.3643201],[-71.5415946,-16.3641424],[-71.540918,-16.3640454],[-71.5406126,-16.364007],[-71.5403931,-16.3638835],[-71.5402167,-16.3637173],[-71.5401715,-16.3635917]]}},{"type":"Feature","properties":{"nivel":"Cuarto nivel","ancho":1.92,"color":["#000000"]},"geometry":{"type":"LineString","coordinates":[[-71.5299877,-16.3762921],[-71.5302011,-16.375953],[-71.5306297,-16.375401],[-71.5311512,-16.3752895],[-71.5316086,-16.375284],[-71.5321112,-16.3754042],[-71.5323949,-16.3754428],[-71.5325436,-16.3751466],[-71.5326444,-16.3745144],[-71.5328083,-16.3737132],[-71.5330433,-16.3733528],[-71.5335356,-16.3726738],[-71.5338362,-16.3723336],[-71.534215,-16.3712985],[-71.534551,-16.3703269],[-71.5347206,-16.3699673],[-71.5347321,-16.3691679],[-71.5347024,-16.3685583],[-71.5348252,-16.3679469],[-71.5347773,-16.3676109],[-71.5343341,-16.3670273],[-71.5338481,-16.3665073],[-71.5339728,-16.3660431],[-71.5340115,-16.3656641],[-71.5340313,-16.3655166],[-71.5338587,-16.3656449],[-71.533731,-16.3658778],[-71.5336248,-16.3660894]]}},{"type":"Feature","properties":{"nivel":"Quinto nivel","ancho":0.96,"color":["#000000"]},"geometry":{"type":"LineString","coordinates":[[-71.5779451,-16.3635742],[-71.5801303,-16.3640942],[-71.585155,-16.3651894],[-71.5905945,-16.3663424],[-71.5924952,-16.3667606]]}},{"type":"Feature","properties":{"nivel":"Cuarto nivel","ancho":1.92,"color":["#000000"]},"geometry":{"type":"LineString","coordinates":[[-71.4982543,-16.4486688],[-71.49812,-16.448397],[-71.497943,-16.4481887],[-71.4977676,-16.4481067],[-71.4972887,-16.4481545],[-71.4965696,-16.448163],[-71.4960695,-16.4482531],[-71.495635,-16.4483635],[-71.4949372,-16.4483297],[-71.4946106,-16.4483546],[-71.4944161,-16.4484832],[-71.4943324,-16.4487576],[-71.494231,-16.4493477],[-71.4942145,-16.4497686],[-71.4942175,-16.4499999],[-71.4941112,-16.4502115],[-71.4938317,-16.4505093],[-71.4934664,-16.4509133],[-71.4931013,-16.4513383],[-71.4927147,-16.4517846],[-71.4922648,-16.4523999],[-71.4920291,-16.4527182],[-71.491599,-16.4531651],[-71.4911233,-16.4534652],[-71.4906032,-16.4537027],[-71.4900813,-16.4537931],[-71.4895134,-16.4536947],[-71.4890754,-16.4535316],[-71.4888335,-16.4533662],[-71.4886105,-16.4529692],[-71.4885613,-16.4525281],[-71.4884701,-16.4522137],[-71.4882274,-16.4519852],[-71.4880515,-16.4518611],[-71.4877034,-16.4519073],[-71.4870491,-16.451873],[-71.4866762,-16.4516881],[-71.4864572,-16.4516066],[-71.4863052,-16.4516504],[-71.4860459,-16.4518218],[-71.4859156,-16.4518654],[-71.4858271,-16.4517613],[-71.4859778,-16.4516123],[-71.4862151,-16.4514201],[-71.4863644,-16.451166],[-71.4865565,-16.4508482],[-71.4866835,-16.4505522],[-71.4866389,-16.4504686],[-71.4864661,-16.4505969],[-71.4863601,-16.4508295],[-71.4859291,-16.4512132],[-71.4856706,-16.4514476],[-71.4853671,-16.4515774],[-71.485171,-16.4515798],[-71.4850607,-16.4514759],[-71.4852329,-16.4513056],[-71.4857508,-16.4508998],[-71.4858778,-16.4506038],[-71.4860672,-16.4500758],[-71.4861068,-16.4497598],[-71.4860613,-16.4496131],[-71.4858429,-16.4495736],[-71.4854947,-16.4496198],[-71.4852109,-16.4495811],[-71.4848816,-16.4493957],[-71.4844867,-16.4491901],[-71.4840931,-16.4490896],[-71.4836355,-16.449095],[-71.4833304,-16.4490986],[-71.4831733,-16.4487429],[-71.4831677,-16.4483012],[-71.4832081,-16.4480484],[-71.4833569,-16.4477521],[-71.4833983,-16.4475834],[-71.4834814,-16.4472669],[-71.4835872,-16.4470132],[-71.4839523,-16.4465882],[-71.4842967,-16.4462476],[-71.4845993,-16.4460547],[-71.4844651,-16.4457829],[-71.4843758,-16.4456157],[-71.4840904,-16.4454508],[-71.4838701,-16.4452641],[-71.4837574,-16.444971],[-71.4837321,-16.4446978],[-71.4836417,-16.4444465],[-71.4835516,-16.4442162],[-71.4835069,-16.4441326]]}},{"type":"Feature","properties":{"nivel":"Cuarto nivel","ancho":1.92,"color":["#000000"]},"geometry":{"type":"LineString","coordinates":[[-71.5105693,-16.4335039],[-71.5102874,-16.4336124],[-71.5101139,-16.4336776],[-71.5099829,-16.4336581],[-71.5094376,-16.4336226],[-71.5090015,-16.4336068],[-71.5084767,-16.4334658],[-71.5077332,-16.4332644],[-71.5068153,-16.433065],[-71.5062033,-16.4329251],[-71.5056788,-16.4328052],[-71.5054832,-16.4328496],[-71.5052871,-16.4328519],[-71.5048061,-16.4327315],[-71.5041505,-16.4325921],[-71.5040411,-16.4325513],[-71.5040389,-16.4323831],[-71.5036451,-16.4322616],[-71.5033174,-16.4322024],[-71.5032131,-16.4325612],[-71.5031308,-16.4329408],[-71.5030256,-16.4332365],[-71.502964,-16.4335317],[-71.5029678,-16.4338261],[-71.5029702,-16.4340154],[-71.5028865,-16.4342898],[-71.5026272,-16.4344612],[-71.5023883,-16.4345271],[-71.5020402,-16.4345734],[-71.5018008,-16.4345972],[-71.5016058,-16.4346837],[-71.5014116,-16.4348333],[-71.5012617,-16.4350454],[-71.5009613,-16.4354065],[-71.5007886,-16.4355348],[-71.5006382,-16.4357048],[-71.5004889,-16.435959],[-71.5002519,-16.4361722],[-71.5000135,-16.4362802],[-71.4997967,-16.4363669],[-71.4994053,-16.4364347],[-71.4991011,-16.4365014],[-71.4989063,-16.4366089],[-71.4986451,-16.436633],[-71.4983395,-16.4365946],[-71.4981014,-16.4367237],[-71.4977557,-16.4369591],[-71.4976489,-16.4371287],[-71.4975443,-16.4374665],[-71.4973312,-16.4378476],[-71.497009,-16.438209],[-71.4967284,-16.4384227],[-71.4962955,-16.4386592],[-71.4959923,-16.43881],[-71.4955587,-16.4389835],[-71.4951242,-16.4390938],[-71.4949077,-16.4392016],[-71.4946704,-16.4393937],[-71.4944754,-16.4394801],[-71.4942569,-16.4394407],[-71.4939925,-16.4392124],[-71.4937283,-16.4390053],[-71.4933999,-16.438883],[-71.4929837,-16.4387196],[-71.4927413,-16.4385122],[-71.4924769,-16.438284],[-71.4922114,-16.4379716],[-71.4919908,-16.4377639],[-71.4917707,-16.4375983],[-71.4916373,-16.4373895],[-71.4916769,-16.4370735],[-71.4917336,-16.4363998],[-71.491707,-16.4360215],[-71.4917041,-16.4357902],[-71.4916818,-16.4357484],[-71.491636,-16.4355806],[-71.4917194,-16.4352852],[-71.4918281,-16.4352629],[-71.491844,-16.4347999],[-71.4908629,-16.4347695],[-71.4909011,-16.4343484],[-71.4910069,-16.4340947],[-71.4917389,-16.4333919],[-71.4920184,-16.4330941],[-71.4906957,-16.4319109],[-71.4904762,-16.4317874],[-71.4906255,-16.4315332],[-71.4907982,-16.4314049],[-71.4907533,-16.4313003],[-71.4906013,-16.4313442],[-71.490363,-16.4314522],[-71.4900813,-16.4315817],[-71.4897577,-16.431838],[-71.4894325,-16.431968],[-71.4892159,-16.4320758],[-71.4890421,-16.4321199],[-71.4888893,-16.4321007],[-71.4888433,-16.4319119],[-71.4891662,-16.4315926],[-71.4895094,-16.4311678],[-71.4896353,-16.4307877],[-71.4896085,-16.4303884],[-71.4896693,-16.4300301],[-71.4898837,-16.4297541],[-71.4901648,-16.4295825],[-71.4906205,-16.4294299],[-71.4907273,-16.4292604],[-71.4906797,-16.4289454],[-71.4905896,-16.4287151],[-71.4905431,-16.4284843],[-71.4905608,-16.4281686],[-71.4904901,-16.4277488],[-71.4903761,-16.4273505],[-71.4902198,-16.4270579],[-71.4900858,-16.426807],[-71.4901703,-16.4265957],[-71.4903436,-16.4265095],[-71.4907589,-16.4266098],[-71.4911976,-16.4268359],[-71.4914416,-16.4271696],[-71.4916847,-16.4274401],[-71.4919922,-16.4276257],[-71.4923637,-16.4277055],[-71.4925819,-16.4277239],[-71.4929321,-16.427846],[-71.4930776,-16.4272974],[-71.4932856,-16.4265166],[-71.4933846,-16.4257372],[-71.4934443,-16.4252948],[-71.4934653,-16.4252315],[-71.4938769,-16.4250373],[-71.4942419,-16.4246123],[-71.494823,-16.4240374],[-71.4952523,-16.4235275],[-71.495641,-16.4232495],[-71.4955288,-16.4229984],[-71.4953481,-16.4224958]]}},{"type":"Feature","properties":{"nivel":"Cuarto nivel","ancho":1.92,"color":["#000000"]},"geometry":{"type":"LineString","coordinates":[[-71.4909011,-16.4343484],[-71.4903989,-16.4342702],[-71.4893742,-16.4342403],[-71.4891356,-16.4343273],[-71.4888526,-16.4343517],[-71.4884596,-16.4342932],[-71.4880437,-16.4341509],[-71.4875399,-16.4339466],[-71.4872999,-16.4339284],[-71.4870602,-16.4339312],[-71.4867132,-16.4340616],[-71.4864326,-16.4342752],[-71.4861547,-16.4346992],[-71.4858946,-16.4348074],[-71.4854593,-16.4348547],[-71.484893,-16.4348824],[-71.4843268,-16.4349102],[-71.4838692,-16.4349156],[-71.4833454,-16.4348587],[-71.482625,-16.434762],[-71.4821448,-16.4347046],[-71.481468,-16.4346075],[-71.4809445,-16.4345716],[-71.4806628,-16.4347011],[-71.4804269,-16.4349984],[-71.4802318,-16.4350848],[-71.4799478,-16.4350251],[-71.4811481,-16.4317296],[-71.4812735,-16.4313075],[-71.481463,-16.4307794],[-71.4815033,-16.4305265],[-71.4815601,-16.4298528],[-71.4812941,-16.4294983],[-71.4807446,-16.4291262],[-71.4801714,-16.4286072],[-71.4797066,-16.4280448],[-71.4793739,-16.427586],[-71.4791929,-16.4270623],[-71.4790794,-16.426706],[-71.4784874,-16.4264185],[-71.4779156,-16.4260046],[-71.4774293,-16.4254635],[-71.4772289,-16.4251293],[-71.4770934,-16.4247523],[-71.476842,-16.4238298],[-71.4764606,-16.4229719],[-71.4758702,-16.4228106],[-71.4753217,-16.4225226],[-71.4756026,-16.42233],[-71.4758388,-16.4220538],[-71.4759018,-16.4218637],[-71.4757886,-16.4215285],[-71.4754362,-16.4212382],[-71.4749096,-16.4209499],[-71.4744693,-16.4205976],[-71.4738972,-16.4201626]]}},{"type":"Feature","properties":{"nivel":"Cuarto nivel","ancho":1.92,"color":["#000000"]},"geometry":{"type":"LineString","coordinates":[[-71.5047836,-16.4258749],[-71.5044167,-16.4261527],[-71.5037929,-16.4267911],[-71.5032331,-16.4273237],[-71.5027602,-16.4278341],[-71.5027648,-16.4281916],[-71.5028402,-16.4289689],[-71.5029903,-16.4304816],[-71.5030637,-16.4311117],[-71.5032023,-16.43172],[-71.5033174,-16.4322024]]}},{"type":"Feature","properties":{"nivel":"Cuarto nivel","ancho":1.92,"color":["#000000"]},"geometry":{"type":"LineString","coordinates":[[-71.5040411,-16.4325513],[-71.5038735,-16.4330791],[-71.5031302,-16.4328987]]}},{"type":"Feature","properties":{"nivel":"Quinto nivel","ancho":0.96,"color":["#000000"]},"geometry":{"type":"LineString","coordinates":[[-71.50311,-16.4313215],[-71.5030229,-16.4313225],[-71.5028265,-16.4313038],[-71.5026723,-16.4311794],[-71.5024743,-16.4310346],[-71.5022554,-16.4309531],[-71.5018215,-16.4311055],[-71.5013878,-16.4312789],[-71.5010648,-16.4315772],[-71.500849,-16.4317481],[-71.5005225,-16.431773],[-71.5001082,-16.4317569],[-71.499674,-16.4318883],[-71.4993927,-16.4320389],[-71.4991756,-16.4321045],[-71.4987172,-16.4320469],[-71.4983492,-16.4322406],[-71.4980638,-16.4320757],[-71.4975605,-16.4319134],[-71.4972315,-16.4317491],[-71.4970348,-16.4317094],[-71.4968159,-16.4316278],[-71.4965089,-16.4314843],[-71.4961592,-16.4314043],[-71.4956761,-16.4311156],[-71.4954348,-16.4309922],[-71.4951058,-16.4308279],[-71.4948441,-16.43081],[-71.4945186,-16.430919],[-71.4941713,-16.4310283],[-71.4938886,-16.4310737],[-71.4937589,-16.4311594],[-71.4935849,-16.4311825],[-71.4933675,-16.4312272],[-71.493216,-16.4313131],[-71.493109,-16.4314616],[-71.4929161,-16.4317163],[-71.4928752,-16.4319271],[-71.4928338,-16.4320959],[-71.4927918,-16.4322226],[-71.4925067,-16.4320787],[-71.4921567,-16.4319777],[-71.4917841,-16.4318139],[-71.491323,-16.4315459],[-71.4909723,-16.4313818],[-71.4907533,-16.4313003]]}},{"type":"Feature","properties":{"nivel":"Quinto nivel","ancho":0.96,"color":["#000000"]},"geometry":{"type":"LineString","coordinates":[[-71.5028157,-16.4287589],[-71.5020757,-16.4288308],[-71.501684,-16.4288776],[-71.5010128,-16.4292221],[-71.5001031,-16.4296536],[-71.4996907,-16.4297847],[-71.4989501,-16.4298146],[-71.4981219,-16.4298034],[-71.4974674,-16.4297481],[-71.4969203,-16.4295653],[-71.496701,-16.4294628],[-71.4963293,-16.429362],[-71.4959137,-16.4292408],[-71.4951709,-16.4291024],[-71.4947793,-16.4291491],[-71.4940175,-16.4292213],[-71.4934738,-16.4293119],[-71.4934343,-16.4296278],[-71.4930633,-16.4295902],[-71.4927787,-16.4294884],[-71.4924728,-16.4294289],[-71.4918603,-16.4292469],[-71.4915768,-16.4292292],[-71.4912505,-16.4292752],[-71.4907943,-16.4293858],[-71.4906205,-16.4294299]]}},{"type":"Feature","properties":{"nivel":"Cuarto nivel","ancho":1.92,"color":["#000000"]},"geometry":{"type":"LineString","coordinates":[[-71.5899031,-16.4490704],[-71.59281,-16.448067],[-71.5928028,-16.4475202],[-71.5927796,-16.4474154]]}},{"type":"Feature","properties":{"nivel":"Cuarto nivel","ancho":1.92,"color":["#000000"]},"geometry":{"type":"LineString","coordinates":[[-71.5927796,-16.4474154],[-71.5925826,-16.4473547],[-71.5913418,-16.4474542],[-71.5903196,-16.4476141],[-71.5892972,-16.4477529],[-71.589167,-16.4477966]]}},{"type":"Feature","properties":{"nivel":"Cuarto nivel","ancho":1.92,"color":["#e60000"]},"geometry":{"type":"LineString","coordinates":[[-71.4748899,-16.5343425],[-71.4743755,-16.5350428],[-71.4738358,-16.5354698],[-71.4734019,-16.5356432],[-71.4727043,-16.5356515],[-71.4725121,-16.5359693],[-71.472075,-16.5358903],[-71.4714228,-16.5360453],[-71.4701616,-16.5363127],[-71.4699481,-16.5366728],[-71.4701324,-16.5374488],[-71.4704249,-16.5381605],[-71.4706093,-16.5389366],[-71.4710592,-16.540025],[-71.4703839,-16.540075],[-71.4696012,-16.5402526],[-71.4691255,-16.5405737],[-71.4692189,-16.5410564],[-71.4695558,-16.5418306],[-71.4698847,-16.541974],[-71.470254,-16.5418644],[-71.4705367,-16.541798],[-71.4706917,-16.5419854],[-71.4708709,-16.5423619],[-71.4709638,-16.5428025],[-71.4710537,-16.5430118],[-71.4715599,-16.5433844],[-71.4719338,-16.5436324],[-71.4719556,-16.5436321],[-71.4724613,-16.5439627],[-71.4727725,-16.5444217],[-71.4726274,-16.5450124],[-71.4724785,-16.5453086],[-71.472047,-16.5456713],[-71.4716368,-16.5459917],[-71.4712898,-16.546143],[-71.4714246,-16.5464569],[-71.4714922,-16.5466244],[-71.4715832,-16.5469178],[-71.4717608,-16.5471681],[-71.4719382,-16.5473973],[-71.4718778,-16.5477977],[-71.4715112,-16.5481175],[-71.4711634,-16.5482058],[-71.4706612,-16.5481487],[-71.4700526,-16.5483031],[-71.4697936,-16.5485165],[-71.4695381,-16.5490033],[-71.4693249,-16.5493844],[-71.4690205,-16.5494511],[-71.468498,-16.5495204],[-71.4681686,-16.549335],[-71.4677928,-16.5489398],[-71.4675477,-16.5485221],[-71.4672413,-16.5484416],[-71.4666779,-16.5487217],[-71.4658774,-16.5492149],[-71.4658776,-16.5492359],[-71.465184,-16.5495597],[-71.4645993,-16.5498821],[-71.4638617,-16.5501853],[-71.4634057,-16.5503379],[-71.4628782,-16.5500076],[-71.4624822,-16.5497388],[-71.4621135,-16.5498904],[-71.4621233,-16.5506686],[-71.4624153,-16.5513382],[-71.4619413,-16.5517855],[-71.4614425,-16.5520017],[-71.4608314,-16.5519669],[-71.460376,-16.5521616],[-71.4598373,-16.5526727],[-71.4594483,-16.5529507],[-71.4590122,-16.5529559],[-71.4582666,-16.5526282],[-71.4578917,-16.552296],[-71.4574947,-16.5519431],[-71.4570336,-16.5516962],[-71.4568121,-16.5514253],[-71.4565239,-16.5510501],[-71.4562356,-16.5506749],[-71.4558373,-16.5502169],[-71.4555041,-16.549737],[-71.455105,-16.5492159],[-71.4545339,-16.5488861],[-71.4539215,-16.548746],[-71.453265,-16.5485645],[-71.4529127,-16.5482952],[-71.4525875,-16.5484462],[-71.4519542,-16.5483696],[-71.4516051,-16.5483526],[-71.4508188,-16.5482567],[-71.450471,-16.5483449],[-71.4498661,-16.5487938],[-71.4497398,-16.5491528],[-71.4498119,-16.5496778],[-71.4495763,-16.5500171],[-71.4492102,-16.550379],[-71.4488645,-16.5506355],[-71.4485635,-16.5509755],[-71.4482856,-16.5514205],[-71.448116,-16.5518011],[-71.4479681,-16.5521815],[-71.4478009,-16.5527514],[-71.4476084,-16.5530481],[-71.4472193,-16.5533261],[-71.4468287,-16.5534779],[-71.4466118,-16.5535646],[-71.4463738,-16.5537146],[-71.4462233,-16.5538847],[-71.4459858,-16.5540768],[-71.4457707,-16.5543107],[-71.4454452,-16.5544407],[-71.4451426,-16.5546546],[-71.4450618,-16.5551603],[-71.4450838,-16.5551811],[-71.4449796,-16.555561],[-71.4448102,-16.5559626],[-71.4447887,-16.5559839],[-71.4446623,-16.5563429],[-71.4445602,-16.556891],[-71.4441225,-16.5567699],[-71.4437492,-16.556564],[-71.4433982,-16.5563998],[-71.4430507,-16.5565091],[-71.4429669,-16.5567835],[-71.4429946,-16.5572459],[-71.4430453,-16.5578132],[-71.4427432,-16.5580692],[-71.4425068,-16.5583454]]}},{"type":"Feature","properties":{"nivel":"Cuarto nivel","ancho":1.92,"color":["#e60000"]},"geometry":{"type":"LineString","coordinates":[[-71.4427716,-16.5793341],[-71.4439898,-16.5790885],[-71.4466048,-16.5771857],[-71.4481749,-16.5771673],[-71.4490782,-16.576168],[-71.4498074,-16.5751919],[-71.4510493,-16.5750932],[-71.4520425,-16.5743032],[-71.4528469,-16.5741044],[-71.4544619,-16.5741906],[-71.4553283,-16.5737176],[-71.4559942,-16.5729105],[-71.4573596,-16.5722423],[-71.4587299,-16.5719527],[-71.4597673,-16.5712042],[-71.4608684,-16.5703288],[-71.4616728,-16.57013],[-71.4624538,-16.5698053],[-71.4633093,-16.5701948],[-71.4640119,-16.5705651],[-71.4652351,-16.5707189],[-71.4662624,-16.570896],[-71.4674151,-16.570651],[-71.46748,-16.5706082],[-71.4676536,-16.570543],[-71.4685878,-16.5702585],[-71.4694767,-16.5698483],[-71.4699866,-16.5687906],[-71.4709907,-16.5688628],[-71.4716866,-16.5687073],[-71.4724808,-16.5677093],[-71.473648,-16.5668962],[-71.4744696,-16.5663395],[-71.475621,-16.5659893],[-71.476178,-16.5652045],[-71.4760978,-16.5640486],[-71.4770545,-16.5638269],[-71.4778319,-16.5632287],[-71.477318,-16.5622672],[-71.4782521,-16.5619827],[-71.4796,-16.5616511],[-71.4800552,-16.5614354],[-71.4799257,-16.5598384],[-71.4806175,-16.5593674],[-71.4808632,-16.5581235],[-71.4811733,-16.5567947],[-71.4820108,-16.5557751],[-71.4818172,-16.5542841],[-71.4819335,-16.5531469],[-71.4824398,-16.5518158],[-71.4828594,-16.5505277],[-71.4821092,-16.5498425],[-71.4816805,-16.5487118],[-71.4818008,-16.5478901],[-71.4826446,-16.5473753],[-71.4836604,-16.5466691],[-71.4851845,-16.5464826],[-71.4859806,-16.5456528],[-71.4864678,-16.5445322],[-71.4872648,-16.5437655],[-71.4880563,-16.5425782],[-71.4887443,-16.5418128],[-71.4889475,-16.5406536],[-71.4891305,-16.5396207],[-71.4895441,-16.53787],[-71.4900931,-16.5364753],[-71.4900667,-16.536118],[-71.4889446,-16.5353321],[-71.4884849,-16.5351904],[-71.4879245,-16.5357019],[-71.4879784,-16.5365005],[-71.488387,-16.5377576],[-71.488151,-16.5380549],[-71.4877147,-16.5380391],[-71.4871839,-16.5374565],[-71.4866157,-16.5373581],[-71.4848864,-16.5385355],[-71.4833183,-16.5386804],[-71.4829654,-16.5383691],[-71.4821168,-16.5368017],[-71.4806774,-16.5367768],[-71.4777843,-16.5356123],[-71.4770409,-16.5354528],[-71.4756147,-16.5347546],[-71.4750497,-16.5349086],[-71.4748899,-16.5343425]]}},{"type":"Feature","properties":{"nivel":"Cuarto nivel","ancho":1.92,"color":["#e60000"]},"geometry":{"type":"LineString","coordinates":[[-71.5283553,-16.4908995],[-71.5282499,-16.4911742],[-71.5280744,-16.4910921],[-71.5278799,-16.4912207],[-71.5278807,-16.4912838],[-71.5278399,-16.4914946],[-71.5277557,-16.491727],[-71.5276925,-16.491896],[-71.5275415,-16.492024],[-71.5275421,-16.4920661],[-71.5273048,-16.4922583],[-71.5271789,-16.4926384],[-71.5270964,-16.4929969],[-71.5270318,-16.4930608],[-71.5268365,-16.4931263],[-71.5265341,-16.4933403],[-71.5262306,-16.4934701],[-71.5261445,-16.4935553],[-71.5260363,-16.4936197],[-71.52595,-16.4936838],[-71.5257549,-16.4937703],[-71.5257334,-16.4937916],[-71.5257121,-16.4938339],[-71.5257127,-16.493876],[-71.5256481,-16.4939399],[-71.5256263,-16.4939401],[-71.525583,-16.4939617],[-71.5255609,-16.4939409],[-71.5255388,-16.4939202],[-71.525517,-16.4939204],[-71.5255162,-16.4938573],[-71.5254942,-16.4938366],[-71.5254506,-16.4938371],[-71.5254288,-16.4938374],[-71.525407,-16.4938376],[-71.52521,-16.4937769],[-71.5251223,-16.4937359],[-71.5248811,-16.4936337],[-71.5248376,-16.4936342],[-71.5247275,-16.4935514],[-71.5245297,-16.4934276],[-71.5244196,-16.4933448],[-71.5243095,-16.493262],[-71.5242657,-16.4932415],[-71.5242003,-16.4932423],[-71.5242398,-16.4929263],[-71.5242605,-16.4928419],[-71.52426,-16.4927998],[-71.5242158,-16.4927583],[-71.5241714,-16.4926957],[-71.5241275,-16.4926752],[-71.5241052,-16.4926334],[-71.5238883,-16.4927202],[-71.523845,-16.4927418],[-71.5237388,-16.4929534],[-71.5235671,-16.4931658],[-71.5234156,-16.4932517],[-71.5231337,-16.4933603],[-71.522895,-16.4934473],[-71.5225253,-16.4935149],[-71.5222212,-16.4936027],[-71.5223754,-16.493727],[-71.5225079,-16.4938516],[-71.5226174,-16.4938923],[-71.5227887,-16.4936589],[-71.5229852,-16.4936776],[-71.5227059,-16.4939964],[-71.5227062,-16.4940175],[-71.5230124,-16.4940979],[-71.5230555,-16.4940553],[-71.5231634,-16.4939699],[-71.5232718,-16.4939265],[-71.523447,-16.4939875],[-71.5236001,-16.4940277],[-71.5235813,-16.4942593],[-71.5235827,-16.4943645],[-71.5236077,-16.4946165],[-71.523611,-16.4948689],[-71.5235911,-16.4950164],[-71.5234846,-16.495207],[-71.5234208,-16.4953339],[-71.5232928,-16.4955458],[-71.5232288,-16.4956517],[-71.5230781,-16.4958008],[-71.5229926,-16.495928],[-71.5228849,-16.4960345],[-71.5227566,-16.4962253],[-71.5227141,-16.49631],[-71.5226283,-16.4964162],[-71.5225003,-16.496628],[-71.5223948,-16.4969027],[-71.5223305,-16.4969877],[-71.5222439,-16.4970308],[-71.522136,-16.4971162],[-71.5220515,-16.4973276],[-71.5220532,-16.4974537],[-71.5220998,-16.4976845],[-71.521972,-16.4979174],[-71.521651,-16.498384],[-71.5215647,-16.4984482],[-71.5214352,-16.4985549],[-71.5212631,-16.4987252],[-71.5210475,-16.4989171],[-71.5208974,-16.4991082],[-71.5207481,-16.4993624],[-71.5207724,-16.4995514],[-71.5209928,-16.4997381],[-71.5209936,-16.4998012],[-71.5211252,-16.4998627],[-71.521171,-16.5000304],[-71.5211312,-16.5003253],[-71.5210903,-16.5005362],[-71.520919,-16.5007696],[-71.520856,-16.5009596],[-71.5209015,-16.5011063],[-71.5209685,-16.5012317],[-71.5210783,-16.5012935],[-71.5212541,-16.5013965],[-71.5214519,-16.5015203],[-71.5214753,-16.5016463],[-71.5215203,-16.5017509],[-71.5215004,-16.5018984],[-71.5213936,-16.5020679],[-71.5211331,-16.5021552],[-71.520507,-16.5026255],[-71.5204013,-16.5028791],[-71.5211677,-16.5031433],[-71.5211277,-16.5034172],[-71.5207634,-16.5039054],[-71.5211408,-16.5044267],[-71.5209552,-16.5052492],[-71.5216865,-16.5061658],[-71.5215607,-16.5065459],[-71.5206051,-16.5068309],[-71.5202427,-16.5074662],[-71.5196605,-16.507957],[-71.5196079,-16.5089462],[-71.5202414,-16.5090437],[-71.521967,-16.5092963],[-71.523517,-16.5094669],[-71.5252012,-16.5098882],[-71.5272981,-16.5101994],[-71.5280509,-16.5094121],[-71.527576,-16.5080928],[-71.5276263,-16.5069353],[-71.5284053,-16.5064842],[-71.5294551,-16.5067449],[-71.5307,-16.5069192],[-71.5322233,-16.5067114],[-71.5337243,-16.5064618],[-71.5354937,-16.5067348],[-71.5351884,-16.5050559],[-71.5346894,-16.5035686],[-71.5338055,-16.5026539],[-71.5331793,-16.5014416],[-71.5337296,-16.500173],[-71.5336646,-16.4985332],[-71.5330975,-16.4968364],[-71.5322234,-16.4949961],[-71.5319882,-16.4936739],[-71.5324797,-16.4929108],[-71.5334141,-16.4926891],[-71.5342631,-16.4925947],[-71.5346428,-16.4916226],[-71.5341426,-16.4917128],[-71.5331378,-16.4915567],[-71.5329634,-16.4915588],[-71.5323659,-16.4908719],[-71.5314726,-16.4909038],[-71.5307806,-16.4913328],[-71.5303682,-16.4931466],[-71.5303184,-16.4943461],[-71.5303185,-16.4960288],[-71.5297071,-16.495952],[-71.5292243,-16.4957055],[-71.5285737,-16.4942831],[-71.5285627,-16.4934419],[-71.5286166,-16.4925579],[-71.5289896,-16.49106],[-71.5295538,-16.4908639],[-71.5298807,-16.49086],[-71.529878,-16.4906497],[-71.5295696,-16.490401],[-71.5295025,-16.4902756],[-71.529478,-16.4900656],[-71.529129,-16.4900488],[-71.5288468,-16.4901363],[-71.528698,-16.4904326],[-71.5284833,-16.4906876],[-71.5283553,-16.4908995]]}},{"type":"Feature","properties":{"nivel":"Cuarto nivel","ancho":1.92,"color":["#e60000"]},"geometry":{"type":"LineString","coordinates":[[-71.4535074,-16.4900665],[-71.4531416,-16.4904494],[-71.4528349,-16.4903267],[-71.4525484,-16.4900777],[-71.4523083,-16.4900595],[-71.4520489,-16.4902308],[-71.4514508,-16.4912054],[-71.4511775,-16.4920079],[-71.4511644,-16.4927021],[-71.4514331,-16.4932669],[-71.4511588,-16.4939853],[-71.451011,-16.4943656],[-71.4507728,-16.4944946],[-71.4500965,-16.4944605],[-71.4498993,-16.4943787],[-71.4500343,-16.4947136],[-71.4501898,-16.4949432],[-71.4498663,-16.4952204],[-71.4498033,-16.4954104],[-71.4499583,-16.4955979],[-71.4497645,-16.4957895],[-71.4494176,-16.4959408],[-71.4492232,-16.4960903],[-71.4489678,-16.4965771],[-71.4499699,-16.4965233],[-71.4508849,-16.4964705],[-71.4517674,-16.4973015],[-71.4525824,-16.497965],[-71.4531783,-16.498547],[-71.453556,-16.4991105],[-71.4544944,-16.4991836],[-71.4546252,-16.499182],[-71.4552105,-16.4989228],[-71.4558161,-16.498537],[-71.4566651,-16.4984429],[-71.4582109,-16.4982775],[-71.4591046,-16.498267],[-71.4598712,-16.4985524],[-71.4609954,-16.497803],[-71.4612756,-16.4975473],[-71.4615135,-16.4973973],[-71.4616201,-16.4972067],[-71.461746,-16.4968266],[-71.4616533,-16.496386],[-71.461606,-16.4960921],[-71.4617801,-16.496069],[-71.4616697,-16.4959651],[-71.4613601,-16.4956112],[-71.4616628,-16.4954183],[-71.4621402,-16.4952445],[-71.4624664,-16.4951775],[-71.4631642,-16.4951903],[-71.4635376,-16.4954173],[-71.4637391,-16.4958356],[-71.4643707,-16.4957861],[-71.465153,-16.4955875],[-71.465627,-16.4951403],[-71.4656612,-16.4944037],[-71.4654393,-16.4940908],[-71.4651027,-16.4933375],[-71.4644206,-16.4928408],[-71.4634613,-16.492831],[-71.4628106,-16.4930911],[-71.4619831,-16.493164],[-71.4611785,-16.4933207],[-71.4603949,-16.493414],[-71.4596346,-16.4936333],[-71.458939,-16.4937887],[-71.4591062,-16.4932189],[-71.4592043,-16.4923553],[-71.459174,-16.4916826],[-71.4590775,-16.4909475],[-71.4593117,-16.4905031],[-71.4595631,-16.4897008],[-71.4592886,-16.4886734],[-71.4585209,-16.4883038],[-71.4579406,-16.4872379],[-71.456845,-16.486788],[-71.45597,-16.4865459],[-71.4549224,-16.486453],[-71.4541048,-16.487304],[-71.4536651,-16.4887395],[-71.4535074,-16.4900665]]}},{"type":"Feature","properties":{"nivel":"Cuarto nivel","ancho":1.92,"color":["#e60000"]},"geometry":{"type":"LineString","coordinates":[[-71.4408571,-16.4268597],[-71.4412285,-16.4269395],[-71.4417725,-16.4268701],[-71.442166,-16.4269707],[-71.4426682,-16.427049],[-71.4427118,-16.4270485],[-71.4431064,-16.4272332],[-71.4431741,-16.4274217],[-71.4432652,-16.4277362],[-71.4431594,-16.4279898],[-71.442967,-16.4282865],[-71.4429261,-16.4284973],[-71.4431665,-16.4285576],[-71.4432744,-16.4284722],[-71.4433366,-16.4282191],[-71.443485,-16.4278808],[-71.4436593,-16.4278788],[-71.4439617,-16.4276649],[-71.4443757,-16.4276601],[-71.444833,-16.4276338],[-71.4452476,-16.427671],[-71.4454676,-16.4278367],[-71.4454678,-16.4278577],[-71.4456456,-16.4281291],[-71.445737,-16.4284646],[-71.4460446,-16.4286713],[-71.4466343,-16.4287696],[-71.4469816,-16.4286604],[-71.4473733,-16.4286138],[-71.4479377,-16.4284389],[-71.4483515,-16.4284131],[-71.4486775,-16.4283461],[-71.4488503,-16.4282179],[-71.4491747,-16.4280248],[-71.4493677,-16.4277702],[-71.4496717,-16.4276825],[-71.4499993,-16.4277418],[-71.4503929,-16.4278423],[-71.4506756,-16.427797],[-71.4508948,-16.4278996],[-71.4508762,-16.4281522],[-71.450857,-16.4283628],[-71.4509886,-16.4284243],[-71.4511655,-16.4286326],[-71.4513207,-16.4288411],[-71.4515412,-16.4290489],[-71.4518917,-16.429192],[-71.4521317,-16.4292103],[-71.4524354,-16.4291015],[-71.4526323,-16.4291623],[-71.4527662,-16.4294132],[-71.4531167,-16.4295563],[-71.4534438,-16.4295735],[-71.4535722,-16.4293827],[-71.4538119,-16.4293799],[-71.4539248,-16.4296941],[-71.4540379,-16.4300293],[-71.4542359,-16.4301743],[-71.4544974,-16.4301712],[-71.4548027,-16.4301887],[-71.4551723,-16.4301212],[-71.4553047,-16.4302459],[-71.4552853,-16.4304354],[-71.4551558,-16.4305421],[-71.4549847,-16.4307965],[-71.4549427,-16.4309232],[-71.4549674,-16.4311543],[-71.4550577,-16.4314056],[-71.4552554,-16.4315295],[-71.4554276,-16.4313592],[-71.4554441,-16.4309384],[-71.4556857,-16.4310828],[-71.4559732,-16.431416],[-71.456236,-16.431518],[-71.4564358,-16.4318102],[-71.4566563,-16.4320179],[-71.4569425,-16.432246],[-71.4572919,-16.432305],[-71.4575563,-16.4325332],[-71.4577793,-16.4329303],[-71.4579995,-16.433117],[-71.4582839,-16.4331978],[-71.458616,-16.4336146],[-71.4586599,-16.4336351],[-71.4590114,-16.4338624],[-71.4592989,-16.4341955],[-71.459803,-16.434421],[-71.4622186,-16.4324155],[-71.4639036,-16.4312388],[-71.4644176,-16.4305176],[-71.4645098,-16.4291914],[-71.4642303,-16.4277644],[-71.464372,-16.4251756],[-71.4642982,-16.4245033],[-71.4641852,-16.4241892],[-71.4638765,-16.4238983],[-71.4635911,-16.4237334],[-71.4634133,-16.423462],[-71.4632356,-16.4231907],[-71.4632946,-16.4226852],[-71.4629417,-16.4223528],[-71.4625474,-16.4221891],[-71.4618932,-16.4221547],[-71.4615002,-16.4220962],[-71.4610426,-16.4221016],[-71.4608016,-16.4219993],[-71.4601015,-16.4217761],[-71.4596413,-16.4215712],[-71.4598127,-16.4213378],[-71.4604432,-16.4212252],[-71.4605485,-16.4209295],[-71.4606744,-16.4205494],[-71.4608458,-16.420316],[-71.4613034,-16.4203107],[-71.4615943,-16.4209172],[-71.4617702,-16.4210414],[-71.462118,-16.4209742],[-71.4625278,-16.4206329],[-71.4631964,-16.4200781],[-71.4630776,-16.4193013],[-71.4628342,-16.4190096],[-71.4624317,-16.418194],[-71.4624267,-16.4177945],[-71.4623592,-16.417627],[-71.4621387,-16.4174192],[-71.4616577,-16.4172987],[-71.4612634,-16.417135],[-71.4601086,-16.4171486],[-71.4594818,-16.4175555],[-71.4591993,-16.417622],[-71.4582152,-16.417339],[-71.4567112,-16.4173146],[-71.4561229,-16.4173214],[-71.4559064,-16.4174291],[-71.4558444,-16.4177033],[-71.4556709,-16.4177684],[-71.4552142,-16.4178369],[-71.4551031,-16.4176699],[-71.455034,-16.4173762],[-71.454509,-16.4172141],[-71.4541578,-16.4170079],[-71.4540433,-16.4165675],[-71.454952,-16.4160521],[-71.4550717,-16.4151672],[-71.4551068,-16.4144937],[-71.4553866,-16.414217],[-71.4555123,-16.4138159],[-71.4553774,-16.4134809],[-71.4550463,-16.4131483],[-71.4546956,-16.4129841],[-71.4541052,-16.4128227],[-71.4539944,-16.4126768],[-71.4539881,-16.412172],[-71.4543753,-16.4117679],[-71.4550704,-16.4115915],[-71.4554974,-16.4108923],[-71.4556035,-16.4106597],[-71.4555992,-16.4103232],[-71.4554207,-16.4099888],[-71.4549605,-16.4097838],[-71.4544988,-16.4094527],[-71.45443,-16.40918],[-71.4543181,-16.40895],[-71.4545937,-16.4083368],[-71.4546971,-16.4078938],[-71.4547583,-16.4075566],[-71.4547548,-16.4072832],[-71.4546417,-16.406948],[-71.4546346,-16.4063801],[-71.454676,-16.4062114],[-71.4549151,-16.4061665],[-71.456178,-16.4060886],[-71.4567009,-16.4060825],[-71.4599177,-16.4019643],[-71.4595615,-16.4013585],[-71.459201,-16.4004162],[-71.4591266,-16.3997019],[-71.4585488,-16.3988042],[-71.4571006,-16.3980008],[-71.4567402,-16.3970585],[-71.4559705,-16.3964995],[-71.4556762,-16.3956196],[-71.4542265,-16.39469],[-71.4526713,-16.394035],[-71.4521893,-16.3938303],[-71.4517972,-16.3938349],[-71.4517875,-16.3930567],[-71.4516095,-16.3927643],[-71.4508764,-16.3933829],[-71.4501341,-16.3932653],[-71.4495477,-16.3934194],[-71.4485427,-16.3931997],[-71.4474893,-16.392602],[-71.4469169,-16.3921249],[-71.4460601,-16.3915669],[-71.4456,-16.391362],[-71.4451233,-16.3915778],[-71.4444296,-16.3918594],[-71.4443209,-16.3918816],[-71.4437356,-16.3921198],[-71.4436705,-16.3921416],[-71.4436269,-16.3921421],[-71.4427812,-16.3924675],[-71.4423486,-16.3927249],[-71.4413507,-16.3930731],[-71.4404375,-16.3932309]]}},{"type":"Feature","properties":{"nivel":"Cuarto nivel","ancho":1.92,"color":["#002673"]},"geometry":{"type":"LineString","coordinates":[[-71.6433572,-16.2627578],[-71.6432709,-16.262822],[-71.6424895,-16.263],[-71.6415882,-16.2639787],[-71.6411429,-16.2648676],[-71.6411982,-16.2657502],[-71.6419402,-16.2675076],[-71.6419936,-16.2682431],[-71.6417397,-16.2687931],[-71.6419619,-16.2691268],[-71.6423596,-16.2695635],[-71.6425168,-16.2699191],[-71.6424348,-16.2702987],[-71.6417223,-16.2707492],[-71.6408569,-16.2711596],[-71.64086,-16.271391],[-71.6418978,-16.2724716],[-71.6420342,-16.274531],[-71.6421965,-16.2752651],[-71.6428724,-16.2769602],[-71.6439664,-16.2789866],[-71.6451043,-16.2810335],[-71.6455332,-16.2821638],[-71.64559,-16.2831516],[-71.6455959,-16.2835932],[-71.6452131,-16.284271],[-71.6446069,-16.284531],[-71.6439973,-16.2845386],[-71.6436266,-16.2845012],[-71.6431231,-16.2842971],[-71.6427024,-16.2837766],[-71.6422295,-16.2826048],[-71.6418744,-16.2821044],[-71.641614,-16.2821708],[-71.6410796,-16.2829136],[-71.6408762,-16.2839887],[-71.6405001,-16.2851712],[-71.6402468,-16.2857632],[-71.6394497,-16.2864041],[-71.6389272,-16.2864107],[-71.6385769,-16.2862678],[-71.6381593,-16.2859786],[-71.637517,-16.2851664],[-71.637247,-16.2845177],[-71.6373039,-16.2838861],[-71.6365706,-16.2827806],[-71.6363073,-16.2826366],[-71.636155,-16.2826385],[-71.6358541,-16.2829367],[-71.6354712,-16.2836145],[-71.6349175,-16.2845468],[-71.6341148,-16.2847671],[-71.6335539,-16.2851527],[-71.633052,-16.2850748],[-71.6325247,-16.2847238],[-71.6324128,-16.2844939],[-71.6319656,-16.2836161],[-71.6316049,-16.2826952],[-71.6310369,-16.282555],[-71.6307347,-16.2827481],[-71.630181,-16.2836804],[-71.6299948,-16.2844188],[-71.6296569,-16.2852012],[-71.629449,-16.2859399],[-71.6290638,-16.2864494],[-71.6286502,-16.2864546],[-71.628299,-16.2862486],[-71.6276816,-16.2856674],[-71.6273566,-16.2841572],[-71.6267853,-16.2837647],[-71.6262173,-16.2836245],[-71.6254118,-16.2836345],[-71.6252633,-16.2839308],[-71.6253122,-16.2843298],[-71.6254263,-16.284728],[-71.6249315,-16.2851758],[-71.6244101,-16.2852664],[-71.6239147,-16.2856721],[-71.6239219,-16.2862189],[-71.6241277,-16.2869524],[-71.6241994,-16.2874353],[-71.623991,-16.2881319],[-71.6227885,-16.2894088],[-71.6210348,-16.2901666],[-71.6207334,-16.2904228],[-71.620672,-16.290718],[-71.6208289,-16.2910525],[-71.6209073,-16.2920401],[-71.6201629,-16.2933743],[-71.6197669,-16.2947042],[-71.6195336,-16.2968103],[-71.6193044,-16.2975913],[-71.6185937,-16.298189],[-71.6177954,-16.2987458],[-71.6172748,-16.2988994],[-71.6167741,-16.2989056],[-71.6163584,-16.2987636],[-71.6155489,-16.2984791],[-71.6141245,-16.2978027],[-71.6134002,-16.29737],[-71.6131537,-16.2968473],[-71.6126898,-16.2963482],[-71.6121647,-16.2961654],[-71.6119289,-16.2964418],[-71.6111291,-16.2968933],[-71.6111805,-16.2974816],[-71.6120221,-16.2985438],[-71.6127338,-16.2996707],[-71.6129016,-16.3008254],[-71.6128368,-16.3025088],[-71.6124348,-16.3033971],[-71.6117945,-16.3043725],[-71.6107778,-16.3048898],[-71.6093201,-16.304992],[-71.6075347,-16.305014],[-71.6065113,-16.3050267],[-71.6061233,-16.3053259],[-71.6056791,-16.3063199],[-71.6049703,-16.3070648],[-71.603799,-16.3074157],[-71.603258,-16.3076748],[-71.6028027,-16.3078276],[-71.6022416,-16.3082131],[-71.6017494,-16.3088712],[-71.6006288,-16.3097684],[-71.5989273,-16.3111985],[-71.5981699,-16.3115653],[-71.5967987,-16.3116243],[-71.59527,-16.3113066],[-71.5943938,-16.3109177],[-71.5931245,-16.3104496],[-71.592619,-16.3100982],[-71.591944,-16.3101065],[-71.5917513,-16.3103613],[-71.5907971,-16.3106674],[-71.5898773,-16.3102791],[-71.5886966,-16.309915],[-71.5874317,-16.3097833],[-71.5868827,-16.3094325],[-71.5853066,-16.3088208],[-71.5846887,-16.3081974],[-71.5843714,-16.3072548],[-71.5843951,-16.3057402],[-71.5844913,-16.3047715],[-71.5844855,-16.3043299],[-71.5838323,-16.3043379],[-71.5831168,-16.304578],[-71.5823555,-16.3046504],[-71.5817445,-16.3045527],[-71.5812847,-16.3043691],[-71.580981,-16.3044569],[-71.5806852,-16.3051546],[-71.5799391,-16.3063836],[-71.5795952,-16.3067243],[-71.5786167,-16.3068414],[-71.5772449,-16.3068582],[-71.576702,-16.30697],[-71.5764029,-16.3074153],[-71.5766661,-16.3092209],[-71.5761928,-16.3113299],[-71.5763248,-16.313095],[-71.5768859,-16.3143712],[-71.5768928,-16.3148969],[-71.5764024,-16.3157021],[-71.5750356,-16.3160974],[-71.5743823,-16.3161053],[-71.573863,-16.3163641],[-71.5735625,-16.3167043],[-71.5731047,-16.3166678],[-71.5727538,-16.3164828],[-71.5725526,-16.3160856],[-71.57239,-16.3153094],[-71.5722669,-16.3142172],[-71.5713711,-16.3123352],[-71.5703495,-16.3108122],[-71.5692767,-16.3103836],[-71.5688644,-16.3104938],[-71.5685634,-16.3107919],[-71.568165,-16.3119746],[-71.5676771,-16.312969],[-71.5669673,-16.3136507],[-71.5656833,-16.315391],[-71.5650823,-16.3160713],[-71.5638188,-16.3160446],[-71.5635183,-16.3163848],[-71.5629119,-16.3166446],[-71.5623041,-16.3167992],[-71.561993,-16.3163192],[-71.5610535,-16.3144166],[-71.5610382,-16.313239],[-71.5612188,-16.312059],[-71.5617049,-16.3109173],[-71.5604574,-16.3104487],[-71.5599911,-16.3097602],[-71.5591095,-16.3089507],[-71.5585207,-16.3088947],[-71.5577377,-16.3089673],[-71.5567121,-16.3088114],[-71.5556873,-16.3087187],[-71.5546187,-16.3086054],[-71.5537207,-16.3082167],[-71.553212,-16.3076129],[-71.5523737,-16.3067817],[-71.5518617,-16.3059255],[-71.5514632,-16.3054255],[-71.5507392,-16.3050136],[-71.5501053,-16.304832],[-71.5494755,-16.3049658],[-71.5492651,-16.3055362],[-71.5483083,-16.3056529],[-71.5478794,-16.3061629],[-71.547212,-16.3067599],[-71.5466252,-16.3068511],[-71.5458636,-16.3069023],[-71.5449039,-16.3067877],[-71.5440054,-16.3063568],[-71.5434812,-16.306237],[-71.5429376,-16.3063066],[-71.5427893,-16.3066239],[-71.5427751,-16.307213],[-71.5423693,-16.3078278],[-71.5418395,-16.30897],[-71.5414525,-16.3093532],[-71.5411487,-16.309441],[-71.5406909,-16.3094045],[-71.5401433,-16.3091587],[-71.5393319,-16.3087267],[-71.5381485,-16.308152],[-71.5377119,-16.3080731],[-71.5372775,-16.3081625],[-71.5371509,-16.3084795],[-71.537151,-16.3101832],[-71.5367841,-16.31044],[-71.5363717,-16.3105501],[-71.536283,-16.310425],[-71.5358282,-16.3106197],[-71.5352432,-16.3108581],[-71.5343539,-16.3111422],[-71.5340316,-16.3114826],[-71.5338844,-16.311884],[-71.5339067,-16.3119258],[-71.5321994,-16.3129559],[-71.532155,-16.3128933],[-71.5318064,-16.3128765],[-71.5314337,-16.3126917],[-71.5311041,-16.3124643],[-71.5307509,-16.3120899],[-71.5302212,-16.3115494],[-71.5297628,-16.3114707],[-71.5295015,-16.3114739],[-71.5294378,-16.3116008],[-71.5293806,-16.3122325],[-71.529432,-16.3128419],[-71.5295678,-16.3132399],[-71.5297517,-16.3139949],[-71.5300671,-16.3148114],[-71.5301844,-16.315462],[-71.5301879,-16.3157354],[-71.5300161,-16.3159267],[-71.5297126,-16.3160355],[-71.52919,-16.3160418],[-71.5287547,-16.316068],[-71.5286679,-16.3160901],[-71.5283955,-16.315231],[-71.5284606,-16.3152092],[-71.5283928,-16.3150207],[-71.525441,-16.3158133],[-71.5250902,-16.3156282],[-71.524864,-16.3149788],[-71.5243505,-16.3139964],[-71.5233544,-16.3127463],[-71.5226224,-16.3117034],[-71.5221815,-16.311288],[-71.5217701,-16.3114822],[-71.5212951,-16.3118034],[-71.5209553,-16.3124805],[-71.5209446,-16.313343],[-71.5209078,-16.3138693],[-71.5208723,-16.3145007],[-71.5206129,-16.314651],[-71.5201774,-16.3146562],[-71.5198496,-16.314576],[-71.5190098,-16.3153222],[-71.5178696,-16.3164296],[-71.5168429,-16.3178931],[-71.5148204,-16.3198312],[-71.5129589,-16.3224405],[-71.5121206,-16.3233129],[-71.5118819,-16.3233788],[-71.5109293,-16.3238319],[-71.5104107,-16.3241535],[-71.5099566,-16.3244113],[-71.5098953,-16.3247276],[-71.5101378,-16.3249561],[-71.5108166,-16.3252424],[-71.5116471,-16.3254639],[-71.5118689,-16.3257768],[-71.5120695,-16.326132],[-71.5121009,-16.3268888],[-71.5116742,-16.327588],[-71.5115893,-16.3277573],[-71.5115933,-16.3280727],[-71.5114274,-16.3287267],[-71.5109335,-16.3292795],[-71.5105445,-16.3295155],[-71.5103323,-16.3299597],[-71.5109036,-16.3303525],[-71.5115177,-16.3306817],[-71.5116097,-16.3310593],[-71.5112448,-16.3314843],[-71.5108308,-16.3314682],[-71.5104794,-16.331241],[-71.5100624,-16.3309935],[-71.5096661,-16.3306617],[-71.5093813,-16.3305389],[-71.5084866,-16.3304023],[-71.5074439,-16.3306251],[-71.5072965,-16.3310264],[-71.507278,-16.3312791],[-71.5072164,-16.3315743],[-71.5081848,-16.332362],[-71.5089989,-16.3330044],[-71.5095719,-16.3335234],[-71.5102943,-16.3338093],[-71.5115607,-16.3340466],[-71.5126163,-16.3348333],[-71.5126198,-16.3351067],[-71.5108151,-16.3404706],[-71.5103184,-16.3408131],[-71.5094508,-16.3410969],[-71.5094535,-16.3413072],[-71.5098334,-16.3420598],[-71.5099285,-16.3426897],[-71.50976,-16.3431334],[-71.5093935,-16.3434322],[-71.5089802,-16.3434792],[-71.5086312,-16.3434413],[-71.5081644,-16.3427107],[-71.5077861,-16.3420842],[-71.5072371,-16.3417332],[-71.5069975,-16.341736],[-71.5066738,-16.3419712],[-71.506378,-16.3426899],[-71.5057284,-16.3429921],[-71.5045563,-16.3433215],[-71.5039309,-16.3438127],[-71.5033708,-16.3443031],[-71.5033363,-16.3450187],[-71.5033906,-16.3458594],[-71.5035941,-16.3464459],[-71.503728,-16.3466967],[-71.5036505,-16.3474548],[-71.5036551,-16.3478124],[-71.5038549,-16.3481045],[-71.5042488,-16.348247],[-71.5046664,-16.3485365],[-71.5048669,-16.3488917],[-71.5048285,-16.3492918],[-71.5046381,-16.3497358],[-71.5039217,-16.3499336],[-71.503313,-16.3500249],[-71.5031387,-16.350027],[-71.5026434,-16.3504746],[-71.5019593,-16.3514923],[-71.5016162,-16.3519171],[-71.500938,-16.3516938],[-71.5005896,-16.3516979],[-71.5003043,-16.351533],[-71.4994763,-16.3515218],[-71.4994841,-16.3521317],[-71.499664,-16.3525713],[-71.4999078,-16.3529049],[-71.5001945,-16.3531749],[-71.5003082,-16.3535522],[-71.499747,-16.3539585],[-71.4999901,-16.354229],[-71.5001699,-16.3546686],[-71.5006773,-16.3551674],[-71.5008096,-16.355292],[-71.501619,-16.3555558],[-71.5018403,-16.3558266],[-71.5018494,-16.3565417],[-71.5008765,-16.3571211],[-71.5002055,-16.3574656],[-71.4998605,-16.3577432],[-71.4992724,-16.3577501],[-71.4990952,-16.3575209],[-71.4987441,-16.3573147],[-71.498682,-16.3558641],[-71.4987205,-16.355464],[-71.4984283,-16.3547524],[-71.4976202,-16.3545937],[-71.4974489,-16.3548271],[-71.4972811,-16.3553339],[-71.4973542,-16.355943],[-71.4974012,-16.3562159],[-71.4970831,-16.3568927],[-71.4971309,-16.3572287],[-71.4973783,-16.3578357],[-71.4977329,-16.3583153],[-71.4977837,-16.3588826],[-71.4977984,-16.3600393],[-71.497874,-16.3608376],[-71.4980544,-16.3613193],[-71.4984114,-16.3619881],[-71.4988753,-16.3624874],[-71.4993383,-16.3629236],[-71.4993434,-16.3633232],[-71.4984721,-16.3633335],[-71.4980067,-16.362708],[-71.4978951,-16.362499],[-71.4970862,-16.3622773],[-71.4970182,-16.3620677],[-71.4970126,-16.3616261],[-71.4968303,-16.3609972],[-71.4963036,-16.360688],[-71.4952137,-16.3606378],[-71.4948686,-16.3609153],[-71.4940606,-16.3607566],[-71.4938863,-16.3607587],[-71.4937748,-16.3605497],[-71.4935928,-16.3599419],[-71.4930593,-16.3591068],[-71.4929427,-16.3584983],[-71.492311,-16.3585057],[-71.492077,-16.3589502],[-71.4919084,-16.3593939],[-71.4916914,-16.3594596],[-71.4906416,-16.3591355],[-71.489303,-16.358373],[-71.4870877,-16.3571793],[-71.486278,-16.3568944],[-71.4858868,-16.3569621],[-71.4859991,-16.3572342],[-71.4858953,-16.3576351],[-71.4854772,-16.3573034],[-71.4848426,-16.3570796],[-71.4844914,-16.3568734],[-71.483923,-16.3567118],[-71.4827665,-16.3565572],[-71.4818495,-16.3563997],[-71.4813268,-16.3564059],[-71.4812628,-16.3565118],[-71.4817308,-16.3573476],[-71.4821494,-16.3577213],[-71.4824368,-16.3580545],[-71.4827221,-16.3582194],[-71.4833551,-16.3583171],[-71.4844689,-16.3585353],[-71.4852791,-16.3588623],[-71.4855012,-16.3591962],[-71.4861419,-16.3599038],[-71.4863871,-16.3603426],[-71.4868047,-16.3606321],[-71.487553,-16.3612333],[-71.4880138,-16.3615013],[-71.4880813,-16.3616687],[-71.4879759,-16.3619434],[-71.4877371,-16.3620093],[-71.4870401,-16.3620176],[-71.4866929,-16.3621268],[-71.4868278,-16.3624618],[-71.4871153,-16.3627949],[-71.4878222,-16.3635648],[-71.4888114,-16.3642683],[-71.4900209,-16.3651584],[-71.4907889,-16.365591],[-71.4915329,-16.3658557],[-71.4918865,-16.3662511],[-71.4917816,-16.3665679],[-71.4916103,-16.3668013],[-71.491023,-16.3668713],[-71.4904558,-16.3668149],[-71.4895816,-16.3665939],[-71.4890554,-16.3663267],[-71.4887034,-16.3660574],[-71.4883535,-16.3659564],[-71.4880717,-16.3660649],[-71.4881419,-16.3664427],[-71.4883639,-16.3667766],[-71.4883703,-16.3672813],[-71.4880444,-16.3673483],[-71.4878688,-16.3672452],[-71.4875144,-16.3667866],[-71.4872714,-16.366516],[-71.4868105,-16.3662481],[-71.4863958,-16.3661898],[-71.4857649,-16.3662604],[-71.4857684,-16.3665338],[-71.4860598,-16.3671824],[-71.4866288,-16.367386],[-71.4866979,-16.3676797],[-71.4866347,-16.3678487],[-71.4858925,-16.3677313],[-71.4855426,-16.3676302],[-71.4847367,-16.3676397],[-71.4846299,-16.3678093],[-71.4846334,-16.3680827],[-71.4845709,-16.3683148],[-71.4847487,-16.3685861],[-71.4854513,-16.3690195],[-71.4860846,-16.3691382],[-71.4864794,-16.3693439],[-71.4867878,-16.3696137],[-71.4871863,-16.3701138],[-71.4867352,-16.3706239],[-71.4867395,-16.3709604],[-71.4869164,-16.3711687],[-71.4870296,-16.3715039],[-71.4869903,-16.3718409],[-71.4858871,-16.3724639],[-71.4851465,-16.3724726],[-71.4850833,-16.3726417],[-71.485103,-16.3741979],[-71.4852871,-16.374974],[-71.486061,-16.3758693],[-71.4864109,-16.3759703],[-71.48772,-16.3761231],[-71.4886596,-16.3763434],[-71.4890557,-16.3766542],[-71.4891907,-16.3769891],[-71.4887824,-16.3774357],[-71.487918,-16.3779928],[-71.4871123,-16.3780233],[-71.4853743,-16.3766977],[-71.4841069,-16.3763972],[-71.4838686,-16.3765052],[-71.4839388,-16.3768829],[-71.4846452,-16.3776108],[-71.4851082,-16.378047],[-71.4852214,-16.3783822],[-71.4850498,-16.3785946],[-71.484421,-16.3788334],[-71.4837261,-16.3790099],[-71.4832713,-16.3792256],[-71.4831055,-16.3799006],[-71.4831175,-16.380847],[-71.4834716,-16.3812845],[-71.4834775,-16.3817472],[-71.4823883,-16.38176],[-71.4815632,-16.3819801],[-71.481115,-16.3827216],[-71.4811916,-16.3836041],[-71.4812646,-16.3842132],[-71.4809225,-16.384722],[-71.4802921,-16.3848347],[-71.4795288,-16.3847806],[-71.4794826,-16.3845708],[-71.4795211,-16.3841707],[-71.4795142,-16.3836239],[-71.4793941,-16.3827419],[-71.4792126,-16.3821761],[-71.4787979,-16.3821179],[-71.4784101,-16.382459],[-71.4779563,-16.3827588],[-71.4771944,-16.3828099],[-71.476628,-16.3828165],[-71.4763491,-16.3831564],[-71.4763969,-16.3834923],[-71.4769928,-16.3840953],[-71.4768655,-16.3843702],[-71.4765212,-16.3847108],[-71.47578,-16.3846775],[-71.4749612,-16.3836775],[-71.4743104,-16.3821707],[-71.4730631,-16.3800189],[-71.4722486,-16.3793554],[-71.4719654,-16.3793587],[-71.4717295,-16.379656],[-71.4717996,-16.3800338],[-71.4717385,-16.380371],[-71.4713921,-16.3805434],[-71.4710903,-16.3807993],[-71.4712694,-16.3811758],[-71.4716214,-16.3814451],[-71.4720382,-16.3816716],[-71.4723264,-16.3820679],[-71.4723304,-16.3823833],[-71.4720488,-16.3825128],[-71.4715244,-16.3823928],[-71.4712813,-16.3821222],[-71.4711065,-16.3820822],[-71.4707149,-16.3821289],[-71.470611,-16.3825297],[-71.4709006,-16.3830311],[-71.470734,-16.3836431],[-71.4707374,-16.3839165],[-71.4709587,-16.3841873],[-71.4716635,-16.384789],[-71.471667,-16.3850624],[-71.4714555,-16.3855697],[-71.4709826,-16.3860801],[-71.4705982,-16.3866946],[-71.4708532,-16.3879115],[-71.4712511,-16.3883696],[-71.4712567,-16.3888113],[-71.4711499,-16.3889808],[-71.46993,-16.3889951],[-71.4695399,-16.389168],[-71.4688433,-16.3892182],[-71.4683845,-16.3891184],[-71.4679018,-16.3888507],[-71.4671287,-16.3880184],[-71.4667746,-16.3875808],[-71.4663602,-16.3875436],[-71.4660783,-16.3876521],[-71.4660164,-16.3879263],[-71.4660852,-16.3881989],[-71.4660923,-16.3887667],[-71.4659876,-16.3891045],[-71.4653593,-16.3893853],[-71.464901,-16.3893276],[-71.4645939,-16.3891629],[-71.464417,-16.3889547],[-71.464133,-16.3888949],[-71.4640727,-16.3892952],[-71.4640795,-16.389842],[-71.4642145,-16.390177],[-71.4642179,-16.3904504],[-71.4635208,-16.3904586],[-71.4630625,-16.3904008],[-71.462821,-16.3902564],[-71.4626032,-16.390259],[-71.4620163,-16.390371],[-71.4616276,-16.390649],[-71.4616733,-16.3908168],[-71.4617429,-16.3911525],[-71.4619641,-16.3914233],[-71.462272,-16.3916511],[-71.4623836,-16.3918601],[-71.4623857,-16.3920284],[-71.462217,-16.3924721],[-71.4622207,-16.3927665],[-71.4622297,-16.3934815],[-71.4623027,-16.3940907],[-71.4620702,-16.3946613],[-71.4617272,-16.395107],[-71.4613799,-16.3952163],[-71.4610314,-16.3952204],[-71.4607468,-16.3951185],[-71.4601727,-16.3945153],[-71.4599217,-16.3936137],[-71.4601405,-16.3919495],[-71.4605186,-16.3908303],[-71.4604047,-16.390432],[-71.4602931,-16.3902229],[-71.4600527,-16.3901626],[-71.4598131,-16.3901654],[-71.4594897,-16.3904427],[-71.4595016,-16.3913891],[-71.4593767,-16.3918533],[-71.4591588,-16.3918558],[-71.4589129,-16.3913539],[-71.4584575,-16.3915275],[-71.4583541,-16.3919704],[-71.457832,-16.3920396],[-71.4570695,-16.3920485],[-71.4569624,-16.392197],[-71.4569682,-16.3926597],[-71.4571473,-16.3930362],[-71.4570869,-16.3934366],[-71.4569127,-16.3934386],[-71.4566932,-16.393315],[-71.4563412,-16.3930456],[-71.4559926,-16.3930497],[-71.4559281,-16.3931136],[-71.4560609,-16.3932803],[-71.4559336,-16.3935552],[-71.4553018,-16.3935626],[-71.4544514,-16.3935094],[-71.4533348,-16.3930807],[-71.4524788,-16.3925859],[-71.451774,-16.3919842],[-71.4513588,-16.3918838],[-71.4511438,-16.3921177],[-71.4511457,-16.3922649],[-71.4513677,-16.3925989],[-71.4516095,-16.3927643],[-71.4517875,-16.3930567],[-71.4517972,-16.3938349],[-71.4521893,-16.3938303],[-71.4526713,-16.394035],[-71.4542265,-16.39469],[-71.4556762,-16.3956196],[-71.4559705,-16.3964995],[-71.4567402,-16.3970585],[-71.4571006,-16.3980008],[-71.4585488,-16.3988042],[-71.4591266,-16.3997019],[-71.459201,-16.4004162],[-71.4595615,-16.4013585],[-71.4599177,-16.4019643],[-71.4567009,-16.4060825],[-71.456178,-16.4060886],[-71.4549151,-16.4061665],[-71.454676,-16.4062114],[-71.4546346,-16.4063801],[-71.4546417,-16.406948],[-71.4547548,-16.4072832],[-71.4547583,-16.4075566],[-71.4546971,-16.4078938],[-71.4545937,-16.4083368],[-71.4543181,-16.40895],[-71.45443,-16.40918],[-71.4544988,-16.4094527],[-71.4549605,-16.4097838],[-71.4554207,-16.4099888],[-71.4555992,-16.4103232],[-71.4556035,-16.4106597],[-71.4554974,-16.4108923],[-71.4550704,-16.4115915],[-71.4543753,-16.4117679],[-71.4539881,-16.412172],[-71.4539944,-16.4126768],[-71.4541052,-16.4128227],[-71.4546956,-16.4129841],[-71.4550463,-16.4131483],[-71.4553774,-16.4134809],[-71.4555123,-16.4138159],[-71.4553866,-16.414217],[-71.4551068,-16.4144937],[-71.4550717,-16.4151672],[-71.454952,-16.4160521],[-71.4540433,-16.4165675],[-71.4541578,-16.4170079],[-71.454509,-16.4172141],[-71.455034,-16.4173762],[-71.4551031,-16.4176699],[-71.4552142,-16.4178369],[-71.4556709,-16.4177684],[-71.4558444,-16.4177033],[-71.4559064,-16.4174291],[-71.4561229,-16.4173214],[-71.4567112,-16.4173146],[-71.4582152,-16.417339],[-71.4591993,-16.417622],[-71.4594818,-16.4175555],[-71.4601086,-16.4171486],[-71.4612634,-16.417135],[-71.4616577,-16.4172987],[-71.4621387,-16.4174192],[-71.4623592,-16.417627],[-71.4624267,-16.4177945],[-71.4624317,-16.418194],[-71.4628342,-16.4190096],[-71.4630776,-16.4193013],[-71.4631964,-16.4200781],[-71.4625278,-16.4206329],[-71.462118,-16.4209742],[-71.4617702,-16.4210414],[-71.4615943,-16.4209172],[-71.4613034,-16.4203107],[-71.4608458,-16.420316],[-71.4606744,-16.4205494],[-71.4605485,-16.4209295],[-71.4604432,-16.4212252],[-71.4598127,-16.4213378],[-71.4596413,-16.4215712],[-71.4601015,-16.4217761],[-71.4608016,-16.4219993],[-71.4610426,-16.4221016],[-71.4615002,-16.4220962],[-71.4618932,-16.4221547],[-71.4625474,-16.4221891],[-71.4629417,-16.4223528],[-71.4632946,-16.4226852],[-71.4632356,-16.4231907],[-71.4634133,-16.423462],[-71.4635911,-16.4237334],[-71.4638765,-16.4238983],[-71.4641852,-16.4241892],[-71.4642982,-16.4245033],[-71.464372,-16.4251756],[-71.4642303,-16.4277644],[-71.4645098,-16.4291914],[-71.4644176,-16.4305176],[-71.4639036,-16.4312388],[-71.4622186,-16.4324155],[-71.459803,-16.434421],[-71.461028,-16.4347852],[-71.4615133,-16.4352423],[-71.4622068,-16.4366644],[-71.4625589,-16.4369338],[-71.4634387,-16.4375755],[-71.4637948,-16.4381602],[-71.4639976,-16.4386837],[-71.4639463,-16.4397991],[-71.4628615,-16.4401904],[-71.462393,-16.4410583],[-71.4620074,-16.4415887],[-71.4616685,-16.4423709],[-71.4618043,-16.442769],[-71.4623456,-16.4424892],[-71.4626239,-16.4420863],[-71.4631421,-16.4417016],[-71.4636215,-16.441696],[-71.4642332,-16.441815],[-71.4640594,-16.4435839],[-71.4635311,-16.4448942],[-71.4634094,-16.4456107],[-71.4634774,-16.4458203],[-71.4638906,-16.4457523],[-71.4660592,-16.4535093],[-71.4661721,-16.4538235],[-71.4656084,-16.4540615],[-71.4648478,-16.4542387],[-71.4636992,-16.4547571],[-71.4620254,-16.4551133],[-71.4603073,-16.4554069],[-71.4600731,-16.4558514],[-71.4602081,-16.4561863],[-71.4604268,-16.4562469],[-71.4616485,-16.4563377],[-71.461893,-16.4567134],[-71.4630382,-16.4576465],[-71.4630053,-16.4584882],[-71.4627275,-16.4589332],[-71.4621447,-16.4593817],[-71.461522,-16.4601252],[-71.4610109,-16.4610778],[-71.4609083,-16.4615838],[-71.4602803,-16.4619067],[-71.4599316,-16.4619108],[-71.4594705,-16.4616428],[-71.4587641,-16.4609359],[-71.4571506,-16.4608917],[-71.4569813,-16.4612934],[-71.4572026,-16.4615642],[-71.4571617,-16.461775],[-71.4562373,-16.4627955],[-71.4560278,-16.463471],[-71.4565586,-16.4640748],[-71.4567393,-16.4645775],[-71.4565017,-16.4647486],[-71.4554527,-16.4645295],[-71.4547019,-16.46376],[-71.4536283,-16.4650557],[-71.4522555,-16.4668176],[-71.4515134,-16.4667421],[-71.4512538,-16.4668924],[-71.4512686,-16.4680702],[-71.45099,-16.468452],[-71.4505786,-16.4686672],[-71.4488978,-16.4684765],[-71.4485483,-16.4684175],[-71.4482894,-16.4686309],[-71.4486856,-16.4689417],[-71.4489724,-16.4692118],[-71.4491169,-16.4703039],[-71.4494698,-16.4706363],[-71.4484787,-16.4715524],[-71.4479045,-16.4726949],[-71.4479261,-16.4744195],[-71.4489409,-16.4753752],[-71.4502268,-16.4753601],[-71.4511493,-16.4759172],[-71.4512582,-16.4776407],[-71.4499212,-16.4787922],[-71.4496075,-16.4798476],[-71.4486888,-16.4813307],[-71.4478593,-16.4829811],[-71.4483156,-16.4845954],[-71.4479793,-16.4855879],[-71.4479054,-16.4866405],[-71.4479167,-16.4875448],[-71.4475148,-16.4885171],[-71.4475312,-16.489821],[-71.447282,-16.4908125],[-71.4468782,-16.4916375],[-71.4466349,-16.4930917],[-71.4467324,-16.4939109],[-71.4466626,-16.4953],[-71.4477793,-16.4956866],[-71.4489678,-16.4965771],[-71.4492232,-16.4960903],[-71.4494176,-16.4959408],[-71.4497645,-16.4957895],[-71.4499583,-16.4955979],[-71.4498033,-16.4954104],[-71.4498663,-16.4952204],[-71.4501898,-16.4949432],[-71.4500343,-16.4947136],[-71.4498993,-16.4943787],[-71.4500965,-16.4944605],[-71.4507728,-16.4944946],[-71.451011,-16.4943656],[-71.4511588,-16.4939853],[-71.4514331,-16.4932669],[-71.4511644,-16.4927021],[-71.4511775,-16.4920079],[-71.4514508,-16.4912054],[-71.4520489,-16.4902308],[-71.4523083,-16.4900595],[-71.4525484,-16.4900777],[-71.4528349,-16.4903267],[-71.4531416,-16.4904494],[-71.4535074,-16.4900665],[-71.4536651,-16.4887395],[-71.4541048,-16.487304],[-71.4549224,-16.486453],[-71.45597,-16.4865459],[-71.456845,-16.486788],[-71.4579406,-16.4872379],[-71.4585209,-16.4883038],[-71.4592886,-16.4886734],[-71.4595631,-16.4897008],[-71.4593117,-16.4905031],[-71.4590775,-16.4909475],[-71.459174,-16.4916826],[-71.4592043,-16.4923553],[-71.4591062,-16.4932189],[-71.458939,-16.4937887],[-71.4596346,-16.4936333],[-71.4603949,-16.493414],[-71.4611785,-16.4933207],[-71.4619831,-16.493164],[-71.4628106,-16.4930911],[-71.4634613,-16.492831],[-71.4644206,-16.4928408],[-71.4651027,-16.4933375],[-71.4654393,-16.4940908],[-71.4656612,-16.4944037],[-71.465627,-16.4951403],[-71.465153,-16.4955875],[-71.4643707,-16.4957861],[-71.4637391,-16.4958356],[-71.4635376,-16.4954173],[-71.4631642,-16.4951903],[-71.4624664,-16.4951775],[-71.4621402,-16.4952445],[-71.4616628,-16.4954183],[-71.4613601,-16.4956112],[-71.4616697,-16.4959651],[-71.4617801,-16.496069],[-71.461606,-16.4960921],[-71.4616533,-16.496386],[-71.461746,-16.4968266],[-71.4616201,-16.4972067],[-71.4615135,-16.4973973],[-71.4612756,-16.4975473],[-71.4609954,-16.497803],[-71.4598712,-16.4985524],[-71.4609919,-16.4992544],[-71.4631353,-16.4997971],[-71.4654934,-16.5000848],[-71.4672378,-16.5001062],[-71.4687771,-16.499436],[-71.4700373,-16.4991056],[-71.4706003,-16.4988045],[-71.4715979,-16.4983931],[-71.472339,-16.4983843],[-71.472972,-16.4984399],[-71.4735772,-16.4980331],[-71.4743159,-16.497835],[-71.4755142,-16.4977788],[-71.4758933,-16.4984474],[-71.4762539,-16.4993686],[-71.4772663,-16.5035423],[-71.4812263,-16.5063558],[-71.4860289,-16.5051419],[-71.4870168,-16.505677],[-71.4866131,-16.5065021],[-71.4867743,-16.5071733],[-71.4874998,-16.5076484],[-71.4875881,-16.5077315],[-71.4883866,-16.5087947],[-71.4890771,-16.5099433],[-71.4896802,-16.5110719],[-71.4897809,-16.5121224],[-71.4893301,-16.5126746],[-71.4892518,-16.5133696],[-71.4888855,-16.5137105],[-71.4877539,-16.5138713],[-71.4868007,-16.5143454],[-71.486432,-16.514497],[-71.4858466,-16.5147563],[-71.4856572,-16.5152844],[-71.4855535,-16.5157063],[-71.4856254,-16.5162103],[-71.4859136,-16.5165855],[-71.4855221,-16.5166532],[-71.484979,-16.5168069],[-71.4845247,-16.5170858],[-71.4842028,-16.5174892],[-71.4839458,-16.5178499],[-71.4835773,-16.5180225],[-71.4832748,-16.5182364],[-71.4830385,-16.5185127],[-71.4828259,-16.5189359],[-71.4825856,-16.5188967],[-71.4823442,-16.5187733],[-71.482085,-16.5189657],[-71.4817831,-16.5192217],[-71.4814805,-16.5194356],[-71.4811589,-16.5198601],[-71.4809224,-16.5201154],[-71.4809686,-16.5203251],[-71.4812563,-16.5206583],[-71.4812781,-16.520658],[-71.481477,-16.520866],[-71.4814991,-16.5208867],[-71.4814366,-16.5211188],[-71.4812865,-16.5213099],[-71.4810932,-16.5215436],[-71.4807038,-16.5217796],[-71.4803781,-16.5218886],[-71.4799655,-16.5220197],[-71.4795966,-16.5221503],[-71.4793363,-16.5222586],[-71.4791869,-16.5225128],[-71.4792122,-16.5227859],[-71.4792824,-16.5231637],[-71.4790897,-16.5234394],[-71.4787189,-16.5234228],[-71.4783892,-16.5232163],[-71.478038,-16.5230312],[-71.4776437,-16.5228887],[-71.4772726,-16.522851],[-71.4768578,-16.5228138],[-71.476618,-16.5228167],[-71.476354,-16.5226305],[-71.4771531,-16.5220321],[-71.4772154,-16.5200752],[-71.4760535,-16.5195842]]}},{"type":"Feature","properties":{"nivel":"Tercer nivel","ancho":3.6,"color":["#000000"]},"geometry":{"type":"LineString","coordinates":[[-71.5472972,-16.3972843],[-71.5421013,-16.3998501]]}},{"type":"Feature","properties":{"nivel":"Tercer nivel","ancho":3.6,"color":["#000000"]},"geometry":{"type":"LineString","coordinates":[[-71.5475252,-16.3896887],[-71.538547,-16.3929102]]}},{"type":"Feature","properties":{"nivel":"Tercer nivel","ancho":3.6,"color":["#000000"]},"geometry":{"type":"LineString","coordinates":[[-71.5166452,-16.4027016],[-71.5062949,-16.4094719]]}},{"type":"Feature","properties":{"nivel":"Tercer nivel","ancho":3.6,"color":["#000000"]},"geometry":{"type":"LineString","coordinates":[[-71.5081382,-16.4596983],[-71.5096819,-16.4746344]]}},{"type":"Feature","properties":{"nivel":"Segundo nivel","ancho":5.04,"color":["#000000"]},"geometry":{"type":"LineString","coordinates":[[-71.5174881,-16.4021657],[-71.5166452,-16.4027016]]}},{"type":"Feature","properties":{"nivel":"Cuarto nivel","ancho":1.92,"color":["#000000"]},"geometry":{"type":"LineString","coordinates":[[-71.5267813,-16.3895184],[-71.5139384,-16.3802495]]}},{"type":"Feature","properties":{"nivel":"Tercer nivel","ancho":3.6,"color":["#000000"]},"geometry":{"type":"LineString","coordinates":[[-71.4971333,-16.4155335],[-71.5062949,-16.4094719]]}},{"type":"Feature","properties":{"nivel":"Quinto nivel","ancho":0.96,"color":["#000000"]},"geometry":{"type":"LineString","coordinates":[[-71.5215283,-16.3944191],[-71.5117494,-16.3828417]]}},{"type":"Feature","properties":{"nivel":"Quinto nivel","ancho":0.96,"color":["#000000"]},"geometry":{"type":"LineString","coordinates":[[-71.5112637,-16.3823427],[-71.5093171,-16.3800522]]}},{"type":"Feature","properties":{"nivel":"Quinto nivel","ancho":0.96,"color":["#000000"]},"geometry":{"type":"LineString","coordinates":[[-71.5060857,-16.3999463],[-71.5154606,-16.4054711]]}},{"type":"Feature","properties":{"nivel":"Quinto nivel","ancho":0.96,"color":["#000000"]},"geometry":{"type":"LineString","coordinates":[[-71.5339116,-16.4269764],[-71.531144,-16.4269677]]}},{"type":"Feature","properties":{"nivel":"Quinto nivel","ancho":0.96,"color":["#000000"]},"geometry":{"type":"LineString","coordinates":[[-71.5311448,-16.4303961],[-71.5311467,-16.4254954]]}},{"type":"Feature","properties":{"nivel":"Quinto nivel","ancho":0.96,"color":["#000000"]},"geometry":{"type":"LineString","coordinates":[[-71.5315996,-16.4200844],[-71.526524,-16.4185261]]}},{"type":"Feature","properties":{"nivel":"Quinto nivel","ancho":0.96,"color":["#000000"]},"geometry":{"type":"LineString","coordinates":[[-71.5320209,-16.4189646],[-71.5269233,-16.4173855]]}},{"type":"Feature","properties":{"nivel":"Quinto nivel","ancho":0.96,"color":["#000000"]},"geometry":{"type":"LineString","coordinates":[[-71.5501433,-16.4217319],[-71.5477794,-16.4192577]]}},{"type":"Feature","properties":{"nivel":"Quinto nivel","ancho":0.96,"color":["#000000"]},"geometry":{"type":"LineString","coordinates":[[-71.5480336,-16.4237135],[-71.545582,-16.4211983]]}},{"type":"Feature","properties":{"nivel":"Quinto nivel","ancho":0.96,"color":["#000000"]},"geometry":{"type":"LineString","coordinates":[[-71.5257675,-16.4358664],[-71.5250086,-16.4378526]]}},{"type":"Feature","properties":{"nivel":"Quinto nivel","ancho":0.96,"color":["#000000"]},"geometry":{"type":"LineString","coordinates":[[-71.5405291,-16.3424072],[-71.5453566,-16.341781]]}},{"type":"Feature","properties":{"nivel":"Quinto nivel","ancho":0.96,"color":["#000000"]},"geometry":{"type":"LineString","coordinates":[[-71.5406728,-16.343415],[-71.5461317,-16.3427602]]}},{"type":"Feature","properties":{"nivel":"Quinto nivel","ancho":0.96,"color":["#000000"]},"geometry":{"type":"LineString","coordinates":[[-71.5322782,-16.395068],[-71.5365729,-16.4053434]]}},{"type":"Feature","properties":{"nivel":"Quinto nivel","ancho":0.96,"color":["#000000"]},"geometry":{"type":"LineString","coordinates":[[-71.5400431,-16.4057852],[-71.5379875,-16.4001733]]}},{"type":"Feature","properties":{"nivel":"Quinto nivel","ancho":0.96,"color":["#000000"]},"geometry":{"type":"LineString","coordinates":[[-71.5574102,-16.3524459],[-71.5569994,-16.3526823]]}},{"type":"Feature","properties":{"nivel":"Quinto nivel","ancho":0.96,"color":["#000000"]},"geometry":{"type":"LineString","coordinates":[[-71.4912747,-16.4755485],[-71.4916374,-16.4766379]]}},{"type":"Feature","properties":{"nivel":"Ferrocarril","ancho":0.72,"color":["#000000"]},"geometry":{"type":"LineString","coordinates":[[-71.5536957,-16.4217728],[-71.5552447,-16.4235838]]}}]}